latitude,longitude,elevation,timestamp,distance,distance_cumulative
-8.05172352,-34.94857728,,2021-05-05 22:05:07+00:00,0.0,0.0
-8.05172352,-34.94857728,,2021-05-05 22:05:08+00:00,0.0,0.0
-8.05172352,-34.94857728,,2021-05-05 22:05:09+00:00,0.0,0.0
-8.05172352,-34.94857728,,2021-05-05 22:05:10+00:00,0.0,0.0
-8.05172352,-34.94857728,,2021-05-05 22:05:11+00:00,0.0,0.0
-8.05172352,-34.94857728,,2021-05-05 22:05:12+00:00,0.0,0.0
-8.05172224,-34.94857728,,2021-05-05 22:05:13+00:00,0.14156296053530001,0.14156296053530001
-8.05172224,-34.94857728,,2021-05-05 22:05:14+00:00,0.0,0.14156296053530001
-8.0517216,-34.94857728,,2021-05-05 22:05:15+00:00,0.07078148026626926,0.21234444080156928
-8.05171712,-34.94859264,,2021-05-05 22:05:16+00:00,1.7641302532447827,1.976474694046352
-8.05171392,-34.94860544,-9.800000190734863,2021-05-05 22:05:17+00:00,1.4546442317332176,3.4311189257795696
-8.05171136,-34.94861568,-9.800000190734863,2021-05-05 22:05:18+00:00,1.163715393307672,4.594834319087242
-8.05171008,-34.94862848,-9.800000190734863,2021-05-05 22:05:19+00:00,1.418019574895133,6.012853893982374
-8.05171136,-34.94863616,-9.800000190734863,2021-05-05 22:05:20+00:00,0.8583159503622063,6.87116984434458
-8.05171136,-34.94864384,-9.800000190734863,2021-05-05 22:05:21+00:00,0.8465613955274489,7.717731239872029
-8.05171136,-34.94865408,-9.800000190734863,2021-05-05 22:05:22+00:00,1.1287485263256298,8.846479766197659
-8.05171008,-34.94866176,-9.800000190734863,2021-05-05 22:05:23+00:00,0.8583159514209173,9.704795717618577
-8.05170752,-34.948672,-9.800000190734863,2021-05-05 22:05:24+00:00,1.1637154034692005,10.868511121087778
-8.05169472,-34.94872576,-8.25,2021-05-05 22:05:29+00:00,6.092672035189277,16.961183156277055
-8.0516768,-34.94878464,-6.889999866485596,2021-05-05 22:05:34+00:00,6.786155446213077,23.74733860249013
-8.05167488,-34.94884608,-4.610000133514404,2021-05-05 22:05:39+00:00,6.775819853712009,30.52315845620214
-8.05166528,-34.9488896,-1.159999966621399,2021-05-05 22:05:43+00:00,4.9132684162540015,35.43642687245614
-8.0516512,-34.94895104,1.7400000095367432,2021-05-05 22:05:48+00:00,6.949208381905872,42.38563525436201
-8.05164736,-34.94900992,3.0999999046325684,2021-05-05 22:05:53+00:00,6.504184797355301,48.88982005171731
-8.05163776,-34.94906624,4.380000114440918,2021-05-05 22:05:57+00:00,6.298252333130051,55.18807238484736
-8.0516288,-34.94912,5.829999923706055,2021-05-05 22:06:01+00:00,6.008212760493996,61.196285145341356
-8.05162112,-34.94919168,7.199999809265137,2021-05-05 22:06:07+00:00,7.946763974166759,69.14304911950812
-8.05161088,-34.94924544,7.199999809265137,2021-05-05 22:06:11+00:00,6.033176991539107,75.17622611104723
-8.05160256,-34.9492992,7.199999809265137,2021-05-05 22:06:15+00:00,5.996945442501736,81.17317155354897
-8.05159936,-34.94934784,7.199999809265137,2021-05-05 22:06:19+00:00,5.37322467693088,86.54639623047984
-8.05159744,-34.94940928,8.5600004196167,2021-05-05 22:06:24+00:00,6.7758211385642655,93.32221736904411
-8.051584,-34.94947072,9.829999923706055,2021-05-05 22:06:29+00:00,6.933691770628978,100.2559091396731
-8.0515712,-34.94952448,11.010000228881836,2021-05-05 22:06:33+00:00,6.092673779698706,106.3485829193718
-8.05156544,-34.94957824,11.010000228881836,2021-05-05 22:06:37+00:00,5.960073798454918,112.30865671782671
-8.05155968,-34.949632,13.649999618530273,2021-05-05 22:06:41+00:00,5.960073882240177,118.26873060006689
-8.05154624,-34.94968832,14.829999923706055,2021-05-05 22:06:45+00:00,6.383585452585843,124.65231605265274
-8.05153728,-34.94974464,16.010000228881836,2021-05-05 22:06:50+00:00,6.286709074128966,130.9390251267817
-8.05152896,-34.94980608,17.290000915527344,2021-05-05 22:06:55+00:00,6.834717963909044,137.77374309069074
-8.05152128,-34.94986752,17.290000915527344,2021-05-05 22:06:59+00:00,6.825549135980642,144.5992922266714
-8.05152064,-34.94991616,18.559999465942383,2021-05-05 22:07:03+00:00,5.362025202644309,149.9613174293157
-8.0515136,-34.94998272,19.739999771118164,2021-05-05 22:07:08+00:00,7.378065986454589,157.3393834157703
-8.05150336,-34.95003904,19.739999771118164,2021-05-05 22:07:12+00:00,6.310571950418601,163.6499553661889
-8.05148992,-34.95009536,21.010000228881836,2021-05-05 22:07:16+00:00,6.383586285941073,170.03354165212997
-8.05148416,-34.95014656,21.010000228881836,2021-05-05 22:07:20+00:00,5.679584264767683,175.71312591689764
-8.0514848,-34.95020288,21.010000228881836,2021-05-05 22:07:25+00:00,6.208523844711877,181.9216497616095
-8.05147008,-34.95026688,22.200000762939453,2021-05-05 22:07:30+00:00,7.2400857983982805,189.16173556000777
-8.05146688,-34.95032064,22.200000762939453,2021-05-05 22:07:34+00:00,5.9364918835530265,195.0982274435608
-8.05144768,-34.95038208,22.200000762939453,2021-05-05 22:07:39+00:00,7.0975847818923805,202.19581222545318
-8.05142592,-34.95043584,23.3799991607666,2021-05-05 22:07:43+00:00,6.395957432148002,208.5917696576012
-8.05140992,-34.9504896,23.3799991607666,2021-05-05 22:07:47+00:00,6.1844931296602255,214.77626278726143
-8.05138304,-34.95054592,23.3799991607666,2021-05-05 22:07:52+00:00,6.883200297206138,221.65946308446757
-8.05132864,-34.95058432,23.3799991607666,2021-05-05 22:07:57+00:00,7.356226240828103,229.01568932529568
-8.05127168,-34.95060224,23.3799991607666,2021-05-05 22:08:01+00:00,6.601985131163,235.61767445645867
-8.05121792,-34.95060224,23.3799991607666,2021-05-05 22:08:05+00:00,5.945644202365885,241.56331865882456
-8.05116736,-34.950592,23.3799991607666,2021-05-05 22:08:09+00:00,5.704524245125995,247.26784290395057
-8.05111232,-34.95058176,23.3799991607666,2021-05-05 22:08:13+00:00,6.190974675583204,253.45881757953376
-8.05105984,-34.95057408,16.59000015258789,2021-05-05 22:08:17+00:00,5.865494606188738,259.3243121857225
-8.05100352,-34.9505664,16.59000015258789,2021-05-05 22:08:21+00:00,6.286035710303107,265.6103478960256
-8.05094784,-34.95056128,17.770000457763672,2021-05-05 22:08:25+00:00,6.183796773448699,271.7941446694743
-8.05089472,-34.95056128,17.770000457763672,2021-05-05 22:08:29+00:00,5.874862631149459,277.6690073006238
-8.05083776,-34.95057408,17.770000457763672,2021-05-05 22:08:33+00:00,6.45562518504926,284.12463248567303
-8.050784,-34.95058432,17.770000457763672,2021-05-05 22:08:37+00:00,6.0518395841877295,290.1764720698608
-8.05072704,-34.95058944,17.770000457763672,2021-05-05 22:08:41+00:00,6.324782068768846,296.50125413862963
-8.05066752,-34.95058944,17.770000457763672,2021-05-05 22:08:45+00:00,6.582677334922186,303.08393147355184
-8.05061248,-34.95058432,17.770000457763672,2021-05-05 22:08:49+00:00,6.113314061090375,309.1972455346422
-8.05055808,-34.95057664,17.770000457763672,2021-05-05 22:08:53+00:00,6.075693030944462,315.2729385655867
-8.05050368,-34.9505664,16.399999618530273,2021-05-05 22:08:57+00:00,6.121393311547594,321.3943318771343
-8.05044544,-34.95056896,16.399999618530273,2021-05-05 22:09:01+00:00,6.447292736562455,327.84162461369675
-8.05038464,-34.9505664,16.399999618530273,2021-05-05 22:09:05+00:00,6.730158712482099,334.57178332617883
-8.05032896,-34.95055872,16.399999618530273,2021-05-05 22:09:09+00:00,6.21590634978367,340.7876896759625
-8.05027264,-34.95054592,16.399999618530273,2021-05-05 22:09:13+00:00,6.386573949466044,347.1742636254285
-8.05021312,-34.95053568,16.399999618530273,2021-05-05 22:09:17+00:00,6.678751484336588,353.8530151097651
-8.05016128,-34.950528,16.399999618530273,2021-05-05 22:09:21+00:00,5.79546325936531,359.64847836913043
-8.05009152,-34.9505152,16.399999618530273,2021-05-05 22:09:26+00:00,7.843135143650088,367.49161351278053
-8.05003264,-34.95051264,16.399999618530273,2021-05-05 22:09:30+00:00,6.518007000968982,374.0096205137495
-8.04998016,-34.95052032,16.399999618530273,2021-05-05 22:09:34+00:00,5.865494628143699,379.8751151418932
-8.04992192,-34.95052288,16.399999618530273,2021-05-05 22:09:38+00:00,6.4472925885314,386.32240773042463
-8.04986944,-34.95052288,16.399999618530273,2021-05-05 22:09:42+00:00,5.804080864431131,392.12648859485574
-8.04981632,-34.95052032,16.399999618530273,2021-05-05 22:09:46+00:00,5.881635625072753,398.0081242199285
-8.04975488,-34.9505152,16.399999618530273,2021-05-05 22:09:50+00:00,6.818419025856691,404.8265432457852
-8.04970432,-34.95049728,16.399999618530273,2021-05-05 22:09:54+00:00,5.930379680323778,410.756922926109
-8.04963904,-34.9504896,16.399999618530273,2021-05-05 22:09:59+00:00,7.269173933787307,418.0260968598963
-8.04957888,-34.95048448,16.399999618530273,2021-05-05 22:10:03+00:00,6.677352099533623,424.7034489594299
-8.0495136,-34.95046912,15.220000267028809,2021-05-05 22:10:08+00:00,7.415585675083396,432.1190346345133
-8.04945024,-34.95045376,15.220000267028809,2021-05-05 22:10:13+00:00,7.209013199675543,439.32804783418885
-8.04940224,-34.95044352,15.220000267028809,2021-05-05 22:10:16+00:00,5.427285893480613,444.75533372766944
-8.04934976,-34.95043584,17.3799991607666,2021-05-05 22:10:20+00:00,5.865494640930432,450.62082836859986
-8.0492896,-34.95043584,17.3799991607666,2021-05-05 22:10:24+00:00,6.653458365719294,457.27428673431916
-8.0492352,-34.95042816,17.3799991607666,2021-05-05 22:10:28+00:00,6.075693030582988,463.3499797649022
-8.0491808,-34.95041536,17.3799991607666,2021-05-05 22:10:32+00:00,6.179654899902409,469.5296346648046
-8.04912448,-34.95040768,17.3799991607666,2021-05-05 22:10:36+00:00,6.286035671721612,475.8156703365262
-8.04906944,-34.95040256,17.3799991607666,2021-05-05 22:10:40+00:00,6.1133138034421135,481.9289841399683
-8.04901504,-34.95039744,17.3799991607666,2021-05-05 22:10:44+00:00,6.04283813312422,487.9718222730925
-8.04896064,-34.95039488,16.200000762939453,2021-05-05 22:10:48+00:00,6.023039155895709,493.99486142898826
-8.0489152,-34.95039488,16.200000762939453,2021-05-05 22:10:52+00:00,5.025484416986112,499.02034584597436
-8.04884736,-34.95039744,16.200000762939453,2021-05-05 22:10:57+00:00,7.508140699780162,506.5284865457545
-8.04879744,-34.9504128,16.200000762939453,2021-05-05 22:11:01+00:00,5.774742071341146,512.3032286170957
-8.04875456,-34.95044608,15.020000457763672,2021-05-05 22:11:05+00:00,5.9956281090375505,518.2988567261332
-8.04871296,-34.95048448,15.020000457763672,2021-05-05 22:11:09+00:00,6.251738655941216,524.5505953820744
-8.04867648,-34.9505152,15.020000457763672,2021-05-05 22:11:13+00:00,5.26729269180934,529.8178880738838
-8.0486432,-34.95056896,15.020000457763672,2021-05-05 22:11:19+00:00,6.9759768961773245,536.7938649700611
-8.04862016,-34.9506304,15.020000457763672,2021-05-05 22:11:24+00:00,7.23604247044639,544.0299074405075
-8.04861248,-34.95068672,13.84000015258789,2021-05-05 22:11:29+00:00,6.265998948940722,550.2959063894482
-8.04860224,-34.95074048,13.84000015258789,2021-05-05 22:11:33+00:00,6.033219904333841,556.329126293782
-8.04859456,-34.95079424,13.84000015258789,2021-05-05 22:11:38+00:00,5.986536738601135,562.3156630323831
-8.0485696,-34.9508352,13.84000015258789,2021-05-05 22:11:43+00:00,5.2920430491184645,567.6077060815015
-8.04852416,-34.95088128,12.109999656677246,2021-05-05 22:11:48+00:00,7.145339469572339,574.7530455510739
-8.04849792,-34.95093248,10.84000015258789,2021-05-05 22:11:52+00:00,6.346193222498085,581.099238773572
-8.04848192,-34.9509888,9.65999984741211,2021-05-05 22:11:57+00:00,6.455430627176119,587.5546694007481
-8.0484704,-34.95105792,11.199999809265137,2021-05-05 22:12:02+00:00,7.7249031230628695,595.279572523811
-8.04846656,-34.95111424,11.199999809265137,2021-05-05 22:12:06+00:00,6.222675390446098,601.502247914257
-8.04846784,-34.95117312,11.199999809265137,2021-05-05 22:12:10+00:00,6.4918993143057655,607.9941472285628
-8.04846976,-34.95122944,11.199999809265137,2021-05-05 22:12:14+00:00,6.211796720051647,614.2059439486145
-8.04846848,-34.95127808,11.199999809265137,2021-05-05 22:12:18+00:00,5.3634666581055725,619.5694106067201
-8.0484736,-34.95133952,11.199999809265137,2021-05-05 22:12:23+00:00,6.796175873409232,626.3655864801293
-8.04850176,-34.95138816,11.199999809265137,2021-05-05 22:12:27+00:00,6.200493819539914,632.5660802996692
-8.04852416,-34.95144192,11.199999809265137,2021-05-05 22:12:31+00:00,6.422963843207964,638.9890441428772
-8.048528,-34.95150336,11.199999809265137,2021-05-05 22:12:35+00:00,6.78584656974293,645.7748907126202
-8.0485248,-34.95155712,11.199999809265137,2021-05-05 22:12:39+00:00,5.936534558677184,651.7114252712973
-8.04852288,-34.95161088,11.199999809265137,2021-05-05 22:12:43+00:00,5.929779316128026,657.6412045874254
-8.04852224,-34.9516672,11.199999809265137,2021-05-05 22:12:47+00:00,6.208568934193217,663.8497735216185
-8.04852096,-34.95172608,11.199999809265137,2021-05-05 22:12:51+00:00,6.4918984478498425,670.3416719694684
-8.04852416,-34.95177728,11.199999809265137,2021-05-05 22:12:55+00:00,5.654872190711236,675.9965441601796
-8.04852224,-34.95183616,9.75,2021-05-05 22:12:59+00:00,6.4938274708417785,682.4903716310214
-8.04851456,-34.95189248,9.75,2021-05-05 22:13:03+00:00,6.266000425036692,688.7563720560581
-8.04849728,-34.9519488,9.75,2021-05-05 22:13:07+00:00,6.495661880138355,695.2520339361964
-8.04847616,-34.95201024,9.75,2021-05-05 22:13:11+00:00,7.16402608664151,702.4160600228379
-8.04846208,-34.952064,9.75,2021-05-05 22:13:15+00:00,6.127156758208067,708.543216781046
-8.04845504,-34.95211776,9.75,2021-05-05 22:13:19+00:00,5.976906877293158,714.5201236583391
-8.04844864,-34.95217152,9.75,2021-05-05 22:13:23+00:00,5.9680990794651585,720.4882227378042
-8.04843456,-34.95223296,9.75,2021-05-05 22:13:28+00:00,6.9492603926910235,727.4374831304953
-8.0484288,-34.95228928,9.75,2021-05-05 22:13:32+00:00,6.240764912158431,733.6782480426536
-8.04842112,-34.9523456,9.75,2021-05-05 22:13:36+00:00,6.266001834184982,739.9442498768386
-8.04841152,-34.95239936,9.75,2021-05-05 22:13:40+00:00,6.02033759614607,745.9645874729847
-8.04840768,-34.95245824,9.75,2021-05-05 22:13:44+00:00,6.504236244867943,752.4688237178526
-8.04840448,-34.95250432,9.75,2021-05-05 22:13:47+00:00,5.091723844461447,757.560547562314
-8.04839616,-34.95256064,9.75,2021-05-05 22:13:51+00:00,6.275988691839018,763.8365362541531
-8.04838912,-34.9526144,9.75,2021-05-05 22:13:55+00:00,5.976907825841167,769.8134440799943
-8.04838656,-34.95266304,9.75,2021-05-05 22:13:59+00:00,5.3690694016612985,775.1825134816555
-8.04840448,-34.95272192,9.75,2021-05-05 22:14:04+00:00,6.786205438851587,781.9687189205071
-8.04843136,-34.95277056,9.75,2021-05-05 22:14:08+00:00,6.130612575712714,788.0993314962197
-8.04846208,-34.95281664,8.569999694824219,2021-05-05 22:14:12+00:00,6.110930683771619,794.2102621799913
-8.04850688,-34.9528576,8.569999694824219,2021-05-05 22:14:16+00:00,6.703325638936089,800.9135878189275
-8.04855424,-34.952896,8.569999694824219,2021-05-05 22:14:20+00:00,6.7343733307441696,807.6479611496716
-8.04860672,-34.95292928,8.569999694824219,2021-05-05 22:14:24+00:00,6.866218434627652,814.5141795842992
-8.04865728,-34.95295232,8.569999694824219,2021-05-05 22:14:28+00:00,6.141466093927355,820.6556456782265
-8.04870976,-34.95296512,7.380000114440918,2021-05-05 22:14:32+00:00,5.973116414934939,826.6287620931614
-8.04876352,-34.95297536,7.380000114440918,2021-05-05 22:14:36+00:00,6.051840066650732,832.6806021598121
-8.04881856,-34.95298048,7.380000114440918,2021-05-05 22:14:41+00:00,6.113313752322603,838.7939159121347
-8.0488736,-34.95298816,6.199999809265137,2021-05-05 22:14:45+00:00,6.145791944736831,844.9397078568716
-8.04892608,-34.9529984,6.199999809265137,2021-05-05 22:14:49+00:00,5.912820158402028,850.8525280152736
-8.04898432,-34.95301376,6.199999809265137,2021-05-05 22:14:54+00:00,6.659928751725674,857.5124567669993
-8.04905216,-34.95302656,6.199999809265137,2021-05-05 22:14:59+00:00,7.634350827934891,865.1468075949342
-8.04911488,-34.95302656,6.199999809265137,2021-05-05 22:15:03+00:00,6.936584173882159,872.0833917688163
-8.0491712,-34.95302144,6.199999809265137,2021-05-05 22:15:07+00:00,6.254285855190063,878.3376776240065
-8.04921984,-34.95302656,5.019999980926514,2021-05-05 22:15:11+00:00,5.40891659981063,883.746594223817
-8.04927808,-34.9530368,5.019999980926514,2021-05-05 22:15:16+00:00,6.53926886232359,890.2858630861407
-8.0493344,-34.9530496,5.019999980926514,2021-05-05 22:15:21+00:00,6.38657441612167,896.6724375022624
-8.04940032,-34.95306496,5.019999980926514,2021-05-05 22:15:26+00:00,7.484515078327761,904.1569525805901
-8.04945664,-34.95307264,5.019999980926514,2021-05-05 22:15:30+00:00,6.286035677405253,910.4429882579954
-8.0495072,-34.95307264,5.019999980926514,2021-05-05 22:15:34+00:00,5.59173633032108,916.0347245883164
-8.0495584,-34.95306752,3.8399999141693115,2021-05-05 22:15:38+00:00,5.690573761806856,921.7252983501232
-8.04961408,-34.95305984,3.8399999141693115,2021-05-05 22:15:42+00:00,6.215906339050737,927.941204689174
-8.04966656,-34.95305984,3.8399999141693115,2021-05-05 22:15:46+00:00,5.804080792247239,933.7452854814212
-8.04972864,-34.95307264,3.8399999141693115,2021-05-05 22:15:50+00:00,7.009280181712501,940.7545656631337
-8.04977984,-34.953088,3.8399999141693115,2021-05-05 22:15:54+00:00,5.910228507706744,946.6647941708404
-8.04984064,-34.95310592,3.8399999141693115,2021-05-05 22:15:59+00:00,7.008372794259007,953.6731669650994
-8.04990656,-34.95311616,3.8399999141693115,2021-05-05 22:16:04+00:00,7.377354237837372,961.0505212029368
-8.04996096,-34.95312128,3.8399999141693115,2021-05-05 22:16:08+00:00,6.042838277577556,967.0933594805143
-8.0500128,-34.95312384,2.6600000858306885,2021-05-05 22:16:12+00:00,5.740239754873617,972.833599235388
-8.05006976,-34.95312896,2.6600000858306885,2021-05-05 22:16:16+00:00,6.3247819392845575,979.1583811746725
-8.050128,-34.95312896,2.6600000858306885,2021-05-05 22:16:20+00:00,6.4411141937725285,985.599495368445
-8.05018432,-34.95313152,2.6600000858306885,2021-05-05 22:16:24+00:00,6.235158638295057,991.83465400674
-8.05025024,-34.9531392,2.6600000858306885,2021-05-05 22:16:28+00:00,7.339478459621853,999.1741324663619
-8.05032256,-34.95314688,2.6600000858306885,2021-05-05 22:16:33+00:00,8.042983364995955,1007.2171158313579
-8.05038336,-34.95315456,1.4800000190734863,2021-05-05 22:16:37+00:00,6.7773207764929495,1013.9944366078508
-8.05044672,-34.95316224,-7.059999942779541,2021-05-05 22:16:41+00:00,7.0583178156785085,1021.0527544235293
-8.05049408,-34.95316992,-10.510000228881836,2021-05-05 22:16:45+00:00,5.305801116784905,1026.3585555403142
-8.05056192,-34.95318272,-11.970000267028809,2021-05-05 22:16:50+00:00,7.634350403646817,1033.992905943961
-8.0506144,-34.9531904,-11.970000267028809,2021-05-05 22:16:54+00:00,5.865494616031131,1039.858400559992
-8.0506784,-34.95320576,-10.609999656677246,2021-05-05 22:16:59+00:00,7.277833054760979,1047.136233614753
-8.05072896,-34.95321344,-9.239999771118164,2021-05-05 22:17:03+00:00,5.655456536723677,1052.7916901514768
-8.0507936,-34.95322368,-7.880000114440918,2021-05-05 22:17:08+00:00,7.237490412091663,1060.0291805635684
-8.0508544,-34.9532288,-7.880000114440918,2021-05-05 22:17:12+00:00,6.747883201502916,1066.7770637650713
-8.05090816,-34.95323136,-6.510000228881836,2021-05-05 22:17:16+00:00,5.952336821361868,1072.729400586433
-8.05096832,-34.95323136,-5.329999923706055,2021-05-05 22:17:20+00:00,6.653458889044268,1079.3828594754773
-8.0510272,-34.95323648,-5.329999923706055,2021-05-05 22:17:24+00:00,6.536306933384593,1085.9191664088619
-8.05107584,-34.95323904,-3.9700000286102295,2021-05-05 22:17:28+00:00,5.386788616478718,1091.3059550253406
-8.05113856,-34.95325184,-3.9700000286102295,2021-05-05 22:17:33+00:00,7.078626618476669,1098.3845816438172
-8.05118912,-34.95325952,-5.610000133514404,2021-05-05 22:17:37+00:00,5.655456517314729,1104.0400381611319
-8.05124736,-34.95326976,-8.609999656677246,2021-05-05 22:17:42+00:00,6.539268528408581,1110.5793066895405
-8.05130688,-34.95327744,-9.970000267028809,2021-05-05 22:17:46+00:00,6.636890164502673,1117.2161968540431
-8.05136576,-34.95328512,-9.970000267028809,2021-05-05 22:17:50+00:00,6.56669306519981,1123.782889919243
-8.05141952,-34.9532928,-8.609999656677246,2021-05-05 22:17:54+00:00,6.005610110795096,1129.788500030038
-8.05147456,-34.9532928,-7.420000076293945,2021-05-05 22:17:58+00:00,6.087207219513203,1135.8757072495512
-8.05152704,-34.95329792,-7.420000076293945,2021-05-05 22:18:02+00:00,5.831455956751769,1141.707163206303
-8.05160448,-34.95330816,-9.239999771118164,2021-05-05 22:18:08+00:00,8.638619436582402,1150.3457826428853
-8.05166144,-34.95330816,-10.699999809265137,2021-05-05 22:18:12+00:00,6.299551714165732,1156.645334357051
-8.0517184,-34.95331584,-10.699999809265137,2021-05-05 22:18:16+00:00,6.356179535588674,1163.0015138926397
-8.051776,-34.95332352,-10.699999809265137,2021-05-05 22:18:20+00:00,6.426337333314338,1169.427851225954
-8.05183424,-34.9533312,-8.239999771118164,2021-05-05 22:18:24+00:00,6.4965086633048665,1175.924359889259
-8.05188288,-34.95334144,-6.880000114440918,2021-05-05 22:18:28+00:00,5.49653857937313,1181.4208984686322
-8.05194176,-34.95334144,-6.880000114440918,2021-05-05 22:18:32+00:00,6.511896242192351,1187.9327947108245
-8.05199936,-34.95334656,-6.880000114440918,2021-05-05 22:18:36+00:00,6.395284531672511,1194.328079242497
-8.05205056,-34.95335424,-10.0600004196167,2021-05-05 22:18:40+00:00,5.725450278110087,1200.053529520607
-8.05210752,-34.9533568,-10.0600004196167,2021-05-05 22:18:44+00:00,6.305868929192359,1206.3593984497995
-8.05216704,-34.95336192,-10.0600004196167,2021-05-05 22:18:48+00:00,6.606827120797966,1212.9662255705975
-8.05222976,-34.95337216,-10.0600004196167,2021-05-05 22:18:52+00:00,7.027822192009857,1219.9940477626074
-8.05228928,-34.95338752,-8.789999961853027,2021-05-05 22:18:56+00:00,6.796933466632552,1226.7909812292398
-8.05234496,-34.95338752,-7.329999923706055,2021-05-05 22:19:00+00:00,6.157988959039281,1232.9489701882792
-8.05240448,-34.95338496,-6.059999942779541,2021-05-05 22:19:04+00:00,6.58872349365821,1239.5376936819373
-8.05246144,-34.95338752,-4.880000114440918,2021-05-05 22:19:08+00:00,6.305869026766466,1245.8435627087038
-8.05251968,-34.9533952,-4.880000114440918,2021-05-05 22:19:12+00:00,6.496508690126847,1252.3400713988306
-8.0525792,-34.953408,-3.609999895095825,2021-05-05 22:19:16+00:00,6.73218983278841,1259.072261231619
-8.05263232,-34.95341056,-2.3299999237060547,2021-05-05 22:19:20+00:00,5.881636321410321,1264.9538975530293
-8.05269312,-34.95341568,-0.9700000286102295,2021-05-05 22:19:24+00:00,6.747883588378508,1271.7017811414078
-8.05274688,-34.95342336,0.28999999165534973,2021-05-05 22:19:28+00:00,6.005610102008284,1277.707391243416
-8.05281088,-34.9534336,0.28999999165534973,2021-05-05 22:19:33+00:00,7.167583355830738,1284.8749745992466
-8.05286784,-34.95344128,1.4800000190734863,2021-05-05 22:19:37+00:00,6.356179566657164,1291.2311541659037
-8.05291968,-34.9534464,2.6600000858306885,2021-05-05 22:19:41+00:00,5.761011017822467,1296.9921651837262
-8.0529792,-34.9534464,2.6600000858306885,2021-05-05 22:19:45+00:00,6.5826780549432184,1303.5748432386695
-8.05303168,-34.9534464,3.930000066757202,2021-05-05 22:19:49+00:00,5.804081742381034,1309.3789249810504
-8.05308736,-34.95344128,3.930000066757202,2021-05-05 22:19:53+00:00,6.183797131209248,1315.5627221122597
-8.05314816,-34.95344896,3.930000066757202,2021-05-05 22:19:57+00:00,6.777320956119561,1322.3400430683794
-8.05319424,-34.95345408,5.110000133514404,2021-05-05 22:20:00+00:00,5.127421644109526,1327.467464712489
-8.05325056,-34.95346176,5.110000133514404,2021-05-05 22:20:04+00:00,6.286035754922567,1333.7535004674114
-8.05331584,-34.95346432,5.110000133514404,2021-05-05 22:20:08+00:00,7.225224120043765,1340.9787245874552
-8.05337024,-34.953472,5.110000133514404,2021-05-05 22:20:12+00:00,6.0756930316447155,1347.0544176191
-8.05342848,-34.953472,6.380000114440918,2021-05-05 22:20:16+00:00,6.441115227143401,1353.4955328462433
-8.05347648,-34.95347712,6.380000114440918,2021-05-05 22:20:19+00:00,5.338527070151089,1358.8340599163944
-8.05353088,-34.95348736,6.380000114440918,2021-05-05 22:20:23+00:00,6.121392648364912,1364.9554525647593
-8.0535872,-34.95349248,6.380000114440918,2021-05-05 22:20:27+00:00,6.2542866357200095,1371.2097392004794
-8.05364736,-34.9534976,6.380000114440918,2021-05-05 22:20:31+00:00,6.6773529221719246,1377.8870921226512
-8.0537024,-34.95350272,7.570000171661377,2021-05-05 22:20:35+00:00,6.113314567693983,1384.0004066903452
-8.05375744,-34.95350528,7.570000171661377,2021-05-05 22:20:39+00:00,6.093745050759313,1390.0941517411045
-8.0538112,-34.9535104,7.570000171661377,2021-05-05 22:20:43+00:00,5.972370448944604,1396.066522190049
-8.05386624,-34.95351808,7.570000171661377,2021-05-05 22:20:47+00:00,6.145791980214741,1402.2123141702637
-8.0539168,-34.95352576,7.570000171661377,2021-05-05 22:20:51+00:00,5.655456402799638,1407.8677705730634
-8.05397248,-34.953536,7.570000171661377,2021-05-05 22:20:55+00:00,6.260582504998937,1414.1283530780622
-8.0540256,-34.9535488,7.570000171661377,2021-05-05 22:20:59+00:00,6.041915123270573,1420.1702682013329
-8.05407808,-34.95355648,7.570000171661377,2021-05-05 22:21:03+00:00,5.865494545119483,1426.0357627464523
-8.05412992,-34.95356416,7.570000171661377,2021-05-05 22:21:07+00:00,5.79546315120286,1431.8312258976553
-8.05418752,-34.95356672,7.570000171661377,2021-05-05 22:21:11+00:00,6.37658087023779,1438.207806767893
-8.0542432,-34.9535744,7.570000171661377,2021-05-05 22:21:15+00:00,6.215906403078337,1444.4237131709715
-8.05430592,-34.95358208,7.570000171661377,2021-05-05 22:21:19+00:00,6.9880527667076615,1451.411765937679
-8.05435072,-34.95359488,7.570000171661377,2021-05-05 22:21:22+00:00,5.15168011728584,1456.563446054965
-8.05441024,-34.9536256,7.570000171661377,2021-05-05 22:21:27+00:00,7.402578293285597,1463.9660243482506
-8.05445312,-34.953664,7.570000171661377,2021-05-05 22:21:31+00:00,6.3566022564989435,1470.3226266047495
-8.05449408,-34.95370496,7.570000171661377,2021-05-05 22:21:36+00:00,6.39577473958225,1476.7184013443318
-8.05455232,-34.95371264,8.75,2021-05-05 22:21:41+00:00,6.496508771310849,1483.2149101156426
-8.05460672,-34.95371264,8.75,2021-05-05 22:21:45+00:00,6.016426656247204,1489.2313367718898
-8.05466944,-34.95371264,8.75,2021-05-05 22:21:50+00:00,6.936586047021699,1496.1679228189114
-8.05472768,-34.95370496,8.75,2021-05-05 22:21:54+00:00,6.496508778310414,1502.664431597222
-8.05477824,-34.95370496,8.75,2021-05-05 22:21:58+00:00,5.591737763289361,1508.2561693605112
-8.05483712,-34.95370496,8.75,2021-05-05 22:22:02+00:00,6.511897159372147,1514.7680665198834
-8.05489472,-34.95371264,8.75,2021-05-05 22:22:06+00:00,6.426337437796382,1521.1944039576797
-8.05495744,-34.95372288,8.75,2021-05-05 22:22:11+00:00,7.027821887649764,1528.2222258453294
-8.0550176,-34.95373056,9.930000305175781,2021-05-05 22:22:15+00:00,6.707099768385975,1534.9293256137153
-8.05507776,-34.95373824,9.930000305175781,2021-05-05 22:22:19+00:00,6.707099771398891,1541.636425385114
-8.05513664,-34.95374336,9.930000305175781,2021-05-05 22:22:23+00:00,6.53630773859188,1548.172733123706
-8.05518848,-34.95376128,9.930000305175781,2021-05-05 22:22:27+00:00,6.064035121342047,1554.236768245048
-8.05523904,-34.95378432,9.930000305175781,2021-05-05 22:22:31+00:00,6.141450768046489,1560.3782190130946
-8.0552928,-34.95379968,9.930000305175781,2021-05-05 22:22:35+00:00,6.182015334515732,1566.5602343476103
-8.05535488,-34.95380736,9.930000305175781,2021-05-05 22:22:39+00:00,6.917797977187554,1573.4780323247978
-8.05541056,-34.95382016,9.930000305175781,2021-05-05 22:22:43+00:00,6.317558301880225,1579.795590626678
-8.05546688,-34.9538432,9.930000305175781,2021-05-05 22:22:47+00:00,6.7266240266947515,1586.5222146533727
-8.0555136,-34.95387648,9.930000305175781,2021-05-05 22:22:51+00:00,6.336840258066371,1592.859054911439
-8.05553984,-34.95392512,9.930000305175781,2021-05-05 22:22:55+00:00,6.09652216785372,1598.9555770792927
-8.0555456,-34.95397632,9.930000305175781,2021-05-05 22:22:59+00:00,5.679528480035505,1604.6351055593282
-8.05554368,-34.95404544,9.930000305175781,2021-05-05 22:23:04+00:00,7.6219393992157425,1612.257044958544
-8.05553536,-34.95410176,9.930000305175781,2021-05-05 22:23:08+00:00,6.275881199559573,1618.5329261581035
-8.05553024,-34.9541504,9.930000305175781,2021-05-05 22:23:12+00:00,5.391324482617353,1623.9242506407209
-8.05552384,-34.9542016,9.930000305175781,2021-05-05 22:23:16+00:00,5.687902650715154,1629.612153291436
-8.05551616,-34.95425536,9.930000305175781,2021-05-05 22:23:20+00:00,5.986437188301253,1635.5985904797374
-8.05550656,-34.95431936,8.75,2021-05-05 22:23:25+00:00,7.134060017044689,1642.732650496782
-8.0554944,-34.954368,8.75,2021-05-05 22:23:29+00:00,5.527599851865269,1648.2602503486473
-8.05548544,-34.95443712,8.75,2021-05-05 22:23:34+00:00,7.683153616744425,1655.9434039653918
-8.05548032,-34.95449344,8.75,2021-05-05 22:23:38+00:00,6.233830560619394,1662.1772345260113
-8.05546944,-34.9545472,8.75,2021-05-05 22:23:42+00:00,6.046808317476792,1668.224042843488
-8.05546368,-34.95460608,8.75,2021-05-05 22:23:46+00:00,6.5214324999321365,1674.7454753434201
-8.05545984,-34.9546624,8.75,2021-05-05 22:23:50+00:00,6.222569156875155,1680.9680445002953
-8.05546368,-34.95471616,7.480000019073486,2021-05-05 22:23:54+00:00,5.941073815779496,1686.9091183160747
-8.05545984,-34.95477248,6.199999809265137,2021-05-05 22:23:58+00:00,6.22256915758092,1693.1316874736556
-8.05545344,-34.95483392,6.199999809265137,2021-05-05 22:24:02+00:00,6.809316824740182,1699.9410042983957
-8.05544768,-34.95489024,6.199999809265137,2021-05-05 22:24:06+00:00,6.240658612293164,1706.1816629106888
-8.05544064,-34.95494912,6.199999809265137,2021-05-05 22:24:10+00:00,6.536779579771228,1712.7184424904601
-8.05543616,-34.95500544,6.199999809265137,2021-05-05 22:24:14+00:00,6.227800702574352,1718.9462431930344
-8.05543616,-34.95506176,6.199999809265137,2021-05-05 22:24:18+00:00,6.2080601672884885,1725.154303360323
-8.05543232,-34.95511552,6.199999809265137,2021-05-05 22:24:22+00:00,5.9410742150746785,1731.0953775753976
-8.05542976,-34.95516928,6.199999809265137,2021-05-05 22:24:26+00:00,5.9326354182666785,1737.0280129936643
-8.05542784,-34.95523328,6.199999809265137,2021-05-05 22:24:31+00:00,7.057809023901111,1744.0858220175655
-8.05542464,-34.95529472,6.199999809265137,2021-05-05 22:24:36+00:00,6.781670221314619,1750.8674922388802
-8.0554144,-34.95535616,6.199999809265137,2021-05-05 22:24:40+00:00,6.866466854263014,1757.7339590931433
-8.05539584,-34.95540992,6.199999809265137,2021-05-05 22:24:44+00:00,6.27131834200413,1764.0052774351475
-8.05537984,-34.95546624,6.199999809265137,2021-05-05 22:24:49+00:00,6.455329775404043,1770.4606072105516
-8.05537024,-34.95552,6.199999809265137,2021-05-05 22:24:53+00:00,6.0202380984168755,1776.4808453089686
-8.05536064,-34.95557376,6.199999809265137,2021-05-05 22:24:57+00:00,6.020238234755531,1782.501083543724
-8.05536,-34.95562752,6.199999809265137,2021-05-05 22:25:01+00:00,5.92629942631486,1788.427382970039
-8.0553568,-34.95568128,5.019999980926514,2021-05-05 22:25:05+00:00,5.936435436314562,1794.3638184063534
-8.05534848,-34.95574272,5.019999980926514,2021-05-05 22:25:09+00:00,6.834655103669754,1801.1984735100232
-8.05533248,-34.95579904,5.019999980926514,2021-05-05 22:25:13+00:00,6.455330468471237,1807.6538039784944
-8.05532288,-34.95584768,5.019999980926514,2021-05-05 22:25:17+00:00,5.465621809716729,1813.1194257882112
-8.05531008,-34.95589888,5.019999980926514,2021-05-05 22:25:21+00:00,5.818528627207256,1818.9379544154185
-8.05531392,-34.95589888,3.8399999141693115,2021-05-05 22:25:30+00:00,0.42468895589470057,1819.3626433713132
-8.05532736,-34.95584,3.8399999141693115,2021-05-05 22:25:35+00:00,6.6582819932738575,1826.0209253645871
-8.05533504,-34.955776,3.8399999141693115,2021-05-05 22:25:39+00:00,7.105564349141737,1833.126489713729
-8.0553408,-34.95571456,3.8399999141693115,2021-05-05 22:25:43+00:00,6.80232548437379,1839.9288151981027
-8.05535232,-34.95566592,2.6600000858306885,2021-05-05 22:25:47+00:00,5.510808567514146,1845.439623765617
-8.05537024,-34.95561216,2.6600000858306885,2021-05-05 22:25:51+00:00,6.2485094348628785,1851.6881332004798
-8.05538176,-34.95556352,2.6600000858306885,2021-05-05 22:25:55+00:00,5.510808191136471,1857.1989413916162
-8.05539776,-34.95549696,2.6600000858306885,2021-05-05 22:26:01+00:00,7.547177290554529,1864.7461186821708
-8.05540928,-34.9554432,2.6600000858306885,2021-05-05 22:26:06+00:00,6.061291431287502,1870.8074101134584
-8.05541888,-34.95538688,2.6600000858306885,2021-05-05 22:26:10+00:00,6.298195746992557,1877.105605860451
-8.0554208,-34.95533312,1.4800000190734863,2021-05-05 22:26:14+00:00,5.929679147546563,1883.0352850079976
-8.05542464,-34.95527936,1.4800000190734863,2021-05-05 22:26:19+00:00,5.941074384059858,1888.9763593920575
-8.0554304,-34.95522816,1.4800000190734863,2021-05-05 22:26:24+00:00,5.679530063448826,1894.6558894555062
-8.05543616,-34.95516928,1.4800000190734863,2021-05-05 22:26:28+00:00,6.521433026812726,1901.177322482319
-8.05543872,-34.95511296,1.4800000190734863,2021-05-05 22:26:32+00:00,6.214512942478449,1907.3918354247974
-8.05544256,-34.95506176,1.4800000190734863,2021-05-05 22:26:36+00:00,5.659647410203594,1913.051482835001
-8.05544576,-34.95500288,1.4800000190734863,2021-05-05 22:26:40+00:00,6.49988656553633,1919.5513694005374
-8.05545024,-34.95492864,1.4800000190734863,2021-05-05 22:26:44+00:00,8.198337495110344,1927.7497068956477
-8.05545408,-34.95488,1.4800000190734863,2021-05-05 22:26:47+00:00,5.378299961662999,1933.1280068573108
-8.055456,-34.95482624,1.4800000190734863,2021-05-05 22:26:51+00:00,5.929678633941234,1939.057685491252
-8.05545984,-34.95476224,1.4800000190734863,2021-05-05 22:26:55+00:00,7.0673850645261505,1946.1250705557782
-8.05546752,-34.95469568,1.4800000190734863,2021-05-05 22:26:59+00:00,7.385800296578759,1953.510870852357
-8.05546752,-34.95463936,0.28999999165534973,2021-05-05 22:27:03+00:00,6.208059689548736,1959.7189305419056
-8.05547328,-34.95457536,0.28999999165534973,2021-05-05 22:27:08+00:00,7.083316983242771,1966.8022475251485
-8.0554784,-34.95451392,0.28999999165534973,2021-05-05 22:27:12+00:00,6.79605993235904,1973.5983074575074
-8.05547904,-34.95446016,0.28999999165534973,2021-05-05 22:27:16+00:00,5.926297704276822,1979.5246051617842
-8.0554816,-34.95439104,0.28999999165534973,2021-05-05 22:27:21+00:00,7.6242408586382835,1987.1488460204225
-8.05549056,-34.95433472,0.28999999165534973,2021-05-05 22:27:25+00:00,6.286649781259491,1993.435495801682
-8.05549504,-34.95428864,-1.059999942779541,2021-05-05 22:27:28+00:00,5.103429760724677,1998.5389255624066
-8.05550208,-34.9542272,-5.789999961853027,2021-05-05 22:27:33+00:00,6.817037231780466,2005.355962794187
-8.05550656,-34.95417344,-8.880000114440918,2021-05-05 22:27:37+00:00,5.946552027321461,2011.3025148215086
-8.05551168,-34.95411968,-8.880000114440918,2021-05-05 22:27:41+00:00,5.952867416917901,2017.2553822384264
-8.05551936,-34.9540608,-8.880000114440918,2021-05-05 22:27:46+00:00,6.545586526929221,2023.8009687653555
-8.05552768,-34.95400704,-8.880000114440918,2021-05-05 22:27:50+00:00,5.996889198962482,2029.797857964318
-8.05552768,-34.95395328,-8.880000114440918,2021-05-05 22:27:54+00:00,5.925874283520931,2035.7237322478388
-8.0555232,-34.95388672,-7.699999809265137,2021-05-05 22:27:59+00:00,7.3535078600479,2043.0772401078868
-8.05550784,-34.9538432,-7.699999809265137,2021-05-05 22:28:03+00:00,5.089036224577541,2048.1662763324643
-8.05547136,-34.9538048,-6.510000228881836,2021-05-05 22:28:08+00:00,5.847553079327114,2054.0138294117914
-8.05541056,-34.95378176,-6.510000228881836,2021-05-05 22:28:14+00:00,7.187858237490265,2061.2016876492817
-8.05535808,-34.95378432,-6.510000228881836,2021-05-05 22:28:18+00:00,5.81093803138414,2067.0126256806657
-8.05528896,-34.953792,-5.329999923706055,2021-05-05 22:28:23+00:00,7.691132769279411,2074.703758449945
-8.05523328,-34.953792,-5.329999923706055,2021-05-05 22:28:27+00:00,6.157989840835699,2080.8617482907807
-8.05518272,-34.95379712,-5.329999923706055,2021-05-05 22:28:31+00:00,5.620146389817546,2086.481894680598
-8.0551264,-34.95379968,-5.329999923706055,2021-05-05 22:28:35+00:00,6.235159994078513,2092.7170546746765
-8.05507008,-34.953792,-4.150000095367432,2021-05-05 22:28:39+00:00,6.286035793271284,2099.003090467948
-8.05502016,-34.95378176,-4.150000095367432,2021-05-05 22:28:43+00:00,5.635158509491431,2104.638248977439
-8.0549696,-34.9537664,-4.150000095367432,2021-05-05 22:28:47+00:00,5.842443885102613,2110.4806928625417
-8.05491264,-34.9537536,-4.150000095367432,2021-05-05 22:28:52+00:00,6.455623320262194,2116.9363161828037
-8.05485056,-34.95373568,-4.150000095367432,2021-05-05 22:28:57+00:00,7.144302759833476,2124.080618942637
-8.05479552,-34.95374592,-4.150000095367432,2021-05-05 22:29:01+00:00,6.190973888041063,2130.271592830678
-8.05474368,-34.95375872,-4.150000095367432,2021-05-05 22:29:05+00:00,5.9043583091605285,2136.1759511398386
-8.05468672,-34.95376128,-4.150000095367432,2021-05-05 22:29:09+00:00,6.305869654761053,2142.4818207945996
-8.0546272,-34.9537664,-4.150000095367432,2021-05-05 22:29:13+00:00,6.606827626017024,2149.0886484206167
-8.05456832,-34.95375872,-4.150000095367432,2021-05-05 22:29:17+00:00,6.56669321612687,2155.6553416367437
-8.05450816,-34.95375104,-4.150000095367432,2021-05-05 22:29:21+00:00,6.707099741941837,2162.3624413786856
-8.05444416,-34.95375104,-4.150000095367432,2021-05-05 22:29:25+00:00,7.078148972022518,2169.440590350708
-8.05438784,-34.95374336,-4.150000095367432,2021-05-05 22:29:29+00:00,6.286035778795846,2175.726626129504
-8.0543328,-34.953728,-4.150000095367432,2021-05-05 22:29:33+00:00,6.318285349543143,2182.044911479047
-8.05427456,-34.95372032,-4.150000095367432,2021-05-05 22:29:37+00:00,6.496508762483898,2188.541420241531
-8.05422016,-34.95372032,-4.150000095367432,2021-05-05 22:29:41+00:00,6.016426559270924,2194.5578468008016
-8.05415616,-34.953728,-4.150000095367432,2021-05-05 22:29:45+00:00,7.12859375705522,2201.6864405578567
-8.05410944,-34.953728,-4.150000095367432,2021-05-05 22:29:48+00:00,5.167048663308909,2206.8534892211655
-8.0540512,-34.953728,-4.150000095367432,2021-05-05 22:29:52+00:00,6.441115440812307,2213.2946046619777
-8.05399104,-34.9537152,-4.150000095367432,2021-05-05 22:29:56+00:00,6.801414950722601,2220.0960196127003
-8.053936,-34.95370752,-4.150000095367432,2021-05-05 22:30:00+00:00,6.145791981003242,2226.2418115937035
-8.05387712,-34.95369216,-4.150000095367432,2021-05-05 22:30:04+00:00,6.728405071612215,2232.9702166653155
-8.05382144,-34.9536896,-4.150000095367432,2021-05-05 22:30:08+00:00,6.164451509442832,2239.134668174758
-8.05376896,-34.9536896,-4.150000095367432,2021-05-05 22:30:12+00:00,5.804081964897251,2244.9387501396554
-8.0537184,-34.95367168,-4.150000095367432,2021-05-05 22:30:16+00:00,5.9303742315408,2250.8691243711964
-8.05366144,-34.9536512,-4.150000095367432,2021-05-05 22:30:20+00:00,6.691831080635563,2257.560955451832
-8.05360384,-34.95363584,-4.150000095367432,2021-05-05 22:30:24+00:00,6.591493811346449,2264.1524492631784
-8.05354816,-34.95362816,-4.150000095367432,2021-05-05 22:30:28+00:00,6.215906394235378,2270.3683556574138
-8.05348992,-34.9536256,-4.150000095367432,2021-05-05 22:30:32+00:00,6.447293597073914,2276.8156492544877
-8.05342784,-34.95362048,-4.150000095367432,2021-05-05 22:30:36+00:00,6.8889609073895866,2283.704610161877
-8.05337984,-34.95361024,-4.150000095367432,2021-05-05 22:30:39+00:00,5.427284607301732,2289.131894769179
-8.0533248,-34.9535872,-4.150000095367432,2021-05-05 22:30:43+00:00,6.595759428179267,2295.7276541973583
-8.05327296,-34.95357184,-4.150000095367432,2021-05-05 22:30:47+00:00,5.978074542584221,2301.7057287399425
-8.05321984,-34.95356416,-4.150000095367432,2021-05-05 22:30:51+00:00,5.9355437438672745,2307.6412724838096
-8.05316992,-34.95355136,-4.150000095367432,2021-05-05 22:30:55+00:00,5.698392623414052,2313.3396651072235
-8.0531168,-34.95353344,-4.150000095367432,2021-05-05 22:30:59+00:00,6.198051328844416,2319.537716436068
-8.05305856,-34.95352064,-4.150000095367432,2021-05-05 22:31:03+00:00,6.59383728217011,2326.131553718238
-8.05300032,-34.9535104,-4.150000095367432,2021-05-05 22:31:07+00:00,6.5392682218987455,2332.670821940137
-8.05294208,-34.9535104,-4.150000095367432,2021-05-05 22:31:11+00:00,6.441115093336749,2339.111937033474
-8.05288384,-34.95351296,-4.150000095367432,2021-05-05 22:31:15+00:00,6.447293425574231,2345.559230459048
-8.05282048,-34.95351808,-4.150000095367432,2021-05-05 22:31:19+00:00,7.030057453937807,2352.589287912986
-8.05276032,-34.95352576,-4.150000095367432,2021-05-05 22:31:23+00:00,6.707099638902688,2359.2963875518885
-8.05270464,-34.95352064,-4.150000095367432,2021-05-05 22:31:27+00:00,6.183797075139213,2365.480184627028
-8.0526496,-34.95352064,-2.9700000286102295,2021-05-05 22:31:31+00:00,6.087207583126967,2371.567392210155
-8.05259776,-34.95351296,-2.9700000286102295,2021-05-05 22:31:35+00:00,5.795463192292709,2377.3628554024476
-8.0525376,-34.95351296,-2.9700000286102295,2021-05-05 22:31:39+00:00,6.653459416048347,2384.016314818496
-8.05248,-34.95350272,-2.9700000286102295,2021-05-05 22:31:43+00:00,6.469560782286105,2390.485875600782
-8.05242624,-34.95349248,-2.9700000286102295,2021-05-05 22:31:47+00:00,6.051839202323655,2396.5377148031057
-8.05236544,-34.95347968,-1.7899999618530273,2021-05-05 22:31:51+00:00,6.870673014124216,2403.40838781723
-8.05231104,-34.95346944,-1.7899999618530273,2021-05-05 22:31:55+00:00,6.121392908740039,2409.52978072597
-8.05225344,-34.95345664,-1.7899999618530273,2021-05-05 22:31:59+00:00,6.524713129338316,2416.054493855308
-8.052208,-34.95345408,-0.6100000143051147,2021-05-05 22:32:02+00:00,5.033401542411273,2421.0878953977194
-8.05215104,-34.9534464,-0.6100000143051147,2021-05-05 22:32:06+00:00,6.356179549145852,2427.4440749468654
-8.0520928,-34.95344128,-0.6100000143051147,2021-05-05 22:32:10+00:00,6.465792904682267,2433.9098678515475
-8.05203328,-34.9534336,0.5699999928474426,2021-05-05 22:32:14+00:00,6.636890205980989,2440.546758057528
-8.05197824,-34.95342592,0.5699999928474426,2021-05-05 22:32:18+00:00,6.145791967193159,2446.692550024721
-8.05191808,-34.95341824,0.5699999928474426,2021-05-05 22:32:22+00:00,6.7070995891651926,2453.3996496138866
-8.05185536,-34.95341056,0.5699999928474426,2021-05-05 22:32:26+00:00,6.988052568586072,2460.387702182473
-8.05179584,-34.95341056,0.5699999928474426,2021-05-05 22:32:30+00:00,6.582677695428295,2466.970379877901
-8.0517408,-34.95340288,0.5699999928474426,2021-05-05 22:32:34+00:00,6.14579196577601,2473.116171843677
-8.05172224,-34.9533568,0.5699999928474426,2021-05-05 22:32:38+00:00,5.478449195352535,2478.5946210390293
-8.05175808,-34.95331584,1.75,2021-05-05 22:32:43+00:00,6.008043376576602,2484.602664415606
-8.05179968,-34.95327744,1.75,2021-05-05 22:32:47+00:00,6.251717755488077,2490.854382171094
-8.0518304,-34.9532288,1.75,2021-05-05 22:32:51+00:00,6.347388774240878,2497.201770945335
-8.05185152,-34.95317504,1.75,2021-05-05 22:32:55+00:00,6.369657044788963,2503.571427990124
-8.05186816,-34.9531136,1.75,2021-05-05 22:33:00+00:00,7.018074899869903,2510.589502889994
-8.05187904,-34.95305216,1.75,2021-05-05 22:33:04+00:00,6.878553280584557,2517.4680561705786
-8.05188864,-34.9529984,1.75,2021-05-05 22:33:08+00:00,6.020288027092291,2523.488344197671
-8.0519008,-34.95294464,1.75,2021-05-05 22:33:12+00:00,6.076613243325627,2529.5649574409963
-8.05191104,-34.95289344,1.75,2021-05-05 22:33:16+00:00,5.756245751179519,2535.3212031921757
-8.05192256,-34.95283456,1.75,2021-05-05 22:33:20+00:00,6.614170378296705,2541.9353735704726
-8.05193536,-34.95277312,1.75,2021-05-05 22:33:24+00:00,6.918857910782126,2548.854231481255
-8.05194368,-34.95272192,1.75,2021-05-05 22:33:28+00:00,5.718259203644199,2554.572490684899
-8.05194368,-34.95266816,0.5699999928474426,2021-05-05 22:33:32+00:00,5.925926389550472,2560.4984170744497
-8.05194112,-34.95260672,0.5699999928474426,2021-05-05 22:33:36+00:00,6.778402823975235,2567.276819898425
-8.05194304,-34.95254528,0.5699999928474426,2021-05-05 22:33:40+00:00,6.775815432427634,2574.0526353308524
-8.05194688,-34.95248896,0.5699999928474426,2021-05-05 22:33:44+00:00,6.222622590571995,2580.2752579214243
-8.05195136,-34.95243008,0.5699999928474426,2021-05-05 22:33:48+00:00,6.509184906610005,2586.784442828034
-8.05195264,-34.95237376,0.5699999928474426,2021-05-05 22:33:52+00:00,6.209727046336135,2592.99416987437
-8.05194944,-34.95232,0.5699999928474426,2021-05-05 22:33:56+00:00,5.936484882689256,2598.9306547570595
-8.05194752,-34.95226624,0.5699999928474426,2021-05-05 22:34:00+00:00,5.929729581890584,2604.86038433895
-8.05194944,-34.95220992,0.5699999928474426,2021-05-05 22:34:04+00:00,6.211743776788473,2611.0721281157385
-8.05195264,-34.95214848,0.5699999928474426,2021-05-05 22:34:09+00:00,6.781727882200356,2617.853855997939
-8.0519552,-34.95208704,0.5699999928474426,2021-05-05 22:34:13+00:00,6.778402631854968,2624.632258629794
-8.05195456,-34.95202304,0.5699999928474426,2021-05-05 22:34:18+00:00,7.055029155815504,2631.6872877856094
-8.0519552,-34.95195648,0.5699999928474426,2021-05-05 22:34:23+00:00,7.337202462535491,2639.024490248145
-8.05195968,-34.9518976,-0.6100000143051147,2021-05-05 22:34:27+00:00,6.5091847737409365,2645.5336750218858
-8.0519648,-34.95184384,-0.6100000143051147,2021-05-05 22:34:31+00:00,5.9529187404294674,2651.4865937623154
-8.05196352,-34.95177728,-0.6100000143051147,2021-05-05 22:34:36+00:00,7.338226460209385,2658.8248202225245
-8.05196544,-34.95171328,-0.6100000143051147,2021-05-05 22:34:41+00:00,7.057868955110105,2665.882689177635
-8.05197312,-34.95164928,-0.6100000143051147,2021-05-05 22:34:46+00:00,7.105622102935584,2672.9883112805705
-8.05197696,-34.9515904,-0.6100000143051147,2021-05-05 22:34:50+00:00,6.504179621216018,2679.4924909017864
-8.05198272,-34.95153408,-0.6100000143051147,2021-05-05 22:34:54+00:00,6.240711187853147,2685.7332020896397
-8.05198848,-34.95148544,-0.6100000143051147,2021-05-05 22:34:57+00:00,5.399263856804246,2691.132465946444
-8.05199232,-34.951424,-0.6100000143051147,2021-05-05 22:35:01+00:00,6.7857891515872515,2697.9182550980313
-8.05199424,-34.95137024,-0.6100000143051147,2021-05-05 22:35:05+00:00,5.929728930695636,2703.847984028727
-8.05199552,-34.95130624,-0.6100000143051147,2021-05-05 22:35:09+00:00,7.056093585092958,2710.90407761382
-8.05199936,-34.95124736,-0.6100000143051147,2021-05-05 22:35:13+00:00,6.504179267860233,2717.4082568816802
-8.0520032,-34.9511936,-0.6100000143051147,2021-05-05 22:35:17+00:00,5.941123993268684,2723.349380874949
-8.05200768,-34.9511424,-0.6100000143051147,2021-05-05 22:35:21+00:00,5.665445778463566,2729.0148266534125
-8.05201344,-34.95107584,-0.6100000143051147,2021-05-05 22:35:25+00:00,7.364463777345389,2736.379290430758
-8.05201792,-34.9510144,-0.6100000143051147,2021-05-05 22:35:29+00:00,6.790586054113533,2743.1698764848716
-8.05202112,-34.95095808,-0.6100000143051147,2021-05-05 22:35:33+00:00,6.218191667581688,2749.3880681524533
-8.05202752,-34.95090432,-0.6100000143051147,2021-05-05 22:35:37+00:00,5.968047545658898,2755.3561156981123
-8.05203712,-34.95085056,-0.6100000143051147,2021-05-05 22:35:41+00:00,6.0202859044540835,2761.376401602566
-8.05204288,-34.95080192,-0.6100000143051147,2021-05-05 22:35:45+00:00,5.399263145542919,2766.775664748109
-8.05204992,-34.9507456,-0.6100000143051147,2021-05-05 22:35:49+00:00,6.256745502422125,2773.0324102505315
-8.05205248,-34.95068416,-0.6100000143051147,2021-05-05 22:35:53+00:00,6.778401017112733,2779.810811267644
-8.05204864,-34.95062272,-0.6100000143051147,2021-05-05 22:35:57+00:00,6.785788154220454,2786.5965994218645
-8.0520448,-34.95057408,-0.6100000143051147,2021-05-05 22:36:00+00:00,5.37834461179468,2791.974944033659
-8.05204416,-34.95051264,-0.6100000143051147,2021-05-05 22:36:04+00:00,6.772855498361242,2798.7477995320205
-8.05204032,-34.95045376,-0.6100000143051147,2021-05-05 22:36:08+00:00,6.504178553385058,2805.2519780854054
-8.05204096,-34.95039744,-0.6100000143051147,2021-05-05 22:36:12+00:00,6.208515376520556,2811.460493461926
-8.05203264,-34.95034368,-0.6100000143051147,2021-05-05 22:36:16+00:00,5.996939268781676,2817.4574327307078
-8.05202752,-34.95028992,-0.6100000143051147,2021-05-05 22:36:20+00:00,5.952917758166011,2823.410350488874
-8.05203456,-34.9502336,-0.6100000143051147,2021-05-05 22:36:25+00:00,6.25674573342163,2829.6670962222956
-8.05204288,-34.9501696,-0.6100000143051147,2021-05-05 22:36:30+00:00,7.114428925459256,2836.781525147755
-8.0520544,-34.95010816,-0.6100000143051147,2021-05-05 22:36:35+00:00,6.891284822841417,2843.6728099705965
-8.05206208,-34.95005696,-0.6100000143051147,2021-05-05 22:36:39+00:00,5.707295272795647,2849.3801052433923
-8.052064,-34.94999808,-0.6100000143051147,2021-05-05 22:36:43+00:00,6.493771160797962,2855.8738764041905
-8.05206592,-34.9499392,-0.6100000143051147,2021-05-05 22:36:47+00:00,6.493771131004059,2862.3676475351945
-8.05207552,-34.94988288,-0.6100000143051147,2021-05-05 22:36:51+00:00,6.298245911465519,2868.66589344666
-8.05209088,-34.94982656,-0.6100000143051147,2021-05-05 22:36:55+00:00,6.436335568243541,2875.1022290149035
-8.0521024,-34.94977536,-1.9700000286102295,2021-05-05 22:36:59+00:00,5.785759811748554,2880.887988826652
-8.05211264,-34.94971904,-1.9700000286102295,2021-05-05 22:37:03+00:00,6.3105629832473955,2887.1985518098995
-8.05211648,-34.9496576,-1.9700000286102295,2021-05-05 22:37:07+00:00,6.785787093049335,2893.984338902949
-8.05212224,-34.94958592,-1.9700000286102295,2021-05-05 22:37:12+00:00,7.926870449688948,2901.911209352638
-8.05212416,-34.94953216,-1.9700000286102295,2021-05-05 22:37:16+00:00,5.929727043553729,2907.8409363961914
-8.05212672,-34.94947328,-1.9700000286102295,2021-05-05 22:37:20+00:00,6.496469896354867,2914.3374062925463
-8.05212864,-34.94942208,-1.9700000286102295,2021-05-05 22:37:24+00:00,5.647730167060714,2919.985136459607
-8.05212608,-34.94936832,-1.9700000286102295,2021-05-05 22:37:28+00:00,5.93268339089875,2925.9178198505056
-8.05212992,-34.94931456,-1.9700000286102295,2021-05-05 22:37:32+00:00,5.941122155600688,2931.858942006106
-8.05213632,-34.949248,-1.9700000286102295,2021-05-05 22:37:37+00:00,7.370921563535045,2939.229863569641
-8.05213376,-34.94919168,-1.9700000286102295,2021-05-05 22:37:41+00:00,6.214563186189927,2945.444426755831
-8.05213184,-34.94913536,-1.9700000286102295,2021-05-05 22:37:45+00:00,6.211740971840891,2951.656167727672
-8.05213056,-34.94908416,-1.9700000286102295,2021-05-05 22:37:49+00:00,5.645511971078901,2957.301679698751
-8.0521248,-34.94902784,-1.9700000286102295,2021-05-05 22:37:53+00:00,6.240708947461498,2963.542388646212
-8.0521184,-34.94896384,-1.9700000286102295,2021-05-05 22:37:57+00:00,7.090090793587328,2970.6324794397997
-8.0521152,-34.9489024,-1.9700000286102295,2021-05-05 22:38:01+00:00,6.781725130555383,2977.414204570355
-8.0521184,-34.94884864,-1.9700000286102295,2021-05-05 22:38:05+00:00,5.936482476726892,2983.350687047082
-8.0521248,-34.94879488,-1.9700000286102295,2021-05-05 22:38:09+00:00,5.9680461399639775,2989.318733187046
-8.05212672,-34.94873856,-1.9700000286102295,2021-05-05 22:38:13+00:00,6.211741079117664,2995.5304742661633
-8.05212288,-34.94868736,-4.699999809265137,2021-05-05 22:38:17+00:00,5.659693188282679,3001.190167454446
-8.05210304,-34.94864384,-9.970000267028809,2021-05-05 22:38:22+00:00,5.275180559104146,3006.4653480135503
-8.0520704,-34.94859008,-11.149999618530273,2021-05-05 22:38:27+00:00,6.938849765426422,3013.4041977789766
-8.0520608,-34.94852864,-11.149999618530273,2021-05-05 22:38:32+00:00,6.855203200097632,3020.259400979074
-8.05206592,-34.94847232,-9.970000267028809,2021-05-05 22:38:36+00:00,6.23388242006713,3026.493283399141
-8.05207232,-34.94841088,-8.789999961853027,2021-05-05 22:38:40+00:00,6.809372794912368,3033.3026561940533
-8.05207552,-34.948352,-8.789999961853027,2021-05-05 22:38:44+00:00,6.499940148137904,3039.802596342191
-8.05208192,-34.94829824,-8.789999961853027,2021-05-05 22:38:48+00:00,5.968046759026938,3045.770643101218
-8.0520896,-34.94824192,-8.789999961853027,2021-05-05 22:38:52+00:00,6.2659466370859915,3052.036589738304
-8.05209472,-34.94818816,-8.789999961853027,2021-05-05 22:38:56+00:00,5.952916859335547,3057.9895065976393
-8.05210112,-34.9481344,-8.789999961853027,2021-05-05 22:39:00+00:00,5.968046481744995,3063.9575530793845
-8.05210496,-34.94807808,-7.510000228881836,2021-05-05 22:39:04+00:00,6.222620188838495,3070.180173268223
-8.05210688,-34.94802176,-7.510000228881836,2021-05-05 22:39:09+00:00,6.211741381138335,3076.3919146493613
-8.05205632,-34.94800128,-7.510000228881836,2021-05-05 22:39:16+00:00,6.030241021744233,3082.4221556711054
-8.05200576,-34.9480064,-8.789999961853027,2021-05-05 22:39:20+00:00,5.620145971938193,3088.0423016430436
-8.05195456,-34.94799104,-8.789999961853027,2021-05-05 22:39:25+00:00,5.910226447191986,3093.952528090236
-8.05191616,-34.94795264,-8.789999961853027,2021-05-05 22:39:30+00:00,5.996057053499827,3099.9485851437357
-8.05189312,-34.94789632,-8.789999961853027,2021-05-05 22:39:34+00:00,6.710712499486564,3106.659297643222
-8.05187904,-34.94783488,-7.610000133514404,2021-05-05 22:39:39+00:00,6.949204698651204,3113.608502341873
-8.0518752,-34.9477888,-7.610000133514404,2021-05-05 22:39:42+00:00,5.0970896328373625,3118.7055919747104
-8.0518304,-34.947776,-6.420000076293945,2021-05-05 22:39:48+00:00,5.151681889955681,3123.8572738646662
-8.05177216,-34.94778368,-6.420000076293945,2021-05-05 22:39:53+00:00,6.496508662371032,3130.3537825270373
-8.05171136,-34.947776,-5.150000095367432,2021-05-05 22:39:58+00:00,6.777320866732084,3137.1311033937695
-8.05165184,-34.94776576,-5.150000095367432,2021-05-05 22:40:02+00:00,6.678751265094283,3143.809854658864
-8.05159488,-34.94775808,-5.150000095367432,2021-05-05 22:40:06+00:00,6.356179534025516,3150.1660341928896
-8.05154112,-34.9477504,-5.150000095367432,2021-05-05 22:40:10+00:00,6.005610109864303,3156.171644302754
-8.05148672,-34.94774528,-3.9700000286102295,2021-05-05 22:40:14+00:00,6.042838533232083,3162.214482835986
-8.05143552,-34.94773504,-3.9700000286102295,2021-05-05 22:40:18+00:00,5.773923175478145,3167.988406011464
-8.05138752,-34.94772224,-3.9700000286102295,2021-05-05 22:40:22+00:00,5.492912929351091,3173.481318940815
-8.05133504,-34.94771456,-3.9700000286102295,2021-05-05 22:40:26+00:00,5.865494600762267,3179.3468135415774
-8.05128128,-34.94771968,-3.9700000286102295,2021-05-05 22:40:30+00:00,5.972370060334846,3185.3191836019123
-8.05122496,-34.94771968,-3.9700000286102295,2021-05-05 22:40:34+00:00,6.2287701192589005,3191.5479537211713
-8.05116672,-34.94771968,-3.9700000286102295,2021-05-05 22:40:38+00:00,6.441114536938686,3197.98906825811
-8.05111488,-34.947712,-3.9700000286102295,2021-05-05 22:40:42+00:00,5.795463232638134,3203.784531490748
-8.05106048,-34.94770176,-3.9700000286102295,2021-05-05 22:40:46+00:00,6.12139318768464,3209.9059246784327
-8.05100416,-34.94769408,-3.9700000286102295,2021-05-05 22:40:50+00:00,6.286035710191591,3216.1919603886245
-8.0509536,-34.94768896,-3.9700000286102295,2021-05-05 22:40:54+00:00,5.620145833232749,3221.812106221857
-8.0509024,-34.9476864,-3.9700000286102295,2021-05-05 22:40:58+00:00,5.669545154286563,3227.4816513761434
-8.05084608,-34.94768128,-3.9700000286102295,2021-05-05 22:41:02+00:00,6.254286161371772,3233.7359375375154
-8.05078976,-34.9476736,-3.9700000286102295,2021-05-05 22:41:06+00:00,6.286035705997353,3240.0219732435125
-8.0507328,-34.94767104,-2.7899999618530273,2021-05-05 22:41:10+00:00,6.30586856656114,3246.3278418100736
-8.05067648,-34.94765824,-2.7899999618530273,2021-05-05 22:41:14+00:00,6.38657376028842,3252.714415570362
-8.05062272,-34.94764288,-2.7899999618530273,2021-05-05 22:41:18+00:00,6.182019302183964,3258.896434872546
-8.05056384,-34.94764032,-2.7899999618530273,2021-05-05 22:41:22+00:00,6.518007153234749,3265.4144420257808
-8.05050688,-34.94763264,-2.7899999618530273,2021-05-05 22:41:26+00:00,6.3561795043620055,3271.7706215301428
-8.0504512,-34.94762496,-2.7899999618530273,2021-05-05 22:41:30+00:00,6.215906352037925,3277.986527882181
-8.0503968,-34.94761984,-2.7899999618530273,2021-05-05 22:41:34+00:00,6.042838356455508,3284.029366238636
-8.05034368,-34.94762752,-2.7899999618530273,2021-05-05 22:41:38+00:00,5.935543783041161,3289.9649100216775
-8.05028032,-34.94761984,-2.7899999618530273,2021-05-05 22:41:43+00:00,7.058317806540796,3297.0232278282183
-8.0502208,-34.94761216,-2.7899999618530273,2021-05-05 22:41:47+00:00,6.636890110740415,3303.6601179389586
-8.0501632,-34.94761216,-2.7899999618530273,2021-05-05 22:41:51+00:00,6.370332748270521,3310.030450687229
-8.05009856,-34.9476096,-2.7899999618530273,2021-05-05 22:41:56+00:00,7.154496163078632,3317.1849468503074
-8.05004032,-34.94760192,-1.6100000143051147,2021-05-05 22:42:00+00:00,6.49650859333366,3323.681455443641
-8.04999168,-34.94759424,-1.6100000143051147,2021-05-05 22:42:04+00:00,5.44559739643511,3329.127052840076
-8.04994112,-34.9475968,-1.6100000143051147,2021-05-05 22:42:08+00:00,5.59885228578734,3334.7259051258634
-8.04988288,-34.9475968,-1.6100000143051147,2021-05-05 22:42:12+00:00,6.441114135451071,3341.1670192613146
-8.04982976,-34.94758912,-1.6100000143051147,2021-05-05 22:42:16+00:00,5.935543789726051,3347.1025630510408
-8.049776,-34.94757376,-1.6100000143051147,2021-05-05 22:42:20+00:00,6.182020029554368,3353.284583080595
-8.04971904,-34.94756352,-1.6100000143051147,2021-05-05 22:42:24+00:00,6.399877345408831,3359.6844604260036
-8.04966656,-34.94755072,-1.6100000143051147,2021-05-05 22:42:28+00:00,5.973115866808356,3365.657576292812
-8.04960128,-34.94754304,-1.6100000143051147,2021-05-05 22:42:33+00:00,7.2691739291633555,3372.9267502219755
-8.04954432,-34.94753536,-1.6100000143051147,2021-05-05 22:42:37+00:00,6.356179478631094,3379.2829297006065
-8.04948544,-34.9475328,-1.6100000143051147,2021-05-05 22:42:41+00:00,6.518006844547082,3385.8009365451535
-8.04943104,-34.94752512,-1.6100000143051147,2021-05-05 22:42:45+00:00,6.075693030628382,3391.876629575782
-8.04937728,-34.94749952,-1.6100000143051147,2021-05-05 22:42:49+00:00,6.581316471325891,3398.4579460471077
-8.04932992,-34.94747136,-1.6100000143051147,2021-05-05 22:42:53+00:00,6.088525456203387,3404.5464715033113
-8.04928512,-34.94743296,-1.6100000143051147,2021-05-05 22:42:58+00:00,6.516590236358514,3411.0630617396696
-8.04924224,-34.94739456,-1.6100000143051147,2021-05-05 22:43:02+00:00,6.356637096239737,3417.4196988359095
-8.04920384,-34.94734592,-1.6100000143051147,2021-05-05 22:43:06+00:00,6.8397871658373965,3424.259486001747
-8.04916736,-34.94730496,-1.6100000143051147,2021-05-05 22:43:10+00:00,6.054995344712451,3430.3144813464596
-8.04911872,-34.94728448,-1.6100000143051147,2021-05-05 22:43:14+00:00,5.833884943718434,3436.1483662901783
-8.0490592,-34.94729728,-1.6100000143051147,2021-05-05 22:43:19+00:00,6.732191259275646,3442.880557549454
-8.04902144,-34.94733056,-1.6100000143051147,2021-05-05 22:43:24+00:00,5.5585468230376724,3448.439104372492
-8.04902272,-34.94738688,-1.6100000143051147,2021-05-05 22:43:30+00:00,6.2097716417351645,3454.648876014227
-8.04905536,-34.94744576,-1.6100000143051147,2021-05-05 22:43:35+00:00,7.426685114144349,3462.075561128371
-8.0491008,-34.94749184,-1.6100000143051147,2021-05-05 22:43:41+00:00,7.145334858395764,3469.220895986767
-8.04916032,-34.9475072,-1.6100000143051147,2021-05-05 22:43:46+00:00,6.796935732899859,3476.017831719667
-8.04921344,-34.94750976,-1.6100000143051147,2021-05-05 22:43:50+00:00,5.881635460044783,3481.899467179712
-8.0492736,-34.94750976,-1.6100000143051147,2021-05-05 22:43:55+00:00,6.653458340746719,3488.5529255204583
-8.0493344,-34.94750976,-1.6100000143051147,2021-05-05 22:44:00+00:00,6.724239832523576,3495.2771653529817
-8.049392,-34.94751232,-1.6100000143051147,2021-05-05 22:44:04+00:00,6.3765795331946435,3501.6537448861764
-8.0494464,-34.94752,-1.6100000143051147,2021-05-05 22:44:08+00:00,6.07569303084316,3507.7294379170194
-8.04949824,-34.9475328,-1.6100000143051147,2021-05-05 22:44:12+00:00,5.904361256205542,3513.633799173225
-8.04956352,-34.94754048,-1.6100000143051147,2021-05-05 22:44:16+00:00,7.26917391843976,3520.9029730916645
-8.04961856,-34.9475584,-1.6100000143051147,2021-05-05 22:44:20+00:00,6.39968553228391,3527.3026586239484
-8.04966336,-34.9475712,-1.6100000143051147,2021-05-05 22:44:24+00:00,5.15168347348826,3532.454342097437
-8.04972864,-34.94758656,-1.6100000143051147,2021-05-05 22:44:29+00:00,7.415585584208544,3539.8699276816455
-8.04979008,-34.94758656,-1.6100000143051147,2021-05-05 22:44:34+00:00,6.795021454723803,3546.664949136369
-8.04984832,-34.94758912,-1.6100000143051147,2021-05-05 22:44:39+00:00,6.447292551821048,3553.1122416881904
-8.04990592,-34.94758912,-1.6100000143051147,2021-05-05 22:44:43+00:00,6.370332650484448,3559.482574338675
-8.04995328,-34.94759424,-1.6100000143051147,2021-05-05 22:44:46+00:00,5.268147167557185,3564.7507215062324
-8.05001472,-34.9475968,-1.6100000143051147,2021-05-05 22:44:51+00:00,6.800878460560949,3571.551599966793
-8.0500736,-34.94760448,-1.6100000143051147,2021-05-05 22:44:56+00:00,6.566693005341588,3578.118292972135
-8.05012544,-34.94761984,-1.6100000143051147,2021-05-05 22:45:00+00:00,5.9780774504897805,3584.0963704226247
-8.0501728,-34.94765056,-1.6100000143051147,2021-05-05 22:45:05+00:00,6.237114803638086,3590.333485226263
-8.05019584,-34.94767872,-1.6100000143051147,2021-05-05 22:45:14+00:00,4.015997175151488,3594.349482401414
-8.05023488,-34.94770688,-1.6100000143051147,2021-05-05 22:45:31+00:00,5.317661478222696,3599.667143879637
-8.05023104,-34.94772736,-1.6100000143051147,2021-05-05 22:46:22+00:00,2.2971048143777937,3601.9642486940147
-8.05027072,-34.94769408,-1.6100000143051147,2021-05-05 22:46:26+00:00,5.719790310734487,3607.684039004749
-8.05032064,-34.94767104,-1.6100000143051147,2021-05-05 22:46:30+00:00,6.07708692573164,3613.761125930481
-8.05037312,-34.94766592,-1.6100000143051147,2021-05-05 22:46:34+00:00,5.831455787189703,3619.5925817176703
-8.05042624,-34.94766592,-1.6100000143051147,2021-05-05 22:46:38+00:00,5.874862482684905,3625.467444200355
-8.05048256,-34.94765824,-8.329999923706055,2021-05-05 22:46:42+00:00,6.286035698436019,3631.7534798987913
-8.0505312,-34.94765056,-8.329999923706055,2021-05-05 22:46:46+00:00,5.445597364758734,3637.19907726355
-8.05058944,-34.94765824,-8.329999923706055,2021-05-05 22:46:52+00:00,6.49650861324625,3643.695585876796
-8.05064128,-34.94766336,-8.329999923706055,2021-05-05 22:46:56+00:00,5.76101069464695,3649.456596571443
-8.05070464,-34.94766592,-8.329999923706055,2021-05-05 22:47:01+00:00,7.013045761694544,3656.4696423331375
-8.0507648,-34.94766592,-8.329999923706055,2021-05-05 22:47:06+00:00,6.653458822989568,3663.123101156127
-8.05082816,-34.94768128,-8.329999923706055,2021-05-05 22:47:11+00:00,7.209012353477963,3670.3321135096053
-8.05088512,-34.94768896,-8.329999923706055,2021-05-05 22:47:15+00:00,6.356179513279242,3676.6882930228844
-8.05093952,-34.94770176,-8.329999923706055,2021-05-05 22:47:19+00:00,6.1796540390439825,3682.8679470619286
-8.05099136,-34.947712,-8.329999923706055,2021-05-05 22:47:23+00:00,5.843355475879128,3688.7113025378076
-8.05104448,-34.947712,-7.150000095367432,2021-05-05 22:47:27+00:00,5.874862658875706,3694.5861651966834
-8.05109568,-34.94771968,-7.150000095367432,2021-05-05 22:47:31+00:00,5.725450311083295,3700.311615507767
-8.05115008,-34.94772224,-7.150000095367432,2021-05-05 22:47:35+00:00,6.023039710266969,3706.3346552180337
-8.05120832,-34.94772992,-7.150000095367432,2021-05-05 22:47:39+00:00,6.496508638167161,3712.831163856201
-8.05125888,-34.94773504,-7.150000095367432,2021-05-05 22:47:43+00:00,5.620145866664683,3718.4513097228655
-8.05131648,-34.9477376,-7.150000095367432,2021-05-05 22:47:47+00:00,6.376580069754943,3724.8278897926207
-8.0513696,-34.9477504,-7.150000095367432,2021-05-05 22:47:51+00:00,6.041916532011034,3730.8698063246316
-8.05141952,-34.94776064,-7.150000095367432,2021-05-05 22:47:55+00:00,5.635159574035949,3736.5049658986677
-8.05147264,-34.94778112,-7.150000095367432,2021-05-05 22:47:59+00:00,6.293672400544858,3742.7986382992126
-8.05152512,-34.94780416,-7.150000095367432,2021-05-05 22:48:03+00:00,6.335405465484379,3749.134043764697
-8.05157824,-34.94782208,-7.150000095367432,2021-05-05 22:48:07+00:00,6.198053355307721,3755.3320971200046
-8.05163456,-34.94783488,-7.150000095367432,2021-05-05 22:48:11+00:00,6.38657333750891,3761.7186704575133
-8.05168448,-34.94784256,-7.150000095367432,2021-05-05 22:48:15+00:00,5.585482554762748,3767.304153012276
-8.0517408,-34.94785792,-7.150000095367432,2021-05-05 22:48:19+00:00,6.4547845582539525,3773.7589375705297
-8.05178816,-34.94788864,-7.150000095367432,2021-05-05 22:48:23+00:00,6.237107865972898,3779.9960454365028
-8.05181504,-34.9479296,-7.150000095367432,2021-05-05 22:48:27+00:00,5.405814877654305,3785.401860314157
-8.05182336,-34.94799104,-7.150000095367432,2021-05-05 22:48:32+00:00,6.834713256938168,3792.2365735710955
-8.05182656,-34.9480448,-7.150000095367432,2021-05-05 22:48:36+00:00,5.936486711253353,3798.173060282349
-8.0518176,-34.94810112,-7.150000095367432,2021-05-05 22:48:40+00:00,6.2867048616108665,3804.45976514396
-8.05180672,-34.9481472,-7.150000095367432,2021-05-05 22:48:44+00:00,5.219948802474454,3809.6797139464343
-8.05179584,-34.94820864,-7.150000095367432,2021-05-05 22:48:49+00:00,6.878554462833467,3816.558268409268
-8.05179392,-34.9482624,-7.150000095367432,2021-05-05 22:48:53+00:00,5.9297318125930625,3822.488000221861
-8.05179392,-34.94831104,-7.150000095367432,2021-05-05 22:48:57+00:00,5.3615544174600265,3827.849554639321
-8.05179008,-34.94836736,-7.150000095367432,2021-05-05 22:49:01+00:00,6.22262491483258,3834.0721795541535
-8.05178432,-34.94842624,-5.96999979019165,2021-05-05 22:49:05+00:00,6.521490795812264,3840.5936703499656
-8.05177472,-34.94847744,-5.96999979019165,2021-05-05 22:49:09+00:00,5.74274100976755,3846.336411359733
-8.05176448,-34.94853888,-5.96999979019165,2021-05-05 22:49:13+00:00,6.866526635111977,3853.202937994845
-8.05175104,-34.94860032,-5.96999979019165,2021-05-05 22:49:17+00:00,6.933689062235515,3860.13662705708
-8.05174656,-34.94865408,-5.96999979019165,2021-05-05 22:49:21+00:00,5.946606429144,3866.0832334862243
-8.05173696,-34.9487104,-5.96999979019165,2021-05-05 22:49:25+00:00,6.298250845574097,3872.381484331798
-8.05172608,-34.94876416,-5.96999979019165,2021-05-05 22:49:29+00:00,6.04686160947847,3878.428345941277
-8.05171968,-34.94881792,-5.96999979019165,2021-05-05 22:49:33+00:00,5.9680518945042085,3884.396397835781
-8.05171328,-34.94887168,-5.96999979019165,2021-05-05 22:49:37+00:00,5.968051985990469,3890.3644498217714
-8.05170816,-34.94893568,-5.96999979019165,2021-05-05 22:49:42+00:00,7.077367244977314,3897.4418170667486
-8.051696,-34.94899456,-7.789999961853027,2021-05-05 22:49:46+00:00,6.628172055713566,3904.069989122462
-8.05169024,-34.94904832,-10.329999923706055,2021-05-05 22:49:50+00:00,5.96007199451758,3910.0300611169796
-8.05167872,-34.94911232,-10.329999923706055,2021-05-05 22:49:54+00:00,7.16880312191409,3917.1988642388937
-8.05167104,-34.94916864,-10.329999923706055,2021-05-05 22:49:58+00:00,6.265952832407064,3923.464817071301
-8.05166272,-34.9492224,-10.329999923706055,2021-05-05 22:50:02+00:00,5.996944579523847,3929.4617616508244
-8.05164544,-34.94927104,-11.609999656677246,2021-05-05 22:50:06+00:00,5.691975803378797,3935.153737454203
-8.05163776,-34.94932992,-11.609999656677246,2021-05-05 22:50:10+00:00,6.545647667284061,3941.699385121487
-8.051632,-34.94937856,-12.789999961853027,2021-05-05 22:50:14+00:00,5.399268437379071,3947.098653558866
-8.05162112,-34.94944256,-12.789999961853027,2021-05-05 22:50:19+00:00,7.156563539560809,3954.255217098427
-8.05161664,-34.94949632,-12.789999961853027,2021-05-05 22:50:23+00:00,5.946608309898801,3960.2018254083255
-8.05160896,-34.9495552,-12.789999961853027,2021-05-05 22:50:27+00:00,6.545648122990938,3966.7474735313162
-8.05160256,-34.94960896,-12.789999961853027,2021-05-05 22:50:31+00:00,5.968053583066119,3972.7155271143824
-8.05159296,-34.9496576,-12.789999961853027,2021-05-05 22:50:35+00:00,5.465669899471637,3978.181197013854
-8.051584,-34.94971136,-15.789999961853027,2021-05-05 22:50:39+00:00,6.008213401927515,3984.189410415782
-8.0515712,-34.94976768,-17.059999465942383,2021-05-05 22:50:43+00:00,6.367475783417237,3990.556886199199
-8.0515616,-34.94982656,-17.059999465942383,2021-05-05 22:50:47+00:00,6.57657436434664,3997.1334605635457
-8.0515488,-34.94988544,-17.059999465942383,2021-05-05 22:50:51+00:00,6.64289739709208,4003.7763579606376
-8.0515424,-34.94993664,-17.059999465942383,2021-05-05 22:50:54+00:00,5.68795733118392,4009.4643152918215
-8.05153472,-34.94999808,-15.789999961853027,2021-05-05 22:50:58+00:00,6.8255489151441475,4016.289864206966
-8.05152704,-34.95004928,-15.789999961853027,2021-05-05 22:51:02+00:00,5.707302487984421,4021.9971666949505
-8.05152128,-34.95010304,-14.609999656677246,2021-05-05 22:51:06+00:00,5.960074435750613,4027.9572411307013
-8.0515168,-34.95016448,-13.420000076293945,2021-05-05 22:51:11+00:00,6.790594279053211,4034.7478354097543
-8.05150912,-34.95022848,-12.239999771118164,2021-05-05 22:51:16+00:00,7.105629938623732,4041.853465348378
-8.05149632,-34.95029504,-12.239999771118164,2021-05-05 22:51:21+00:00,7.472192215673203,4049.325657564051
-8.05148608,-34.9503488,-12.239999771118164,2021-05-05 22:51:25+00:00,6.033178770979039,4055.3588363350304
-8.05147456,-34.95040256,-11.0600004196167,2021-05-05 22:51:29+00:00,6.061347141832495,4061.420183476863
-8.0514592,-34.95045888,-11.0600004196167,2021-05-05 22:51:33+00:00,6.436344607557863,4067.8565280844205
-8.05144,-34.95050496,-11.0600004196167,2021-05-05 22:51:37+00:00,5.5053639490683315,4073.361892033489
-8.05141632,-34.95055104,-11.0600004196167,2021-05-05 22:51:41+00:00,5.714781995423527,4079.0766740289123
-8.05136,-34.95058944,-9.880000114440918,2021-05-05 22:51:46+00:00,7.53088713321576,4086.607561162128
-8.0512992,-34.95059712,-9.880000114440918,2021-05-05 22:51:50+00:00,6.77732084016714,4093.3848820022954
-8.0512416,-34.95059712,-9.880000114440918,2021-05-05 22:51:54+00:00,6.370333081735564,4099.755215084031
-8.0511904,-34.95059712,-9.880000114440918,2021-05-05 22:51:58+00:00,5.662518280140367,4105.417733364171
-8.05113216,-34.95059968,-8.699999809265137,2021-05-05 22:52:02+00:00,6.447292930584224,4111.865026294755
-8.05107968,-34.950592,-8.699999809265137,2021-05-05 22:52:06+00:00,5.865494605780144,4117.730520900535
-8.05102656,-34.95058432,-8.699999809265137,2021-05-05 22:52:10+00:00,5.935543773553492,4123.666064674089
-8.05096896,-34.95058176,-8.699999809265137,2021-05-05 22:52:14+00:00,6.376579988803751,4130.042644662893
-8.05091072,-34.95056896,-8.699999809265137,2021-05-05 22:52:18+00:00,6.593838216134056,4136.6364828790265
-8.05085184,-34.95056128,-8.699999809265137,2021-05-05 22:52:22+00:00,6.56669304412766,4143.203175923154
-8.05079552,-34.95055872,-9.880000114440918,2021-05-05 22:52:26+00:00,6.2351588193679115,4149.438334742522
-8.05074304,-34.95054592,-9.880000114440918,2021-05-05 22:52:30+00:00,5.97311528179188,4155.411450024314
-8.05068864,-34.95053056,-8.609999656677246,2021-05-05 22:52:34+00:00,6.2501243904764054,4161.66157441479
-8.05062976,-34.950528,-7.420000076293945,2021-05-05 22:52:38+00:00,6.5180071720187005,4168.179581586809
-8.05057216,-34.95052288,-7.420000076293945,2021-05-05 22:52:42+00:00,6.395284276452884,4174.574865863262
-8.0505088,-34.95052032,-6.239999771118164,2021-05-05 22:52:46+00:00,7.0130457201729515,4181.587911583435
-8.05046016,-34.95052032,-6.239999771118164,2021-05-05 22:52:49+00:00,5.379392174645279,4186.967303758081
-8.05040768,-34.95051264,-6.239999771118164,2021-05-05 22:52:53+00:00,5.865494619898918,4192.832798377979
-8.050352,-34.95050496,-6.239999771118164,2021-05-05 22:52:57+00:00,6.21590634963376,4199.048704727613
-8.05029312,-34.95049728,-5.059999942779541,2021-05-05 22:53:01+00:00,6.566693018730648,4205.615397746344
-8.05024064,-34.95048192,-5.059999942779541,2021-05-05 22:53:05+00:00,6.045993796611512,4211.661391542955
-8.05018624,-34.95046656,-5.059999942779541,2021-05-05 22:53:09+00:00,6.250124814061443,4217.911516357017
-8.05012672,-34.95045376,-5.059999942779541,2021-05-05 22:53:13+00:00,6.732190819377727,4224.643707176395
-8.05006144,-34.9504512,-5.059999942779541,2021-05-05 22:53:18+00:00,7.225223087240897,4231.868930263636
-8.05000384,-34.95045888,-5.059999942779541,2021-05-05 22:53:22+00:00,6.426337276163909,4238.2952675398
-8.04994368,-34.95045376,-5.059999942779541,2021-05-05 22:53:26+00:00,6.677352174466721,4244.972619714267
-8.04988864,-34.95044608,-5.059999942779541,2021-05-05 22:53:30+00:00,6.145791952828368,4251.118411667096
-8.0498304,-34.9504512,-5.059999942779541,2021-05-05 22:53:34+00:00,6.465792472133813,4257.58420413923
-8.0497792,-34.95044608,-5.059999942779541,2021-05-05 22:53:38+00:00,5.690573799060079,4263.27477793829
-8.04971392,-34.95044352,-5.059999942779541,2021-05-05 22:53:43+00:00,7.225222974567253,4270.500000912857
-8.04965504,-34.9504384,-5.059999942779541,2021-05-05 22:53:47+00:00,6.536306676251106,4277.036307589108
-8.0496064,-34.95042816,-5.059999942779541,2021-05-05 22:53:51+00:00,5.496539275178915,4282.532846864287
-8.04955264,-34.95042816,-3.880000114440918,2021-05-05 22:53:55+00:00,5.945643720975114,4288.478490585263
-8.04949504,-34.95042048,-3.880000114440918,2021-05-05 22:53:59+00:00,6.426337259181848,4294.904827844445
-8.04944832,-34.95040768,-3.880000114440918,2021-05-05 22:54:03+00:00,5.356224518366918,4300.261052362812
-8.04938496,-34.95040768,-3.880000114440918,2021-05-05 22:54:08+00:00,7.007365758637079,4307.268418121449
-8.04932864,-34.95040512,-3.880000114440918,2021-05-05 22:54:12+00:00,6.2351584216768074,4313.503576543126
-8.0492736,-34.95039744,-3.880000114440918,2021-05-05 22:54:16+00:00,6.145791948226419,4319.649368491352
-8.04921728,-34.95038976,-3.880000114440918,2021-05-05 22:54:20+00:00,6.286035673232046,4325.935404164584
-8.04915904,-34.95038208,-3.880000114440918,2021-05-05 22:54:24+00:00,6.496508558624948,4332.431912723208
-8.04910848,-34.95036672,-3.880000114440918,2021-05-05 22:54:28+00:00,5.842449413842802,4338.274362137051
-8.04905216,-34.95037184,-3.880000114440918,2021-05-05 22:54:32+00:00,6.254285844247701,4344.5286479812985
-8.04899328,-34.95038208,-3.880000114440918,2021-05-05 22:54:36+00:00,6.608999228053645,4351.1376472093525
-8.0489408,-34.9503872,-3.880000114440918,2021-05-05 22:54:40+00:00,5.831455585006665,4356.969102794359
-8.0488864,-34.9503872,-3.880000114440918,2021-05-05 22:54:44+00:00,6.01642499924616,4362.985527793605
-8.04882816,-34.95040256,-3.880000114440918,2021-05-05 22:54:49+00:00,6.659928825678729,4369.645456619283
-8.04875776,-34.95042816,-3.880000114440918,2021-05-05 22:54:55+00:00,8.281562146257855,4377.927018765541
-8.04870976,-34.95046144,-3.880000114440918,2021-05-05 22:54:59+00:00,6.452824021528409,4384.37984278707
-8.04867584,-34.95049984,-3.880000114440918,2021-05-05 22:55:03+00:00,5.655975283852095,4390.035818070922
-8.04864384,-34.95054336,-3.880000114440918,2021-05-05 22:55:07+00:00,5.961403643465426,4395.997221714387
-8.04861952,-34.950592,-3.880000114440918,2021-05-05 22:55:11+00:00,5.998431074859447,4401.995652789246
-8.0486048,-34.95064576,-3.880000114440918,2021-05-05 22:55:15+00:00,6.145524882124299,4408.14117767137
-8.04859328,-34.9507072,-3.880000114440918,2021-05-05 22:55:19+00:00,6.8913410880466035,4415.032518759417
-8.04858688,-34.95075584,-3.880000114440918,2021-05-05 22:55:23+00:00,5.408116041412946,4420.44063480083
-8.04858112,-34.95081984,-3.880000114440918,2021-05-05 22:55:28+00:00,7.083435645136845,4427.524070445967
-8.04856576,-34.95087872,-3.880000114440918,2021-05-05 22:55:33+00:00,6.70898383884645,4434.233054284813
-8.04855808,-34.95092736,-2.700000047683716,2021-05-05 22:55:37+00:00,5.428458696714529,4439.661512981527
-8.04855232,-34.95098112,-2.700000047683716,2021-05-05 22:55:41+00:00,5.960117323830105,4445.621630305357
-8.04854592,-34.95103488,-2.700000047683716,2021-05-05 22:55:45+00:00,5.9680976772951855,4451.589727982652
-8.04854272,-34.95109888,-2.700000047683716,2021-05-05 22:55:50+00:00,7.063604554958194,4458.65333253761
-8.0485408,-34.95115264,-2.700000047683716,2021-05-05 22:55:54+00:00,5.929779055296489,4464.583111592907
-8.04853824,-34.95120896,-2.700000047683716,2021-05-05 22:55:58+00:00,6.214617868153715,4470.797729461061
-8.04852864,-34.95126784,-2.700000047683716,2021-05-05 22:56:02+00:00,6.576621976839177,4477.3743514379
-8.04851904,-34.95132416,-4.239999771118164,2021-05-05 22:56:06+00:00,6.298299104307758,4483.672650542208
-8.0485184,-34.95138048,-5.789999961853027,2021-05-05 22:56:10+00:00,6.208568991681589,4489.88121953389
-8.04852032,-34.95143936,-7.059999942779541,2021-05-05 22:56:14+00:00,6.493827532547127,4496.375047066436
-8.04852224,-34.95150336,-3.3299999237060547,2021-05-05 22:56:19+00:00,7.057928494357908,4503.432975560794
-8.04851712,-34.95156224,-2.059999942779541,2021-05-05 22:56:23+00:00,6.515009352018566,4509.947984912813
-8.04851456,-34.95161344,-2.059999942779541,2021-05-05 22:56:27+00:00,5.650884037799892,4515.598868950613
-8.04850176,-34.95168768,-2.059999942779541,2021-05-05 22:56:32+00:00,8.305030594227498,4523.903899544841
-8.04848128,-34.95174144,-2.059999942779541,2021-05-05 22:56:36+00:00,6.344088187124105,4530.247987731965
-8.04847232,-34.95179776,-0.8799999952316284,2021-05-05 22:56:40+00:00,6.286755128289398,4536.5347428602545
-8.04846976,-34.95185408,-0.8799999952316284,2021-05-05 22:56:44+00:00,6.214618908295336,4542.7493617685495
-8.04846208,-34.95190784,-0.8799999952316284,2021-05-05 22:56:48+00:00,5.986538641966442,4548.735900410516
-8.04845248,-34.95195648,-0.8799999952316284,2021-05-05 22:56:52+00:00,5.465710373176686,4554.201610783693
-8.04844544,-34.95200768,-0.8799999952316284,2021-05-05 22:56:56+00:00,5.697240783071208,4559.898851566763
-8.04843904,-34.952064,-0.8799999952316284,2021-05-05 22:57:00+00:00,6.24838659024605,4566.147238157009
-8.04843776,-34.95212544,-0.8799999952316284,2021-05-05 22:57:05+00:00,6.77402486500521,4572.9212630220145
-8.04843968,-34.95218176,-0.8799999952316284,2021-05-05 22:57:09+00:00,6.211797177727583,4579.133060199742
-8.04843456,-34.9522432,-0.8799999952316284,2021-05-05 22:57:13+00:00,6.796176434657765,4585.9292366344
-8.04842944,-34.95229696,-0.8799999952316284,2021-05-05 22:57:17+00:00,5.952969802075012,4591.882206436475
-8.0484288,-34.95236096,-0.8799999952316284,2021-05-05 22:57:22+00:00,7.055090148707595,4598.937296585183
-8.0484256,-34.95242752,-0.8799999952316284,2021-05-05 22:57:27+00:00,7.34545517508712,4606.28275176027
-8.0484256,-34.95248128,-0.8799999952316284,2021-05-05 22:57:31+00:00,5.925977514789116,4612.208729275059
-8.04842176,-34.9525376,-0.8799999952316284,2021-05-05 22:57:35+00:00,6.222676069485307,4618.431405344545
-8.04841728,-34.95259392,-0.8799999952316284,2021-05-05 22:57:39+00:00,6.227907228696565,4624.659312573242
-8.04841792,-34.95264768,-0.8799999952316284,2021-05-05 22:57:43+00:00,5.926400332487872,4630.585712905729
-8.04841984,-34.95270144,-0.8799999952316284,2021-05-05 22:57:47+00:00,5.929780839545486,4636.515493745275
-8.04843136,-34.95275776,-0.8799999952316284,2021-05-05 22:57:51+00:00,6.337553297999726,4642.853047043275
-8.04845248,-34.95281152,-0.8799999952316284,2021-05-05 22:57:55+00:00,6.369702857784602,4649.22274990106
-8.04847232,-34.95286272,-0.8799999952316284,2021-05-05 22:57:59+00:00,6.055325276051244,4655.278075177111
-8.04850496,-34.95291136,-0.8799999952316284,2021-05-05 22:58:03+00:00,6.463573652069089,4661.74164882918
-8.04854592,-34.95294464,-0.8799999952316284,2021-05-05 22:58:07+00:00,5.8291196561508745,4667.570768485331
-8.04860096,-34.9529728,-0.8799999952316284,2021-05-05 22:58:12+00:00,6.832964841251292,4674.403733326582
-8.04865344,-34.95299584,-0.8799999952316284,2021-05-05 22:58:16+00:00,6.335411893328961,4680.739145219912
-8.04870784,-34.9530112,-0.8799999952316284,2021-05-05 22:58:20+00:00,6.250126106241529,4686.989271326153
-8.04876544,-34.95301888,-0.8799999952316284,2021-05-05 22:58:24+00:00,6.426337232981893,4693.415608559135
-8.04882816,-34.95301888,-2.059999942779541,2021-05-05 22:58:28+00:00,6.936584077081576,4700.352192636216
-8.0488832,-34.95301888,-2.059999942779541,2021-05-05 22:58:32+00:00,6.087206452581852,4706.439399088798
-8.04895232,-34.95302144,-2.059999942779541,2021-05-05 22:58:37+00:00,7.649605483263463,4714.089004572062
-8.04900928,-34.95303424,-2.059999942779541,2021-05-05 22:58:41+00:00,6.455626047576898,4720.544630619638
-8.0490656,-34.95304448,-2.059999942779541,2021-05-05 22:58:45+00:00,6.330217910237191,4726.874848529876
-8.04912384,-34.95304448,-3.3299999237060547,2021-05-05 22:58:49+00:00,6.441113879537643,4733.315962409413
-8.04918784,-34.95303424,-3.3299999237060547,2021-05-05 22:58:53+00:00,7.167583704330617,4740.483546113744
-8.04924288,-34.95302912,-3.3299999237060547,2021-05-05 22:58:57+00:00,6.11331382310806,4746.596859936852
-8.04929664,-34.9530368,-3.3299999237060547,2021-05-05 22:59:01+00:00,6.00561012495075,4752.602470061803
-8.04935552,-34.95305728,-3.3299999237060547,2021-05-05 22:59:06+00:00,6.892106686915223,4759.494576748718
-8.04942208,-34.95307264,-3.3299999237060547,2021-05-05 22:59:11+00:00,7.553478618342605,4767.04805536706
-8.04947264,-34.95308032,-3.3299999237060547,2021-05-05 22:59:15+00:00,5.655456589755565,4772.703511956816
-8.0495264,-34.95309056,-3.3299999237060547,2021-05-05 22:59:19+00:00,6.051839889128577,4778.7553518459445
-8.0495776,-34.95310592,-4.510000228881836,2021-05-05 22:59:23+00:00,5.9102286951363645,4784.665580541081
-8.0496416,-34.95310336,-4.510000228881836,2021-05-05 22:59:28+00:00,7.08377015176614,4791.749350692847
-8.04969792,-34.95309568,-4.510000228881836,2021-05-05 22:59:32+00:00,6.286035682392603,4798.03538637524
-8.0497472,-34.95309568,-4.510000228881836,2021-05-05 22:59:36+00:00,5.450173448756722,4803.4855598239965
-8.04981056,-34.95310336,-4.510000228881836,2021-05-05 22:59:41+00:00,7.0583177595100395,4810.543877583506
-8.04986944,-34.95310592,-4.510000228881836,2021-05-05 22:59:45+00:00,6.51800693763865,4817.061884521145
-8.04992896,-34.9531136,-4.510000228881836,2021-05-05 22:59:49+00:00,6.636890092365844,4823.698774613511
-8.0499936,-34.95311616,-4.510000228881836,2021-05-05 22:59:54+00:00,7.154496108481615,4830.853270721993
-8.05004992,-34.95312128,-5.789999961853027,2021-05-05 22:59:58+00:00,6.254286010399654,4837.107556732392
-8.05011008,-34.95312384,-5.789999961853027,2021-05-05 23:00:02+00:00,6.659440044597004,4843.76699677699
-8.05016448,-34.95313664,-5.789999961853027,2021-05-05 23:00:06+00:00,6.179654430432514,4849.946651207422
-8.05021952,-34.95314688,-5.789999961853027,2021-05-05 23:00:10+00:00,6.190974878339618,4856.137626085762
-8.05027072,-34.95315456,-5.789999961853027,2021-05-05 23:00:14+00:00,5.725450339885961,4861.863076425649
-8.05032512,-34.95316224,-5.789999961853027,2021-05-05 23:00:18+00:00,6.075693031239623,4867.938769456889
-8.0503808,-34.95316736,-5.789999961853027,2021-05-05 23:00:22+00:00,6.183796666233634,4874.122566123122
-8.0504416,-34.95316992,-5.789999961853027,2021-05-05 23:00:26+00:00,6.7301587113583174,4880.85272483448
-8.05049728,-34.95317504,-5.789999961853027,2021-05-05 23:00:30+00:00,6.183796686373514,4887.036521520853
-8.0505504,-34.95318528,-5.789999961853027,2021-05-05 23:00:34+00:00,5.9823147912786405,4893.0188363121315
-8.05060096,-34.95319808,-5.789999961853027,2021-05-05 23:00:38+00:00,5.766998269103321,4898.785834581235
-8.05066304,-34.95320576,-5.789999961853027,2021-05-05 23:00:43+00:00,6.917797614846004,4905.70363219608
-8.05071616,-34.95321344,-5.789999961853027,2021-05-05 23:00:47+00:00,5.9355437786432415,4911.639175974724
-8.05076992,-34.953216,-5.789999961853027,2021-05-05 23:00:51+00:00,5.952336785795942,4917.591512760519
-8.0508288,-34.95322112,-5.789999961853027,2021-05-05 23:00:55+00:00,6.536306894372539,4924.127819654892
-8.05088704,-34.95322368,-5.789999961853027,2021-05-05 23:00:59+00:00,6.447292844720451,4930.575112499612
-8.0509568,-34.95323136,-5.789999961853027,2021-05-05 23:01:04+00:00,7.761487457295221,4938.336599956908
-8.05101888,-34.95323904,-5.789999961853027,2021-05-05 23:01:08+00:00,6.917797642560418,4945.254397599469
-8.05108352,-34.95325184,-5.789999961853027,2021-05-05 23:01:13+00:00,7.286833029730553,4952.541230629199
-8.05114752,-34.9532672,-5.789999961853027,2021-05-05 23:01:18+00:00,7.277832758427236,4959.819063387627
-8.05119872,-34.95327744,-5.789999961853027,2021-05-05 23:01:22+00:00,5.773923253693072,4965.59298664132
-8.05125248,-34.95328256,-7.239999771118164,2021-05-05 23:01:26+00:00,5.972370047228026,4971.565356688548
-8.05130944,-34.95328512,-10.239999771118164,2021-05-05 23:01:30+00:00,6.305868710182368,4977.87122539873
-8.05135744,-34.9532928,-13.239999771118164,2021-05-05 23:01:34+00:00,5.375687621293534,4983.246913020023
-8.05141376,-34.95329792,-14.609999656677246,2021-05-05 23:01:38+00:00,6.254286251662733,4989.501199271686
-8.05147392,-34.95330304,-14.609999656677246,2021-05-05 23:01:42+00:00,6.6773524760995455,4996.178551747786
-8.05152704,-34.95331584,-14.609999656677246,2021-05-05 23:01:46+00:00,6.04191644879223,5002.220468196578
-8.05158144,-34.95331584,-13.329999923706055,2021-05-05 23:01:50+00:00,6.0164257715410905,5008.236893968119
-8.05164032,-34.95330048,-12.149999618530273,2021-05-05 23:01:54+00:00,6.728406767291031,5014.96530073541
-8.0516928,-34.95328512,-10.970000267028809,2021-05-05 23:01:58+00:00,6.045992548634162,5021.011293284044
-8.05175232,-34.95327488,-10.970000267028809,2021-05-05 23:02:02+00:00,6.678751258412151,5027.690044542456
-8.0518016,-34.95325952,-10.970000267028809,2021-05-05 23:02:06+00:00,5.707106133454359,5033.397150675911
-8.05183488,-34.95320832,-9.789999961853027,2021-05-05 23:02:11+00:00,6.737870797135373,5040.135021473046
-8.05184576,-34.953152,-9.789999961853027,2021-05-05 23:02:15+00:00,6.323652918867296,5046.4586743919135
-8.05184384,-34.95309824,-9.789999961853027,2021-05-05 23:02:19+00:00,5.929731087429459,5052.388405479343
-8.05184256,-34.95304448,-9.789999961853027,2021-05-05 23:02:23+00:00,5.927618488809655,5058.316023968153
-8.05184448,-34.95298816,-9.789999961853027,2021-05-05 23:02:27+00:00,6.2117453750650355,5064.527769343218
-8.05184448,-34.95292672,-9.789999961853027,2021-05-05 23:02:31+00:00,6.7724889497732335,5071.300258292991
-8.0518496,-34.95287296,-9.789999961853027,2021-05-05 23:02:35+00:00,5.9529204062668954,5077.253178699258
-8.05185536,-34.95282432,-8.329999923706055,2021-05-05 23:02:39+00:00,5.399265595509177,5082.652444294767
-8.0518656,-34.95277312,-6.96999979019165,2021-05-05 23:02:43+00:00,5.7562463673278135,5088.408690662094
-8.051872,-34.9527168,-6.96999979019165,2021-05-05 23:02:48+00:00,6.2483347755726,5094.657025437667
-8.05187968,-34.95265536,19.760000228881836,2021-05-05 23:02:53+00:00,6.825543357321,5101.482568794988
-8.05188352,-34.95259392,19.760000228881836,2021-05-05 23:02:58+00:00,6.78579095526078,5108.268359750248
-8.05188544,-34.95254016,19.760000228881836,2021-05-05 23:03:02+00:00,5.9297305110852445,5114.198090261333
-8.05188736,-34.95249664,19.760000228881836,2021-05-05 23:03:06+00:00,4.801876533654136,5118.999966794987
-8.05189504,-34.9524352,19.760000228881836,2021-05-05 23:03:11+00:00,6.825543103877869,5125.825509898865
-8.0519008,-34.95238144,19.760000228881836,2021-05-05 23:03:15+00:00,5.960069036228419,5131.785578935093
-8.05190592,-34.95232512,19.760000228881836,2021-05-05 23:03:19+00:00,6.233884845927513,5138.019463781021
-8.05190848,-34.95226368,20.940000534057617,2021-05-05 23:03:23+00:00,6.7784034069707895,5144.797867187992
-8.05191232,-34.9522048,20.940000534057617,2021-05-05 23:03:27+00:00,6.504180649086959,5151.302047837079
-8.05191808,-34.95214848,20.940000534057617,2021-05-05 23:03:31+00:00,6.240712166947866,5157.542760004027
-8.05191488,-34.95209472,20.940000534057617,2021-05-05 23:03:35+00:00,5.936485383649522,5163.479245387676
-8.0519168,-34.9520384,20.940000534057617,2021-05-05 23:03:40+00:00,6.211744273376682,5169.690989661053
-8.05192448,-34.95197696,20.940000534057617,2021-05-05 23:03:45+00:00,6.825542619082317,5176.516532280136
-8.05192768,-34.95192064,19.760000228881836,2021-05-05 23:03:49+00:00,6.218193087032265,5182.734725367168
-8.05192192,-34.95186176,19.760000228881836,2021-05-05 23:03:54+00:00,6.521488615002679,5189.25621398217
-8.05192192,-34.95179776,19.760000228881836,2021-05-05 23:03:59+00:00,7.0546746499937765,5196.310888632164
-8.05192384,-34.95174144,19.760000228881836,2021-05-05 23:04:03+00:00,6.211744165394102,5202.522632797559
-8.05192448,-34.95168768,19.760000228881836,2021-05-05 23:04:07+00:00,5.926349378473868,5208.448982176033
-8.05191872,-34.9516288,19.760000228881836,2021-05-05 23:04:11+00:00,6.521488665481142,5214.970470841514
-8.05191488,-34.9515648,19.760000228881836,2021-05-05 23:04:15+00:00,7.067446237760918,5222.037917079275
-8.05192,-34.95151104,19.760000228881836,2021-05-05 23:04:19+00:00,5.952919389313802,5227.990836468589
-8.05192384,-34.95145472,18.389999389648438,2021-05-05 23:04:23+00:00,6.222622940083624,5234.213459408673
-8.0519296,-34.95139584,18.389999389648438,2021-05-05 23:04:27+00:00,6.521488584503827,5240.734947993176
-8.05193728,-34.95134464,18.389999389648438,2021-05-05 23:04:31+00:00,5.707296980197877,5246.442244973374
-8.05194688,-34.95127808,18.389999389648438,2021-05-05 23:04:36+00:00,7.413284522732951,5253.855529496107
-8.05194752,-34.95122432,18.389999389648438,2021-05-05 23:04:40+00:00,5.9263490436731585,5259.78187853978
-8.05195136,-34.951168,18.389999389648438,2021-05-05 23:04:44+00:00,6.222622522209505,5266.00450106199
-8.0519552,-34.95111424,18.389999389648438,2021-05-05 23:04:48+00:00,5.941124689846998,5271.945625751837
-8.05195968,-34.9510656,18.389999389648438,2021-05-05 23:04:52+00:00,5.384397235811666,5277.330022987649
-8.05196096,-34.95099904,18.389999389648438,2021-05-05 23:04:57+00:00,7.338226529272794,5284.668249516922
-8.05196096,-34.95094272,18.389999389648438,2021-05-05 23:05:01+00:00,6.208113097201557,5290.8763626141235
-8.05196672,-34.95088896,18.389999389648438,2021-05-05 23:05:06+00:00,5.960068085194821,5296.836430699318
-8.05198016,-34.95082752,18.389999389648438,2021-05-05 23:05:11+00:00,6.933685566355503,5303.770116265673
-8.051984,-34.9507712,18.389999389648438,2021-05-05 23:05:15+00:00,6.222622026862221,5309.992738292535
-8.05198848,-34.95070976,18.389999389648438,2021-05-05 23:05:19+00:00,6.790586540337303,5316.7833248328725
-8.05199616,-34.95064576,19.579999923706055,2021-05-05 23:05:24+00:00,7.105621706465935,5323.888946539339
-8.05199616,-34.950592,19.579999923706055,2021-05-05 23:05:28+00:00,5.9259256267355696,5329.814872166075
-8.05200128,-34.95053824,19.579999923706055,2021-05-05 23:05:32+00:00,5.952918213549482,5335.767790379624
-8.05200704,-34.95047424,19.579999923706055,2021-05-05 23:05:37+00:00,7.083376722940077,5342.8511671025635
-8.0520096,-34.95042048,19.579999923706055,2021-05-05 23:05:41+00:00,5.932685119925397,5348.783852222489
-8.0520192,-34.95035904,19.579999923706055,2021-05-05 23:05:45+00:00,6.85520403853124,5355.63905626102
-8.05202688,-34.95030528,19.579999923706055,2021-05-05 23:05:49+00:00,5.986487494156755,5361.625543755177
-8.05203072,-34.95024896,19.579999923706055,2021-05-05 23:05:53+00:00,6.222621317669651,5367.848165072847
-8.05203712,-34.9501952,19.579999923706055,2021-05-05 23:05:57+00:00,5.96804740578284,5373.81621247863
-8.05204416,-34.9501184,19.579999923706055,2021-05-05 23:06:03+00:00,8.501336132741034,5382.317548611371
-8.052048,-34.9500544,19.579999923706055,2021-05-05 23:06:07+00:00,7.067444004282034,5389.384992615654
-8.0520448,-34.95000064,19.579999923706055,2021-05-05 23:06:10+00:00,5.93648349934487,5395.321476114998
-8.0520448,-34.94993664,19.579999923706055,2021-05-05 23:06:14+00:00,7.054672523676933,5402.376148638676
-8.05204608,-34.94987776,19.579999923706055,2021-05-05 23:06:18+00:00,6.491842376509074,5408.867991015185
-8.05204416,-34.94982144,19.579999923706055,2021-05-05 23:06:23+00:00,6.211742307010025,5415.079733322195
-8.05204672,-34.9497728,19.579999923706055,2021-05-05 23:06:27+00:00,5.369021381520793,5420.448754703716
-8.05205632,-34.94970368,19.579999923706055,2021-05-05 23:06:32+00:00,7.692666577623084,5428.141421281339
-8.05206208,-34.94964992,19.579999923706055,2021-05-05 23:06:36+00:00,5.960066706121589,5434.10148798746
-8.0520704,-34.9495936,19.579999923706055,2021-05-05 23:06:40+00:00,6.275933507144712,5440.377421494605
-8.05207808,-34.94953472,19.579999923706055,2021-05-05 23:06:44+00:00,6.545640841277698,5446.923062335883
-8.05207424,-34.94947072,19.579999923706055,2021-05-05 23:06:49+00:00,7.067443484385882,5453.9905058202685
-8.0520736,-34.94941696,19.579999923706055,2021-05-05 23:06:53+00:00,5.926347201740036,5459.916853022009
-8.05207744,-34.94935552,19.579999923706055,2021-05-05 23:06:58+00:00,6.785787740197872,5466.702640762206
-8.05208192,-34.9492992,19.579999923706055,2021-05-05 23:07:02+00:00,6.22785168908345,5472.93049245129
-8.05208,-34.94924544,19.579999923706055,2021-05-05 23:07:06+00:00,5.929727657411444,5478.8602201087015
-8.05208192,-34.9491968,19.579999923706055,2021-05-05 23:07:10+00:00,5.365753949948139,5484.22597405865
-8.05207936,-34.94913536,19.579999923706055,2021-05-05 23:07:14+00:00,6.778400530530284,5491.00437458918
-8.05207424,-34.9490688,18.389999389648438,2021-05-05 23:07:18+00:00,7.358677796831553,5498.363052386011
-8.05206848,-34.94901248,18.389999389648438,2021-05-05 23:07:22+00:00,6.240709801061651,5504.603762187073
-8.05206976,-34.9489664,18.389999389648438,2021-05-05 23:07:26+00:00,5.081336225452163,5509.685098412525
-8.052064,-34.94891008,18.389999389648438,2021-05-05 23:07:30+00:00,6.2407098697757455,5515.925808282301
-8.05206272,-34.94885376,18.389999389648438,2021-05-05 23:07:34+00:00,6.209725351301691,5522.135533633603
-8.05206784,-34.94880768,18.389999389648438,2021-05-05 23:07:38+00:00,5.110829621315659,5527.246363254919
-8.05208,-34.94874624,18.389999389648438,2021-05-05 23:07:44+00:00,6.904720958085318,5534.151084213004
-8.0520832,-34.94867712,18.389999389648438,2021-05-05 23:07:49+00:00,7.627260773299408,5541.778344986303
-8.05209088,-34.94861568,18.389999389648438,2021-05-05 23:07:54+00:00,6.8255398764481505,5548.603884862751
-8.05209728,-34.94855424,18.389999389648438,2021-05-05 23:07:58+00:00,6.8093723823109045,5555.413257245063
-8.0521024,-34.9485056,18.389999389648438,2021-05-05 23:08:02+00:00,5.3913693808829946,5560.804626625945
-8.05210752,-34.94844416,18.389999389648438,2021-05-05 23:08:07+00:00,6.796115738172401,5567.600742364118
-8.0521056,-34.94839808,18.389999389648438,2021-05-05 23:08:11+00:00,5.083800073694333,5572.684542437812
-8.0521024,-34.94834176,18.389999389648438,2021-05-05 23:08:15+00:00,6.2181903837981265,5578.90273282161
-8.05210368,-34.94829056,18.389999389648438,2021-05-05 23:08:19+00:00,5.645512359332279,5584.548245180942
-8.05210368,-34.94823424,18.389999389648438,2021-05-05 23:08:24+00:00,6.2081109239154175,5590.756356104857
-8.05211648,-34.94817792,18.389999389648438,2021-05-05 23:08:29+00:00,6.367467886609285,5597.123823991466
-8.0521248,-34.94811904,18.389999389648438,2021-05-05 23:08:33+00:00,6.555200598513173,5603.679024589979
-8.05212608,-34.94806784,17.209999084472656,2021-05-05 23:08:37+00:00,5.645512049247206,5609.324536639227
-8.05212288,-34.94802432,17.209999084472656,2021-05-05 23:08:41+00:00,4.810213264870957,5614.134749904098
-8.05207168,-34.9480064,17.209999084472656,2021-05-05 23:08:47+00:00,5.997162489526679,5620.131912393625
-8.05201152,-34.94800896,17.209999084472656,2021-05-05 23:08:52+00:00,6.659440620998641,5626.791353014623
-8.05195968,-34.94800128,17.209999084472656,2021-05-05 23:08:56+00:00,5.795463209642878,5632.586816224266
-8.05190784,-34.94799104,17.209999084472656,2021-05-05 23:09:01+00:00,5.843355222620148,5638.430171446886
-8.051872,-34.94803712,17.209999084472656,2021-05-05 23:09:08+00:00,6.442932328373838,5644.87310377526
-8.05184832,-34.9480832,17.209999084472656,2021-05-05 23:09:13+00:00,5.714777237135363,5650.587881012395
-8.05182144,-34.9481344,17.209999084472656,2021-05-05 23:09:18+00:00,6.378830878460028,5656.966711890855
-8.05180928,-34.94818048,17.209999084472656,2021-05-05 23:09:23+00:00,5.254387345874845,5662.221099236729
-8.05180288,-34.94823424,17.209999084472656,2021-05-05 23:09:28+00:00,5.968050692831242,5668.189149929561
-8.05179776,-34.94829568,17.209999084472656,2021-05-05 23:09:33+00:00,6.796120779584852,5674.985270709146
-8.05179584,-34.94834944,17.209999084472656,2021-05-05 23:09:37+00:00,5.9297317857811915,5680.915002494927
-8.05178816,-34.94839808,17.209999084472656,2021-05-05 23:09:41+00:00,5.428416768725271,5686.343419263652
-8.05177088,-34.94845952,17.209999084472656,2021-05-05 23:09:46+00:00,7.036968403115372,5693.380387666768
