latitude,longitude,elevation
-8.044875,-34.939203,13.4
-8.044868,-34.939212,13.4
-8.04486,-34.93922,13.4
-8.044853,-34.939229,13.4
-8.044845,-34.939238,13.4
-8.044838,-34.939246,13.4
-8.04483,-34.939255,13.4
-8.044823,-34.939263,13.4
-8.044816,-34.939272,13.4
-8.044808,-34.939281,13.4
-8.044801,-34.939289,13.4
-8.044793,-34.939298,13.4
-8.044786,-34.939307,13.4
-8.044778,-34.939315,13.4
-8.044771,-34.939324,13.4
-8.044764,-34.939332,13.4
-8.044756,-34.939341,13.4
-8.044749,-34.93935,13.4
-8.044741,-34.939358,13.4
-8.044734,-34.939367,13.4
-8.044726,-34.939376,13.4
-8.044719,-34.939384,13.4
-8.044712,-34.939393,13.4
-8.044704,-34.939401,13.4
-8.044697,-34.93941,13.4
-8.044689,-34.939419,13.4
-8.044682,-34.939427,13.4
-8.044674,-34.939436,13.4
-8.044667,-34.939445,13.4
-8.04466,-34.939453,13.4
-8.044652,-34.939462,13.4
-8.044645,-34.93947,13.4
-8.044637,-34.939479,13.4
-8.04463,-34.939488,13.4
-8.044622,-34.939496,13.4
-8.044615,-34.939505,13.4
-8.044355,-34.939807,13.4
-8.04436,-34.939806,13.4
-8.044366,-34.939805,13.4
-8.044371,-34.939803,13.4
-8.044377,-34.939802,13.4
-8.044382,-34.939801,13.4
-8.044387,-34.9398,13.4
-8.044393,-34.939799,13.4
-8.044398,-34.939797,13.4
-8.044403,-34.939796,13.4
-8.044409,-34.939795,13.4
-8.044414,-34.939794,13.4
-8.04442,-34.939793,13.4
-8.044425,-34.939792,13.4
-8.04443,-34.93979,13.4
-8.044436,-34.939789,13.4
-8.044441,-34.939788,13.4
-8.044446,-34.939787,13.4
-8.044452,-34.939786,13.4
-8.044457,-34.939784,13.4
-8.044463,-34.939783,13.4
-8.044468,-34.939782,13.4
-8.044581,-34.939756,13.4
-8.044596,-34.939759,13.4
-8.04461,-34.939763,13.4
-8.044625,-34.939766,13.4
-8.044637,-34.939766,13.4
-8.044649,-34.939766,13.4
-8.04466,-34.939766,13.4
-8.044672,-34.939766,13.4
-8.044684,-34.939766,13.4
-8.044699,-34.939768,13.4
-8.044713,-34.939769,13.4
-8.044728,-34.939771,13.4
-8.044742,-34.939773,13.4
-8.044756,-34.939775,13.4
-8.044769,-34.939777,13.4
-8.044783,-34.939779,13.4
-8.044796,-34.939781,13.4
-8.044808,-34.939781,13.4
-8.044821,-34.939781,13.4
-8.044833,-34.939781,13.4
-8.044845,-34.939781,13.4
-8.044859,-34.939779,13.4
-8.044872,-34.939777,13.4
-8.044886,-34.939775,13.4
-8.044899,-34.939773,13.4
-8.044913,-34.939774,13.4
-8.044928,-34.939776,13.4
-8.044942,-34.939777,13.4
-8.044956,-34.939779,13.4
-8.044969,-34.939781,13.4
-8.044983,-34.939782,13.4
-8.044996,-34.939784,13.4
-8.045009,-34.939786,13.4
-8.045024,-34.939788,13.4
-8.045039,-34.939791,13.4
-8.045054,-34.939793,13.4
-8.045069,-34.939796,13.4
-8.045082,-34.9398,13.4
-8.045094,-34.939804,13.4
-8.045107,-34.939808,13.4
-8.045119,-34.939812,12.2
-8.045134,-34.939816,12.2
-8.045149,-34.939821,12.2
-8.045163,-34.939825,12.2
-8.045178,-34.93983,12.2
-8.045189,-34.939835,12.2
-8.045201,-34.93984,12.2
-8.045212,-34.939845,12.2
-8.045223,-34.93985,12.2
-8.045231,-34.939855,12.2
-8.045239,-34.93986,12.2
-8.045247,-34.939866,12.2
-8.045255,-34.939871,12.2
-8.045263,-34.939876,12.2
-8.045275,-34.939884,12.2
-8.045286,-34.939891,12.2
-8.045298,-34.939899,12.2
-8.045309,-34.939907,11.0
-8.04532,-34.939914,11.0
-8.045332,-34.939921,11.0
-8.045343,-34.939928,11.0
-8.045354,-34.939935,11.0
-8.045364,-34.939937,11.0
-8.045375,-34.939939,11.0
-8.045385,-34.939941,11.0
-8.045396,-34.939943,11.0
-8.045406,-34.939945,11.0
-8.045417,-34.939951,11.0
-8.045428,-34.939956,11.0
-8.045438,-34.939962,11.0
-8.045449,-34.939967,11.0
-8.04546,-34.939973,11.0
-8.045475,-34.939976,11.0
-8.045491,-34.939979,11.0
-8.045506,-34.939983,11.0
-8.045521,-34.939986,11.0
-8.045537,-34.939993,11.0
-8.045553,-34.94,11.0
-8.045568,-34.940007,11.0
-8.045584,-34.940014,11.0
-8.045597,-34.940022,11.0
-8.045611,-34.940029,11.0
-8.045624,-34.940037,9.8
-8.045636,-34.940043,9.8
-8.045648,-34.94005,9.8
-8.04566,-34.940056,9.8
-8.045672,-34.940063,9.8
-8.045683,-34.940066,9.8
-8.045695,-34.940069,9.8
-8.045706,-34.940072,9.8
-8.045718,-34.940075,9.8
-8.045729,-34.940078,9.8
-8.045742,-34.940079,9.8
-8.045756,-34.94008,9.8
-8.045769,-34.940081,9.8
-8.045783,-34.940082,9.8
-8.045796,-34.940083,9.8
-8.045811,-34.940085,9.8
-8.045827,-34.940087,9.8
-8.045842,-34.940089,9.8
-8.045857,-34.940091,9.8
-8.045872,-34.940093,9.8
-8.045887,-34.940096,9.8
-8.045901,-34.940098,9.8
-8.045916,-34.940101,9.8
-8.045931,-34.940104,9.8
-8.045945,-34.940107,9.8
-8.04596,-34.940111,9.8
-8.045974,-34.940114,9.8
-8.045987,-34.940116,9.8
-8.046,-34.940119,9.8
-8.046012,-34.940121,9.8
-8.046025,-34.940124,9.8
-8.04604,-34.940124,9.8
-8.046055,-34.940123,9.8
-8.04607,-34.940123,9.8
-8.046085,-34.940122,8.6
-8.046096,-34.940122,8.6
-8.046106,-34.940122,8.6
-8.046117,-34.940122,8.6
-8.046127,-34.940122,8.6
-8.046138,-34.940122,15.2
-8.04615,-34.940126,15.2
-8.046162,-34.940131,15.2
-8.046174,-34.940135,15.2
-8.046186,-34.94014,15.2
-8.046197,-34.940144,15.2
-8.046209,-34.940148,15.2
-8.04622,-34.940152,15.2
-8.046232,-34.940156,15.2
-8.046243,-34.94016,15.2
-8.046256,-34.940165,15.2
-8.046269,-34.94017,15.2
-8.046281,-34.940175,15.2
-8.046294,-34.94018,15.2
-8.046309,-34.940188,15.2
-8.046323,-34.940196,15.2
-8.046338,-34.940204,15.2
-8.046353,-34.940207,15.2
-8.046367,-34.94021,15.2
-8.046382,-34.940213,15.2
-8.046396,-34.940216,15.2
-8.046408,-34.940222,15.2
-8.04642,-34.940229,15.2
-8.046432,-34.940235,15.2
-8.046444,-34.940242,15.2
-8.046456,-34.940245,15.2
-8.046469,-34.940248,15.2
-8.046481,-34.940252,15.2
-8.046493,-34.940255,15.2
-8.046493,-34.940255,15.2
-8.046493,-34.940255,15.2
-8.046493,-34.940255,15.2
-8.046543,-34.94028,15.2
-8.046552,-34.940282,15.2
-8.046561,-34.940283,15.2
-8.046571,-34.940285,15.2
-8.04658,-34.940286,15.2
-8.046589,-34.940288,15.2
-8.046595,-34.94028,15.2
-8.046601,-34.940273,15.2
-8.046608,-34.940265,15.2
-8.046614,-34.940257,15.2
-8.04662,-34.94025,15.2
-8.046626,-34.940242,15.2
-8.046628,-34.94023,15.2
-8.04663,-34.940217,15.2
-8.046633,-34.940205,15.2
-8.046635,-34.940192,15.2
-8.046637,-34.94018,15.2
-8.046642,-34.940168,15.2
-8.046647,-34.940156,15.2
-8.046652,-34.940144,15.2
-8.046657,-34.940132,15.2
-8.046662,-34.940118,15.2
-8.046667,-34.940104,15.2
-8.046671,-34.94009,15.2
-8.046676,-34.940076,12.8
-8.046677,-34.940064,12.8
-8.046678,-34.940051,12.8
-8.04668,-34.940039,12.8
-8.046681,-34.940026,12.8
-8.046682,-34.940014,11.6
-8.046684,-34.940003,11.6
-8.046685,-34.939992,11.6
-8.046687,-34.939982,11.6
-8.046688,-34.939971,11.6
-8.04669,-34.93996,13.1
-8.046694,-34.939949,13.1
-8.046698,-34.939939,13.1
-8.046703,-34.939928,13.1
-8.046707,-34.939918,13.1
-8.046711,-34.939907,13.1
-8.046718,-34.939895,13.1
-8.046725,-34.939884,13.1
-8.046732,-34.939872,13.1
-8.046739,-34.93986,14.3
-8.046743,-34.939848,14.3
-8.046747,-34.939836,14.3
-8.04675,-34.939824,14.3
-8.046754,-34.939812,14.3
-8.046756,-34.939797,14.3
-8.046758,-34.939781,14.3
-8.04676,-34.939766,14.3
-8.046762,-34.93975,14.3
-8.046765,-34.939737,14.3
-8.046767,-34.939724,14.3
-8.04677,-34.93971,14.3
-8.046772,-34.939697,14.3
-8.046774,-34.939683,14.3
-8.046777,-34.939669,14.3
-8.046779,-34.939654,14.3
-8.046781,-34.93964,14.3
-8.046782,-34.939622,14.3
-8.046784,-34.939605,14.3
-8.046785,-34.939587,14.3
-8.046787,-34.939573,14.3
-8.046788,-34.939559,14.3
-8.04679,-34.939544,14.3
-8.046791,-34.93953,14.3
-8.046795,-34.939515,14.3
-8.046798,-34.9395,14.3
-8.046802,-34.939484,14.3
-8.046805,-34.939469,14.3
-8.046808,-34.939456,14.3
-8.046811,-34.939444,14.3
-8.046813,-34.939431,14.3
-8.046816,-34.939418,14.3
-8.046818,-34.939405,14.3
-8.04682,-34.939392,14.3
-8.046822,-34.93938,14.3
-8.046824,-34.939367,14.3
-8.046826,-34.939354,14.3
-8.046827,-34.939339,14.3
-8.046829,-34.939323,14.3
-8.04683,-34.939308,14.3
-8.046831,-34.939292,14.3
-8.046833,-34.939278,14.3
-8.046835,-34.939264,14.3
-8.046836,-34.93925,14.3
-8.046838,-34.939236,13.4
-8.04684,-34.939221,13.4
-8.046842,-34.939205,13.4
-8.046843,-34.93919,13.4
-8.046845,-34.939174,13.4
-8.04685,-34.939155,13.4
-8.046856,-34.939137,13.4
-8.046861,-34.939118,13.4
-8.046865,-34.939108,13.4
-8.046869,-34.939098,13.4
-8.046874,-34.939087,13.4
-8.046878,-34.939077,13.4
-8.046882,-34.939067,13.4
-8.046884,-34.939055,13.4
-8.046886,-34.939043,13.4
-8.046888,-34.939032,13.4
-8.04689,-34.93902,13.4
-8.046892,-34.939008,12.2
-8.046894,-34.938993,12.2
-8.046895,-34.938979,12.2
-8.046897,-34.938964,12.2
-8.046898,-34.938949,12.2
-8.0469,-34.938936,12.2
-8.046901,-34.938922,12.2
-8.046903,-34.938909,12.2
-8.046904,-34.938895,12.2
-8.046905,-34.93888,12.2
-8.046907,-34.938865,12.2
-8.046908,-34.938849,12.2
-8.046909,-34.938834,12.2
-8.04691,-34.938821,12.2
-8.046911,-34.938809,12.2
-8.046912,-34.938796,12.2
-8.046913,-34.938783,12.2
-8.046912,-34.938766,12.2
-8.046912,-34.938749,12.2
-8.046911,-34.938733,12.2
-8.04691,-34.938716,12.2
-8.04691,-34.938702,12.2
-8.046911,-34.938688,12.2
-8.046911,-34.938674,12.2
-8.046911,-34.93866,12.2
-8.04691,-34.938646,12.2
-8.04691,-34.938632,12.2
-8.046909,-34.938618,12.2
-8.046908,-34.938604,12.2
-8.046907,-34.938589,12.2
-8.046906,-34.938574,12.2
-8.046905,-34.93856,12.2
-8.046904,-34.938545,12.2
-8.046906,-34.938533,12.2
-8.046907,-34.93852,12.2
-8.046909,-34.938508,12.2
-8.04691,-34.938495,12.2
-8.046912,-34.938483,12.2
-8.046911,-34.93847,12.2
-8.046911,-34.938457,12.2
-8.04691,-34.938445,12.2
-8.046909,-34.938432,12.2
-8.046908,-34.93842,12.2
-8.046907,-34.938409,12.2
-8.046905,-34.938397,12.2
-8.046904,-34.938386,11.0
-8.046904,-34.938371,11.0
-8.046904,-34.938357,11.0
-8.046904,-34.938342,11.0
-8.046904,-34.938327,11.0
-8.046904,-34.938315,11.0
-8.046905,-34.938303,11.0
-8.046905,-34.93829,11.0
-8.046906,-34.938278,11.0
-8.046906,-34.938266,11.0
-8.046905,-34.938253,11.0
-8.046903,-34.93824,11.0
-8.046902,-34.938227,11.0
-8.0469,-34.938214,11.0
-8.0469,-34.938203,11.0
-8.0469,-34.938192,11.0
-8.0469,-34.938181,11.0
-8.0469,-34.93817,11.0
-8.0469,-34.938159,11.0
-8.0469,-34.938148,11.0
-8.046899,-34.938137,11.0
-8.046898,-34.938126,11.0
-8.046897,-34.938114,11.0
-8.046896,-34.938103,11.0
-8.046895,-34.938092,11.0
-8.046896,-34.93808,11.0
-8.046897,-34.938068,11.0
-8.046898,-34.938055,11.0
-8.046899,-34.938043,11.0
-8.046898,-34.93803,11.0
-8.046896,-34.938016,11.0
-8.046895,-34.938003,11.0
-8.046893,-34.937989,11.0
-8.046892,-34.937976,11.0
-8.04689,-34.937958,11.0
-8.046888,-34.937941,11.0
-8.046886,-34.937923,11.0
-8.046885,-34.937911,11.0
-8.046885,-34.937898,11.0
-8.046884,-34.937886,11.0
-8.046883,-34.937874,11.0
-8.046882,-34.937862,11.0
-8.046881,-34.937849,11.0
-8.046879,-34.937837,11.0
-8.046878,-34.937824,11.0
-8.046877,-34.937812,11.0
-8.046876,-34.937799,11.0
-8.046874,-34.937785,11.0
-8.046873,-34.937772,11.0
-8.046871,-34.937759,11.0
-8.046869,-34.937746,11.0
-8.046868,-34.937733,11.0
-8.046866,-34.937721,11.0
-8.046865,-34.937708,11.0
-8.046863,-34.937695,11.0
-8.046862,-34.937679,11.0
-8.046861,-34.937664,11.0
-8.04686,-34.937648,11.0
-8.046859,-34.937633,5.6
-8.046859,-34.93762,5.6
-8.046859,-34.937607,5.6
-8.046859,-34.937593,5.6
-8.046859,-34.93758,5.6
-8.046859,-34.937564,5.6
-8.046858,-34.937549,5.6
-8.046858,-34.937533,5.6
-8.046857,-34.937518,5.6
-8.046859,-34.937504,5.6
-8.04686,-34.93749,5.6
-8.046862,-34.937476,5.6
-8.046863,-34.937462,5.6
-8.046864,-34.937446,5.6
-8.046864,-34.93743,5.6
-8.046865,-34.937414,5.6
-8.046865,-34.937398,5.6
-8.046865,-34.937383,5.6
-8.046865,-34.937367,5.6
-8.046865,-34.937352,5.6
-8.046864,-34.937337,5.6
-8.046863,-34.937322,5.6
-8.046862,-34.937308,5.6
-8.046861,-34.937293,5.6
-8.046862,-34.937279,5.6
-8.046862,-34.937265,5.6
-8.046863,-34.93725,5.6
-8.046863,-34.937236,5.6
-8.046864,-34.937222,5.6
-8.046864,-34.937208,5.6
-8.046865,-34.937194,5.6
-8.046865,-34.93718,5.6
-8.046865,-34.937163,5.6
-8.046864,-34.937147,5.6
-8.046864,-34.93713,5.6
-8.046863,-34.937114,5.6
-8.046864,-34.937101,5.6
-8.046865,-34.937088,5.6
-8.046866,-34.937075,5.6
-8.046867,-34.937062,4.4
-8.046866,-34.937049,4.4
-8.046865,-34.937036,4.4
-8.046865,-34.937022,4.4
-8.046864,-34.937009,4.4
-8.046863,-34.936996,4.4
-8.046862,-34.936982,4.4
-8.046861,-34.936968,4.4
-8.046859,-34.936954,4.4
-8.046858,-34.93694,4.4
-8.046858,-34.936926,4.4
-8.046858,-34.936911,4.4
-8.046857,-34.936897,4.4
-8.046857,-34.936883,4.4
-8.046859,-34.93687,4.4
-8.046861,-34.936858,4.4
-8.046863,-34.936845,4.4
-8.046865,-34.936832,4.4
-8.046866,-34.936818,4.4
-8.046867,-34.936804,4.4
-8.046867,-34.93679,4.4
-8.046868,-34.936776,4.4
-8.046868,-34.936763,4.4
-8.046868,-34.93675,4.4
-8.046868,-34.936737,4.4
-8.046868,-34.936724,3.2
-8.046868,-34.936705,3.2
-8.046868,-34.936687,3.2
-8.046868,-34.936668,3.2
-8.046869,-34.936654,3.2
-8.04687,-34.93664,3.2
-8.046871,-34.936626,3.2
-8.046872,-34.936612,3.2
-8.046872,-34.936599,3.2
-8.046873,-34.936587,3.2
-8.046873,-34.936574,3.2
-8.046873,-34.936561,3.2
-8.046874,-34.936551,3.2
-8.046875,-34.93654,3.2
-8.046875,-34.93653,3.2
-8.046876,-34.936519,3.2
-8.046877,-34.936509,3.2
-8.046877,-34.936497,3.2
-8.046876,-34.936485,3.2
-8.046876,-34.936472,3.2
-8.046875,-34.93646,3.2
-8.046875,-34.936448,3.2
-8.046876,-34.936435,3.2
-8.046877,-34.936423,3.2
-8.046878,-34.93641,3.2
-8.046879,-34.936397,3.2
-8.046879,-34.936383,3.2
-8.046878,-34.936368,3.2
-8.046878,-34.936354,3.2
-8.046877,-34.93634,3.2
-8.046879,-34.936322,3.2
-8.046882,-34.936305,3.2
-8.046884,-34.936287,3.2
-8.046888,-34.936269,3.2
-8.046892,-34.936251,3.2
-8.046896,-34.936233,3.2
-8.046899,-34.936217,3.2
-8.046902,-34.936201,3.2
-8.046905,-34.936185,3.2
-8.046908,-34.936169,3.2
-8.046906,-34.936155,3.2
-8.046904,-34.936142,3.2
-8.046902,-34.936128,3.2
-8.0469,-34.936115,3.2
-8.046893,-34.936103,3.2
-8.046886,-34.936091,3.2
-8.046879,-34.936079,3.2
-8.046872,-34.936067,3.2
-8.046867,-34.936054,3.2
-8.046861,-34.936041,3.2
-8.046856,-34.936028,3.2
-8.04685,-34.936015,3.2
-8.046848,-34.936003,3.2
-8.046846,-34.935991,3.2
-8.046843,-34.935978,3.2
-8.046841,-34.935966,3.2
-8.046839,-34.935954,4.2
-8.046839,-34.935941,4.2
-8.046839,-34.935928,4.2
-8.046839,-34.935916,4.2
-8.046839,-34.935903,4.2
-8.046839,-34.93589,4.2
-8.04684,-34.935878,4.2
-8.046841,-34.935865,4.2
-8.046843,-34.935853,4.2
-8.046844,-34.93584,4.2
-8.046845,-34.935828,4.2
-8.046848,-34.935816,4.2
-8.04685,-34.935804,4.2
-8.046853,-34.935792,4.2
-8.046855,-34.93578,4.2
-8.04686,-34.935768,4.2
-8.046864,-34.935756,4.2
-8.046869,-34.935743,4.2
-8.046873,-34.935731,4.2
-8.046873,-34.93572,4.2
-8.046873,-34.935709,4.2
-8.046873,-34.935699,4.2
-8.046873,-34.935688,4.2
-8.046873,-34.935677,4.2
-8.046872,-34.935664,4.2
-8.04687,-34.935651,4.2
-8.046869,-34.935639,4.2
-8.046867,-34.935626,4.2
-8.046865,-34.935615,4.2
-8.046863,-34.935604,4.2
-8.046861,-34.935592,4.2
-8.046859,-34.935581,4.2
-8.046857,-34.93557,4.2
-8.046852,-34.935556,4.2
-8.046846,-34.935542,4.2
-8.046841,-34.935528,4.2
-8.046835,-34.935514,4.2
-8.046831,-34.935501,4.2
-8.046828,-34.935488,4.2
-8.046824,-34.935475,4.2
-8.04682,-34.935462,4.2
-8.046819,-34.93545,4.2
-8.046818,-34.935438,4.2
-8.046816,-34.935425,4.2
-8.046815,-34.935413,4.2
-8.046814,-34.935401,4.2
-8.046814,-34.935385,4.2
-8.046814,-34.935369,4.2
-8.046813,-34.935353,4.2
-8.046813,-34.935337,4.2
-8.046814,-34.935319,4.2
-8.046815,-34.935301,4.2
-8.046816,-34.935283,4.2
-8.046816,-34.935265,4.2
-8.046817,-34.935247,4.2
-8.046817,-34.935229,4.2
-8.046817,-34.935213,4.2
-8.046816,-34.935197,4.2
-8.046816,-34.935181,4.2
-8.046815,-34.935163,4.2
-8.046815,-34.935145,4.2
-8.046814,-34.935127,4.2
-8.046813,-34.935112,4.2
-8.046811,-34.935096,4.2
-8.04681,-34.935081,4.2
-8.046808,-34.935066,4.2
-8.046809,-34.935051,4.2
-8.04681,-34.935035,4.2
-8.04681,-34.93502,4.2
-8.046811,-34.935004,4.2
-8.046812,-34.934991,4.2
-8.046812,-34.934979,4.2
-8.046813,-34.934966,4.2
-8.046813,-34.934953,4.2
-8.046814,-34.934938,4.2
-8.046814,-34.934924,4.2
-8.046815,-34.934909,4.2
-8.046815,-34.934894,4.2
-8.046815,-34.93488,4.2
-8.046815,-34.934866,4.2
-8.046815,-34.934852,4.2
-8.046815,-34.934838,4.2
-8.046815,-34.934822,4.2
-8.046816,-34.934806,4.2
-8.046816,-34.93479,4.2
-8.046816,-34.934774,4.2
-8.046815,-34.934756,4.2
-8.046813,-34.934738,4.2
-8.046812,-34.93472,4.2
-8.046811,-34.934705,4.2
-8.046811,-34.934689,4.2
-8.04681,-34.934674,4.2
-8.046809,-34.934659,4.2
-8.046808,-34.934644,4.2
-8.046806,-34.934629,4.2
-8.046805,-34.934615,4.2
-8.046803,-34.9346,4.2
-8.046803,-34.934586,4.2
-8.046802,-34.934571,4.2
-8.046802,-34.934557,4.2
-8.046801,-34.934543,4.2
-8.046802,-34.934528,4.2
-8.046804,-34.934513,4.2
-8.046805,-34.934497,4.2
-8.046806,-34.934482,4.2
-8.046807,-34.934469,4.2
-8.046808,-34.934455,4.2
-8.046808,-34.934442,4.2
-8.046809,-34.934428,4.2
-8.046808,-34.934417,4.2
-8.046807,-34.934406,4.2
-8.046807,-34.934394,4.2
-8.046806,-34.934383,4.2
-8.046805,-34.934372,4.2
-8.046805,-34.93436,4.2
-8.046805,-34.934347,4.2
-8.046804,-34.934335,4.2
-8.046804,-34.934323,11.6
-8.046804,-34.934308,11.6
-8.046804,-34.934292,11.6
-8.046803,-34.934277,11.6
-8.046803,-34.934262,11.6
-8.046802,-34.934247,11.6
-8.046802,-34.934231,11.6
-8.046801,-34.934216,11.6
-8.0468,-34.9342,11.6
-8.046799,-34.934185,11.6
-8.046798,-34.934169,11.6
-8.046797,-34.934154,11.6
-8.046796,-34.934134,11.6
-8.046796,-34.934113,11.6
-8.046795,-34.934093,11.6
-8.046795,-34.934079,11.6
-8.046796,-34.934065,11.6
-8.046796,-34.93405,11.6
-8.046796,-34.934036,11.6
-8.046796,-34.934024,11.6
-8.046796,-34.934012,11.6
-8.046795,-34.934,11.6
-8.046795,-34.933988,11.6
-8.046796,-34.933976,11.6
-8.046797,-34.933964,11.6
-8.046797,-34.933953,11.6
-8.046798,-34.933941,11.6
-8.046799,-34.933929,11.6
-8.0468,-34.933917,11.6
-8.046801,-34.933905,11.6
-8.046801,-34.933892,11.6
-8.046802,-34.93388,11.6
-8.046803,-34.933868,11.6
-8.046803,-34.933857,11.6
-8.046802,-34.933845,11.6
-8.046802,-34.933834,11.6
-8.046801,-34.933822,11.6
-8.046801,-34.933811,11.6
-8.046799,-34.933797,11.6
-8.046797,-34.933783,11.6
-8.046795,-34.933769,11.6
-8.046793,-34.933755,11.6
-8.046791,-34.93374,11.6
-8.046788,-34.933725,11.6
-8.046786,-34.933711,11.6
-8.046783,-34.933696,11.6
-8.046781,-34.933681,10.1
-8.04678,-34.933664,10.1
-8.046779,-34.933647,10.1
-8.046777,-34.933631,10.1
-8.046776,-34.933614,6.6
-8.046775,-34.933596,6.6
-8.046773,-34.933578,6.6
-8.046772,-34.93356,5.1
-8.046771,-34.93354,5.1
-8.046771,-34.933521,5.1
-8.04677,-34.933501,5.1
-8.04677,-34.933481,5.1
-8.046769,-34.93346,5.1
-8.046769,-34.93344,5.1
-8.046768,-34.933419,5.1
-8.046766,-34.933397,5.1
-8.046765,-34.933376,5.1
-8.046763,-34.933356,5.1
-8.046762,-34.933335,5.1
-8.04676,-34.933315,5.1
-8.046759,-34.933294,5.1
-8.046757,-34.933272,5.1
-8.046756,-34.933251,5.1
-8.046754,-34.93323,5.1
-8.046752,-34.93321,5.1
-8.04675,-34.933189,5.1
-8.046748,-34.933169,5.1
-8.046746,-34.933148,5.1
-8.046744,-34.933128,6.5
-8.046743,-34.933107,6.5
-8.046741,-34.933085,6.5
-8.04674,-34.933064,7.9
-8.046738,-34.933045,7.9
-8.046737,-34.933026,7.9
-8.046735,-34.933007,9.4
-8.046733,-34.932989,9.4
-8.046731,-34.932972,9.4
-8.046729,-34.932954,10.9
-8.046726,-34.932934,10.9
-8.046724,-34.932915,10.9
-8.046721,-34.932895,10.9
-8.046719,-34.932875,10.9
-8.046718,-34.932856,10.9
-8.046716,-34.932836,12.1
-8.046713,-34.932816,12.1
-8.046711,-34.932797,12.1
-8.046708,-34.932777,12.1
-8.046705,-34.932757,12.1
-8.046703,-34.932736,12.1
-8.0467,-34.932716,12.1
-8.046696,-34.932698,12.1
-8.046691,-34.93268,12.1
-8.046687,-34.932662,13.3
-8.046681,-34.932645,13.3
-8.046675,-34.932628,13.3
-8.046669,-34.932611,13.3
-8.046661,-34.932594,13.3
-8.046654,-34.932576,13.3
-8.046646,-34.932559,13.3
-8.046637,-34.932544,13.3
-8.046629,-34.932528,13.3
-8.04662,-34.932513,13.3
-8.046612,-34.932498,13.3
-8.046604,-34.932482,13.3
-8.046596,-34.932467,13.3
-8.046588,-34.93245,13.3
-8.04658,-34.932433,13.3
-8.046572,-34.932416,13.3
-8.046565,-34.932399,13.3
-8.046558,-34.932382,13.3
-8.046551,-34.932365,13.3
-8.046544,-34.932347,13.3
-8.046536,-34.932329,13.3
-8.046529,-34.932311,17.1
-8.046522,-34.932295,17.1
-8.046516,-34.932278,17.1
-8.046509,-34.932262,17.1
-8.0465,-34.932247,17.1
-8.046491,-34.932231,17.1
-8.046481,-34.932216,17.1
-8.046472,-34.932201,17.1
-8.046462,-34.932185,17.1
-8.046452,-34.932168,17.1
-8.046442,-34.932152,17.1
-8.046431,-34.932137,17.1
-8.046421,-34.932121,17.1
-8.04641,-34.932106,17.1
-8.046399,-34.932093,17.1
-8.046387,-34.932081,17.1
-8.046376,-34.932068,17.1
-8.046364,-34.932056,17.1
-8.046352,-34.932045,17.1
-8.04634,-34.932033,17.1
-8.046328,-34.932022,17.1
-8.046315,-34.932008,17.1
-8.046302,-34.931995,17.1
-8.046289,-34.931981,17.1
-8.046277,-34.931966,17.1
-8.046266,-34.931952,17.1
-8.046254,-34.931937,17.1
-8.046242,-34.931926,17.1
-8.046231,-34.931915,17.1
-8.046219,-34.931904,17.1
-8.046205,-34.931894,17.1
-8.046192,-34.931883,17.1
-8.046178,-34.931873,17.1
-8.046164,-34.931863,17.1
-8.046151,-34.931851,17.1
-8.046137,-34.931839,17.1
-8.046124,-34.931827,17.1
-8.04611,-34.931814,17.1
-8.046097,-34.931802,17.1
-8.046083,-34.931789,17.1
-8.046066,-34.931779,17.1
-8.04605,-34.931768,17.1
-8.046033,-34.931758,17.1
-8.046016,-34.93175,17.1
-8.045998,-34.931743,17.1
-8.045981,-34.931735,17.1
-8.045964,-34.931729,17.1
-8.045946,-34.931723,17.1
-8.045929,-34.931717,17.1
-8.04591,-34.93171,17.1
-8.045892,-34.931704,17.1
-8.045873,-34.931697,17.1
-8.045855,-34.931691,17.1
-8.045836,-34.931685,17.1
-8.045818,-34.931679,17.1
-8.045803,-34.931668,17.1
-8.045787,-34.931656,17.1
-8.045772,-34.931645,17.1
-8.045757,-34.931636,17.1
-8.045742,-34.931626,17.1
-8.045727,-34.931617,17.1
-8.045713,-34.931606,17.1
-8.045698,-34.931595,17.1
-8.045684,-34.931584,17.1
-8.045669,-34.931571,17.1
-8.045654,-34.931559,17.1
-8.045639,-34.931546,17.1
-8.045623,-34.931534,17.1
-8.045606,-34.931522,17.1
-8.04559,-34.93151,17.1
-8.045573,-34.931501,17.1
-8.045556,-34.931493,17.1
-8.045539,-34.931484,17.1
-8.045521,-34.931476,17.1
-8.045503,-34.931467,17.1
-8.045485,-34.931459,16.0
-8.045467,-34.931449,16.0
-8.04545,-34.93144,16.0
-8.045432,-34.93143,16.0
-8.045415,-34.931422,16.0
-8.045397,-34.931413,16.0
-8.04538,-34.931405,16.0
-8.045363,-34.931397,16.0
-8.045345,-34.93139,16.0
-8.045328,-34.931382,16.0
-8.045303,-34.931374,16.0
-8.045277,-34.931366,16.0
-8.045262,-34.931359,16.0
-8.045246,-34.931352,16.0
-8.045231,-34.931345,16.0
-8.045215,-34.931338,16.0
-8.045198,-34.93133,16.0
-8.045182,-34.931323,16.0
-8.045165,-34.931315,16.0
-8.045147,-34.931308,16.0
-8.04513,-34.931302,16.0
-8.045112,-34.931295,16.0
-8.045096,-34.931285,16.0
-8.04508,-34.931274,16.0
-8.045064,-34.931264,16.0
-8.045059,-34.931247,16.0
-8.045055,-34.93123,16.0
-8.04505,-34.931213,16.0
-8.045053,-34.931195,16.0
-8.045056,-34.931177,16.0
-8.045059,-34.931159,16.0
-8.045067,-34.931142,16.0
-8.045076,-34.931125,16.0
-8.045084,-34.931108,16.0
-8.045099,-34.931096,16.0
-8.045115,-34.931084,16.0
-8.04513,-34.931072,16.0
-8.045148,-34.931069,16.0
-8.045165,-34.931067,16.0
-8.045183,-34.931064,16.0
-8.045201,-34.931069,16.0
-8.04522,-34.931075,16.0
-8.045238,-34.93108,16.0
-8.045256,-34.931086,16.0
-8.045273,-34.931091,16.0
-8.045291,-34.931097,16.0
-8.045308,-34.931103,16.0
-8.045325,-34.931109,16.0
-8.045342,-34.931115,16.0
-8.045359,-34.931121,16.0
-8.045378,-34.931129,16.0
-8.045396,-34.931136,16.0
-8.045415,-34.931144,16.0
-8.045433,-34.931152,16.0
-8.045451,-34.931159,16.0
-8.045469,-34.931167,16.0
-8.045488,-34.931175,16.0
-8.045507,-34.931182,16.0
-8.045526,-34.93119,16.0
-8.045546,-34.931195,16.0
-8.045565,-34.9312,16.0
-8.045585,-34.931205,16.0
-8.045604,-34.931209,16.0
-8.045623,-34.931214,16.0
-8.045642,-34.931218,16.0
-8.045659,-34.931224,16.0
-8.045677,-34.93123,16.0
-8.045694,-34.931236,16.0
-8.045713,-34.931245,16.0
-8.045731,-34.931255,16.0
-8.04575,-34.931264,16.0
-8.045769,-34.93127,16.0
-8.045789,-34.931276,16.0
-8.045808,-34.931282,16.0
-8.045826,-34.931291,16.0
-8.045845,-34.931299,16.0
-8.045863,-34.931308,16.0
-8.04588,-34.931316,16.0
-8.045898,-34.931323,16.0
-8.045915,-34.931331,16.0
-8.045932,-34.93134,16.0
-8.045949,-34.93135,16.0
-8.045966,-34.931359,16.0
-8.045979,-34.931372,16.0
-8.045992,-34.931384,16.0
-8.046005,-34.931397,16.0
-8.046019,-34.931412,16.0
-8.046032,-34.931428,16.0
-8.046046,-34.931443,16.0
-8.04606,-34.931453,16.0
-8.046074,-34.931464,16.0
-8.046088,-34.931474,16.0
-8.046104,-34.931483,16.0
-8.04612,-34.931493,16.0
-8.046136,-34.931502,16.0
-8.046151,-34.931514,16.0
-8.046167,-34.931526,16.0
-8.046182,-34.931538,16.0
-8.046199,-34.931548,16.0
-8.046215,-34.931559,16.0
-8.046232,-34.931569,16.0
-8.04625,-34.93158,16.0
-8.046267,-34.931591,16.0
-8.046285,-34.931602,8.1
-8.046304,-34.931614,8.1
-8.046324,-34.931626,8.1
-8.046343,-34.931638,8.1
-8.046361,-34.931652,8.1
-8.04638,-34.931665,8.1
-8.046398,-34.931679,8.1
-8.046416,-34.93169,8.1
-8.046434,-34.931701,8.1
-8.046452,-34.931712,8.1
-8.046468,-34.931727,8.1
-8.046484,-34.931741,8.1
-8.0465,-34.931756,8.1
-8.046524,-34.931779,8.1
-8.046548,-34.931802,6.9
-8.046563,-34.931817,6.9
-8.046578,-34.931833,6.9
-8.046593,-34.931848,6.9
-8.046607,-34.931864,6.9
-8.046622,-34.93188,6.9
-8.046636,-34.931896,6.9
-8.046649,-34.931912,6.9
-8.046663,-34.931929,6.9
-8.046676,-34.931945,6.9
-8.04669,-34.931962,6.9
-8.046703,-34.931979,6.9
-8.046717,-34.931996,6.9
-8.046729,-34.932017,6.9
-8.04674,-34.932037,6.9
-8.046752,-34.932058,6.9
-8.046762,-34.932075,6.9
-8.046773,-34.932092,6.9
-8.046783,-34.932109,6.9
-8.046794,-34.932127,6.9
-8.046805,-34.932145,6.9
-8.046816,-34.932163,6.9
-8.046826,-34.93218,6.9
-8.046836,-34.932197,6.9
-8.046846,-34.932214,6.9
-8.046856,-34.932231,6.9
-8.046867,-34.932248,6.9
-8.046877,-34.932265,6.9
-8.046887,-34.932285,6.9
-8.046896,-34.932304,6.9
-8.046906,-34.932324,6.9
-8.046914,-34.932343,6.9
-8.046923,-34.932361,6.9
-8.046931,-34.93238,6.9
-8.046939,-34.9324,6.9
-8.046947,-34.93242,6.9
-8.046955,-34.93244,6.9
-8.046963,-34.93246,6.9
-8.046967,-34.93248,6.9
-8.046972,-34.932501,6.9
-8.046976,-34.932521,6.9
-8.046976,-34.932539,6.9
-8.046976,-34.932557,6.9
-8.046976,-34.932575,6.9
-8.046978,-34.932593,6.9
-8.04698,-34.932612,6.9
-8.046981,-34.93263,6.9
-8.046983,-34.932649,6.9
-8.046985,-34.93267,6.9
-8.046988,-34.932692,6.9
-8.04699,-34.932713,6.9
-8.046993,-34.932734,6.9
-8.046997,-34.932756,6.9
-8.047,-34.932777,6.9
-8.047002,-34.932799,6.9
-8.047003,-34.932822,6.9
-8.047005,-34.932844,6.9
-8.047005,-34.932866,6.9
-8.047005,-34.932888,6.9
-8.047005,-34.93291,6.9
-8.047006,-34.93293,6.9
-8.047006,-34.932949,6.9
-8.047007,-34.932969,6.9
-8.047008,-34.932989,6.9
-8.04701,-34.93301,6.9
-8.047011,-34.93303,6.9
-8.047012,-34.933049,6.9
-8.047012,-34.933068,6.9
-8.047013,-34.933087,6.9
-8.047014,-34.933105,6.9
-8.047016,-34.933122,6.9
-8.047017,-34.93314,6.9
-8.047018,-34.933159,6.9
-8.047018,-34.933178,6.9
-8.047019,-34.933197,6.9
-8.047021,-34.933216,6.9
-8.047024,-34.933234,6.9
-8.047026,-34.933253,6.9
-8.047028,-34.93327,6.9
-8.04703,-34.933287,6.9
-8.047032,-34.933304,6.9
-8.047033,-34.93332,6.9
-8.047033,-34.933337,6.9
-8.047034,-34.933353,6.9
-8.047034,-34.933373,6.9
-8.047034,-34.933392,6.9
-8.047034,-34.933412,6.9
-8.047034,-34.933432,6.9
-8.047034,-34.933451,6.9
-8.047034,-34.933471,6.9
-8.047035,-34.933491,6.9
-8.047036,-34.933512,6.9
-8.047037,-34.933532,6.9
-8.047039,-34.933552,6.9
-8.04704,-34.933571,6.9
-8.047042,-34.933591,6.9
-8.047046,-34.933611,6.9
-8.04705,-34.93363,6.9
-8.047054,-34.93365,6.9
-8.047057,-34.93367,6.9
-8.047059,-34.933689,6.9
-8.047062,-34.933709,6.9
-8.047063,-34.933728,6.9
-8.047065,-34.933746,6.9
-8.047066,-34.933765,6.9
-8.047066,-34.933786,6.9
-8.047065,-34.933806,6.9
-8.047065,-34.933827,6.9
-8.047065,-34.933847,6.9
-8.047064,-34.933868,6.9
-8.047064,-34.933888,6.9
-8.047065,-34.933909,6.9
-8.047065,-34.933931,6.9
-8.047066,-34.933952,6.9
-8.047067,-34.933972,6.9
-8.047067,-34.933993,6.9
-8.047068,-34.934013,6.9
-8.047068,-34.934036,6.9
-8.047068,-34.93406,6.9
-8.047068,-34.934083,6.9
-8.047068,-34.934104,6.9
-8.047067,-34.934126,6.9
-8.047067,-34.934147,6.9
-8.047067,-34.93417,6.9
-8.047067,-34.934193,6.9
-8.047067,-34.934216,6.9
-8.047067,-34.934239,6.9
-8.047067,-34.934262,6.9
-8.047067,-34.934285,6.9
-8.047068,-34.934308,6.9
-8.047068,-34.934331,6.9
-8.047069,-34.934354,6.9
-8.04707,-34.934378,6.9
-8.04707,-34.934402,6.9
-8.047071,-34.934426,6.9
-8.04707,-34.934447,6.9
-8.047069,-34.934467,6.9
-8.047069,-34.934492,6.9
-8.047069,-34.934516,6.9
-8.047069,-34.934541,6.9
-8.04707,-34.934561,6.9
-8.047072,-34.93458,6.9
-8.047073,-34.9346,6.9
-8.047077,-34.93462,6.9
-8.047081,-34.934641,6.9
-8.047085,-34.934661,6.9
-8.047088,-34.934682,6.9
-8.047092,-34.934702,6.9
-8.047095,-34.934723,6.9
-8.047097,-34.934743,6.9
-8.047099,-34.934762,6.9
-8.0471,-34.934782,6.9
-8.047102,-34.934802,6.9
-8.047101,-34.934824,6.9
-8.047101,-34.934846,6.9
-8.0471,-34.934868,6.9
-8.047098,-34.934889,6.9
-8.047097,-34.934909,6.9
-8.047095,-34.93493,6.9
-8.047094,-34.934951,6.9
-8.047092,-34.934973,6.9
-8.047091,-34.934994,6.9
-8.04709,-34.935014,6.9
-8.04709,-34.935035,6.9
-8.047089,-34.935055,6.9
-8.047091,-34.935076,6.9
-8.047092,-34.935098,6.9
-8.047094,-34.935119,6.9
-8.047093,-34.935138,6.9
-8.047093,-34.935157,6.9
-8.047092,-34.935176,6.9
-8.047092,-34.935198,6.9
-8.047092,-34.93522,6.9
-8.047092,-34.935242,6.9
-8.047093,-34.935263,6.9
-8.047095,-34.935283,6.9
-8.047096,-34.935304,6.9
-8.047098,-34.935325,6.9
-8.0471,-34.935347,6.9
-8.047102,-34.935368,6.9
-8.047104,-34.935389,6.9
-8.047106,-34.935411,6.9
-8.047108,-34.935432,6.9
-8.047111,-34.935452,6.9
-8.047113,-34.935473,6.9
-8.047116,-34.935493,6.9
-8.047116,-34.935512,6.9
-8.047117,-34.93553,6.9
-8.047117,-34.935549,6.9
-8.047117,-34.935569,6.9
-8.047117,-34.935588,6.9
-8.047117,-34.935608,5.2
-8.047118,-34.935624,5.2
-8.047119,-34.935641,5.2
-8.04712,-34.935657,3.3
-8.04712,-34.935671,3.3
-8.04712,-34.935684,3.3
-8.047119,-34.935698,3.3
-8.047119,-34.935711,0.2
-8.047118,-34.935723,0.2
-8.047117,-34.935734,0.2
-8.047115,-34.935746,0.2
-8.047114,-34.935757,0.2
-8.04711,-34.93577,0.2
-8.047107,-34.935783,0.2
-8.047103,-34.935795,0.2
-8.0471,-34.935808,0.2
-8.047096,-34.935821,0.2
-8.047091,-34.935833,0.2
-8.047086,-34.935844,0.2
-8.04708,-34.935856,0.2
-8.047075,-34.935867,1.6
-8.047074,-34.935879,1.6
-8.047072,-34.935891,1.6
-8.047071,-34.935904,1.6
-8.047069,-34.935916,1.6
-8.047068,-34.935928,2.9
-8.047064,-34.935942,2.9
-8.04706,-34.935955,2.9
-8.047056,-34.935969,2.9
-8.047052,-34.935982,4.1
-8.047042,-34.935995,4.1
-8.047033,-34.936007,4.1
-8.047023,-34.93602,5.3
-8.047012,-34.936022,5.3
-8.047002,-34.936023,5.3
-8.046991,-34.936025,5.3
-8.046981,-34.936026,5.3
-8.04697,-34.936028,5.3
-8.046959,-34.936021,5.3
-8.046949,-34.936014,5.3
-8.046938,-34.936007,5.3
-8.046927,-34.936,5.3
-8.046918,-34.935992,5.3
-8.046909,-34.935984,5.3
-8.046901,-34.935975,5.3
-8.046892,-34.935967,5.3
-8.046883,-34.935959,6.5
-8.046876,-34.935947,6.5
-8.04687,-34.935934,6.5
-8.046863,-34.935922,6.5
-8.046856,-34.93591,6.5
-8.046852,-34.935898,6.5
-8.046847,-34.935887,6.5
-8.046843,-34.935875,6.5
-8.046838,-34.935864,6.5
-8.046836,-34.935849,6.5
-8.046833,-34.935834,6.5
-8.046831,-34.93582,6.5
-8.046828,-34.935805,6.5
-8.046826,-34.935793,6.5
-8.046824,-34.935781,6.5
-8.046822,-34.935769,6.5
-8.04682,-34.935757,6.5
-8.046818,-34.935743,6.5
-8.046816,-34.93573,6.5
-8.046813,-34.935716,6.5
-8.046811,-34.935703,6.5
-8.04681,-34.935689,6.5
-8.046808,-34.935675,6.5
-8.046807,-34.935661,6.5
-8.046805,-34.935647,6.5
-8.046807,-34.935634,6.5
-8.04681,-34.93562,6.5
-8.046812,-34.935607,6.5
-8.046814,-34.935593,6.5
-8.046815,-34.93558,6.5
-8.046816,-34.935566,6.5
-8.046817,-34.935553,6.5
-8.046818,-34.935539,6.5
-8.046821,-34.935529,6.5
-8.046823,-34.93552,6.5
-8.046826,-34.93551,6.5
-8.046828,-34.935501,6.5
-8.046831,-34.935491,6.5
-8.046832,-34.935478,6.5
-8.046834,-34.935464,6.5
-8.046835,-34.935451,6.5
-8.046836,-34.935437,6.5
-8.046836,-34.935428,6.5
-8.046835,-34.935419,6.5
-8.046835,-34.93541,6.5
-8.046835,-34.935401,6.5
-8.046834,-34.935392,6.5
-8.046834,-34.935383,6.5
-8.046832,-34.935372,6.5
-8.04683,-34.935361,6.5
-8.046828,-34.935349,6.5
-8.046826,-34.935338,6.5
-8.046824,-34.935327,6.5
-8.046822,-34.935314,6.5
-8.04682,-34.935301,6.5
-8.046817,-34.935289,6.5
-8.046815,-34.935276,6.5
-8.046815,-34.93526,6.5
-8.046816,-34.935244,6.5
-8.046816,-34.935228,6.5
-8.046816,-34.935212,6.5
-8.046815,-34.935198,6.5
-8.046814,-34.935185,6.5
-8.046813,-34.935171,6.5
-8.046812,-34.935158,6.5
-8.046813,-34.935144,6.5
-8.046814,-34.93513,6.5
-8.046814,-34.935115,6.5
-8.046815,-34.935101,6.5
-8.046816,-34.935088,6.5
-8.046817,-34.935075,6.5
-8.046818,-34.935061,6.5
-8.046819,-34.935048,6.5
-8.046822,-34.935035,6.5
-8.046825,-34.935021,6.5
-8.046827,-34.935008,6.5
-8.04683,-34.934994,6.5
-8.046832,-34.934979,6.5
-8.046835,-34.934963,6.5
-8.046837,-34.934948,6.5
-8.046839,-34.934932,6.5
-8.046839,-34.934917,6.5
-8.046838,-34.934901,6.5
-8.046838,-34.934886,6.5
-8.046838,-34.934886,6.5
-8.046838,-34.934886,6.5
-8.046828,-34.934838,6.5
-8.046826,-34.934825,6.5
-8.046823,-34.934812,6.5
-8.046821,-34.9348,6.5
-8.046818,-34.934787,6.5
-8.046816,-34.934774,6.5
-8.046816,-34.934759,6.5
-8.046816,-34.934744,6.5
-8.046815,-34.93473,6.5
-8.046815,-34.934715,6.5
-8.046814,-34.934699,6.5
-8.046814,-34.934684,6.5
-8.046813,-34.934668,6.5
-8.046812,-34.934653,6.5
-8.046812,-34.934639,6.5
-8.046812,-34.934625,6.5
-8.046811,-34.934611,6.5
-8.046811,-34.934597,6.5
-8.046813,-34.934581,6.5
-8.046816,-34.934565,6.5
-8.046818,-34.934549,6.5
-8.04682,-34.934533,6.5
-8.046822,-34.934518,6.5
-8.046823,-34.934504,6.5
-8.046825,-34.934489,6.5
-8.046826,-34.934474,6.5
-8.046825,-34.934462,6.5
-8.046824,-34.93445,6.5
-8.046823,-34.934438,6.5
-8.046822,-34.934426,6.5
-8.046824,-34.934411,6.5
-8.046825,-34.934395,6.5
-8.046827,-34.93438,6.5
-8.046828,-34.934364,5.3
-8.046826,-34.934351,5.3
-8.046824,-34.934338,5.3
-8.046823,-34.934326,5.3
-8.046821,-34.934313,5.3
-8.046819,-34.9343,5.3
-8.046819,-34.934285,5.3
-8.046818,-34.934269,5.3
-8.046818,-34.934254,5.3
-8.046817,-34.934239,5.3
-8.046817,-34.934222,5.3
-8.046817,-34.934204,5.3
-8.046816,-34.934187,5.3
-8.046816,-34.93417,5.3
-8.046815,-34.934154,5.3
-8.046815,-34.934137,5.3
-8.046814,-34.934121,5.3
-8.046812,-34.934106,5.3
-8.046811,-34.934091,5.3
-8.046809,-34.934077,5.3
-8.046807,-34.934062,5.3
-8.046806,-34.934047,5.3
-8.046806,-34.934032,5.3
-8.046805,-34.934018,5.3
-8.046804,-34.934003,5.3
-8.046804,-34.933988,5.3
-8.046804,-34.933973,5.3
-8.046803,-34.933959,5.3
-8.046803,-34.933944,5.3
-8.046803,-34.93393,5.3
-8.046804,-34.933916,5.3
-8.046804,-34.933902,5.3
-8.046804,-34.933888,5.3
-8.046806,-34.933875,5.3
-8.046808,-34.933863,5.3
-8.046809,-34.93385,5.3
-8.046811,-34.933837,5.3
-8.046811,-34.933823,5.3
-8.046812,-34.933809,5.3
-8.046812,-34.933794,5.3
-8.046812,-34.93378,5.3
-8.046809,-34.933761,5.3
-8.046806,-34.933743,5.3
-8.046803,-34.933724,5.3
-8.046799,-34.933702,5.3
-8.046794,-34.93368,5.3
-8.04679,-34.933658,10.9
-8.046787,-34.933633,10.9
-8.046784,-34.933608,10.9
-8.046781,-34.933583,10.9
-8.04678,-34.933556,10.9
-8.046779,-34.93353,10.9
-8.046779,-34.9335,10.9
-8.046778,-34.933471,10.9
-8.046778,-34.933445,10.9
-8.046777,-34.93342,10.9
-8.046777,-34.933397,10.9
-8.046776,-34.933373,10.9
-8.046776,-34.93335,10.9
-8.046775,-34.93333,10.9
-8.046775,-34.933309,10.9
-8.046774,-34.933289,12.1
-8.046774,-34.933268,12.1
-8.046773,-34.933246,12.1
-8.046773,-34.933225,12.1
-8.046772,-34.933203,12.1
-8.046772,-34.93318,12.1
-8.046771,-34.933158,12.1
-8.04677,-34.933137,12.1
-8.046769,-34.933115,12.1
-8.046768,-34.933094,12.1
-8.046767,-34.933074,12.1
-8.046766,-34.933053,12.1
-8.046765,-34.933033,12.1
-8.046766,-34.933013,12.1
-8.046767,-34.932992,12.1
-8.046768,-34.932972,12.1
-8.046767,-34.932949,12.1
-8.046765,-34.932925,12.1
-8.046764,-34.932902,12.1
-8.046762,-34.93288,12.1
-8.04676,-34.932858,12.1
-8.046758,-34.932836,12.1
-8.046755,-34.932813,12.1
-8.046751,-34.93279,12.1
-8.046748,-34.932767,12.1
-8.046745,-34.932744,12.1
-8.046741,-34.932721,12.1
-8.046738,-34.932698,12.1
-8.046732,-34.932675,12.1
-8.046725,-34.932651,12.1
-8.046719,-34.932628,12.1
-8.046711,-34.932607,12.1
-8.046702,-34.932585,12.1
-8.046694,-34.932564,12.1
-8.046686,-34.932542,12.1
-8.046677,-34.93252,12.1
-8.046669,-34.932498,12.1
-8.04666,-34.932477,12.1
-8.04665,-34.932455,12.1
-8.046641,-34.932434,12.1
-8.046631,-34.932415,12.1
-8.046621,-34.932395,12.1
-8.04661,-34.932376,12.1
-8.0466,-34.932357,12.1
-8.04659,-34.932338,12.1
-8.04658,-34.93232,12.1
-8.04657,-34.932301,12.1
-8.046561,-34.93228,12.1
-8.046551,-34.93226,12.1
-8.046542,-34.932239,12.1
-8.046532,-34.93222,12.1
-8.046521,-34.932202,12.1
-8.046511,-34.932183,12.1
-8.046499,-34.932165,12.1
-8.046486,-34.932147,12.1
-8.046474,-34.932129,12.1
-8.046461,-34.932111,12.1
-8.046448,-34.932094,12.1
-8.046435,-34.932076,12.1
-8.04642,-34.93206,12.1
-8.046405,-34.932045,12.1
-8.04639,-34.932029,12.1
-8.046374,-34.932021,12.1
-8.046358,-34.932012,12.1
-8.046342,-34.932004,12.1
-8.046326,-34.931992,12.1
-8.046311,-34.93198,12.1
-8.046295,-34.931968,12.1
-8.046283,-34.93195,12.1
-8.046271,-34.931932,12.1
-8.046259,-34.931914,12.1
-8.046248,-34.931898,12.1
-8.046236,-34.931882,12.1
-8.046225,-34.931866,12.1
-8.046213,-34.931851,12.1
-8.0462,-34.931835,12.1
-8.046188,-34.93182,12.1
-8.046171,-34.931807,12.1
-8.046153,-34.931794,12.1
-8.046136,-34.931781,12.1
-8.046115,-34.931773,12.1
-8.046094,-34.931766,12.1
-8.046073,-34.931758,12.1
-8.046054,-34.931749,12.1
-8.046036,-34.931741,12.1
-8.046017,-34.931732,12.1
-8.045999,-34.931723,12.1
-8.04598,-34.931713,12.1
-8.045962,-34.931704,12.1
-8.045943,-34.931696,12.1
-8.045924,-34.931687,12.1
-8.045905,-34.931679,12.1
-8.045885,-34.93167,12.1
-8.045866,-34.931662,12.1
-8.045846,-34.931653,12.1
-8.045827,-34.931644,12.1
-8.045808,-34.931634,12.1
-8.045789,-34.931625,12.1
-8.045771,-34.931615,12.1
-8.045752,-34.931604,12.1
-8.045734,-34.931594,12.1
-8.045716,-34.931586,12.1
-8.045698,-34.931577,12.1
-8.04568,-34.931569,12.1
-8.045661,-34.931559,12.1
-8.045643,-34.93155,12.1
-8.045624,-34.93154,12.1
-8.045606,-34.93153,12.1
-8.045587,-34.93152,12.1
-8.045569,-34.93151,12.1
-8.045552,-34.931501,12.1
-8.045535,-34.931491,12.1
-8.045518,-34.931482,12.1
-8.045502,-34.931472,12.1
-8.045486,-34.931461,12.1
-8.04547,-34.931451,12.1
-8.045454,-34.931439,12.1
-8.045437,-34.931427,12.1
-8.045421,-34.931415,12.1
-8.045402,-34.931405,12.1
-8.045384,-34.931394,12.1
-8.045365,-34.931384,12.1
-8.045344,-34.931378,12.1
-8.045322,-34.931372,12.1
-8.045301,-34.931366,12.1
-8.045279,-34.931362,12.1
-8.045257,-34.931358,12.1
-8.045235,-34.931354,12.1
-8.045214,-34.931344,12.1
-8.045193,-34.931333,12.1
-8.045172,-34.931323,12.1
-8.045154,-34.931309,12.1
-8.045136,-34.931296,12.1
-8.045118,-34.931282,12.1
-8.045104,-34.931267,12.1
-8.045089,-34.931251,12.1
-8.045075,-34.931236,12.1
-8.045072,-34.931217,12.1
-8.045068,-34.931199,12.1
-8.045065,-34.93118,12.1
-8.045071,-34.93116,12.1
-8.045077,-34.93114,12.1
-8.045083,-34.93112,12.1
-8.045089,-34.9311,12.1
-8.045103,-34.931085,12.1
-8.045117,-34.931069,12.1
-8.045131,-34.931054,12.1
-8.04515,-34.93105,12.1
-8.045168,-34.931045,12.1
-8.045187,-34.931041,12.1
-8.045207,-34.931046,12.1
-8.045226,-34.931052,12.1
-8.045246,-34.931057,12.1
-8.045266,-34.931066,12.1
-8.045287,-34.931076,12.1
-8.045307,-34.931085,12.1
-8.045326,-34.931094,12.1
-8.045344,-34.931104,12.1
-8.045363,-34.931113,12.1
-8.045382,-34.931125,12.1
-8.045402,-34.931137,12.1
-8.045421,-34.931149,8.8
-8.045441,-34.931157,8.8
-8.045462,-34.931166,8.8
-8.045482,-34.931174,6.0
-8.045502,-34.931184,6.0
-8.045521,-34.931193,6.0
-8.045541,-34.931203,6.0
-8.045562,-34.931211,6.0
-8.045582,-34.93122,6.0
-8.045603,-34.931228,6.0
-8.045623,-34.931236,6.0
-8.045643,-34.931243,6.0
-8.045663,-34.931251,6.0
-8.045685,-34.931256,6.0
-8.045706,-34.931262,6.0
-8.045728,-34.931267,7.4
-8.04575,-34.931269,7.4
-8.045771,-34.931272,7.4
-8.045793,-34.931274,9.0
-8.045814,-34.931282,9.0
-8.045834,-34.931289,9.0
-8.045855,-34.931297,9.0
-8.045876,-34.931307,9.0
-8.045896,-34.931318,9.0
-8.045917,-34.931328,10.2
-8.045937,-34.931338,10.2
-8.045956,-34.931349,10.2
-8.045976,-34.931359,10.2
-8.045992,-34.931374,10.2
-8.046008,-34.93139,10.2
-8.046024,-34.931405,11.4
-8.046038,-34.931419,11.4
-8.046051,-34.931432,11.4
-8.046065,-34.931446,11.4
-8.046083,-34.931456,11.4
-8.0461,-34.931466,11.4
-8.046118,-34.931476,11.4
-8.046137,-34.931486,11.4
-8.046155,-34.931497,11.4
-8.046174,-34.931507,11.4
-8.046193,-34.931517,11.4
-8.046211,-34.931528,11.4
-8.04623,-34.931538,11.4
-8.046248,-34.931551,11.4
-8.046267,-34.931563,11.4
-8.046285,-34.931576,11.4
-8.046285,-34.931576,11.4
-8.046341,-34.931615,12.6
-8.046359,-34.931628,12.6
-8.046378,-34.93164,12.6
-8.046396,-34.931653,12.6
-8.046413,-34.931667,12.6
-8.04643,-34.93168,12.6
-8.046447,-34.931694,12.6
-8.046464,-34.931709,12.6
-8.046482,-34.931725,12.6
-8.046499,-34.93174,12.6
-8.046516,-34.931755,12.6
-8.046532,-34.931771,12.6
-8.046549,-34.931786,12.6
-8.046564,-34.9318,12.6
-8.04658,-34.931813,12.6
-8.046595,-34.931827,12.6
-8.04661,-34.931842,12.6
-8.046626,-34.931858,12.6
-8.046641,-34.931873,12.6
-8.046654,-34.931889,12.6
-8.046667,-34.931906,12.6
-8.04668,-34.931922,12.6
-8.046692,-34.93194,12.6
-8.046705,-34.931958,12.6
-8.046717,-34.931976,12.6
-8.046731,-34.931996,12.6
-8.046744,-34.932015,12.6
-8.046758,-34.932035,12.6
-8.046772,-34.932054,12.6
-8.046785,-34.932072,12.6
-8.046799,-34.932091,12.6
-8.046811,-34.932111,12.6
-8.046822,-34.932132,12.6
-8.046831,-34.932152,12.6
-8.046839,-34.932171,12.6
-8.046848,-34.932191,12.6
-8.046854,-34.93221,12.6
-8.046861,-34.932228,12.6
-8.046867,-34.932247,12.6
-8.046872,-34.932266,12.6
-8.046878,-34.932284,12.6
-8.046883,-34.932303,12.6
-8.046887,-34.932325,12.6
-8.046892,-34.932348,12.6
-8.046896,-34.93237,12.6
-8.0469,-34.932391,12.6
-8.046905,-34.932413,12.6
-8.046909,-34.932434,12.6
-8.046911,-34.932454,12.6
-8.046914,-34.932475,12.6
-8.046916,-34.932495,12.6
-8.046913,-34.932511,12.6
-8.04691,-34.932526,12.6
-8.046907,-34.932542,12.6
-8.046904,-34.932557,12.6
-8.046906,-34.932577,12.6
-8.046908,-34.932598,12.6
-8.04691,-34.932618,12.6
-8.046915,-34.93264,12.6
-8.04692,-34.932663,12.6
-8.046925,-34.932685,10.8
-8.04693,-34.932705,10.8
-8.046935,-34.932726,10.8
-8.04694,-34.932746,9.4
-8.046943,-34.932766,9.4
-8.046947,-34.932785,9.4
-8.04695,-34.932805,6.7
-8.046951,-34.932821,6.7
-8.046952,-34.932838,6.7
-8.046953,-34.932854,6.7
-8.046952,-34.932869,6.7
-8.046951,-34.932885,6.7
-8.04695,-34.9329,6.7
-8.046952,-34.932914,6.7
-8.046954,-34.932928,6.7
-8.046955,-34.932942,6.7
-8.046957,-34.932956,8.0
-8.046961,-34.932967,8.0
-8.046965,-34.932979,8.0
-8.046968,-34.93299,8.0
-8.046972,-34.933002,9.1
-8.046975,-34.933016,9.1
-8.046977,-34.93303,9.1
-8.04698,-34.933045,9.1
-8.046982,-34.933059,10.3
-8.046983,-34.933073,10.3
-8.046984,-34.933088,10.3
-8.046985,-34.933102,10.3
-8.046986,-34.933117,10.3
-8.046987,-34.93313,10.3
-8.046989,-34.933144,10.3
-8.04699,-34.933157,10.3
-8.046991,-34.933171,11.5
-8.046993,-34.933186,11.5
-8.046996,-34.9332,11.5
-8.046998,-34.933215,11.5
-8.047,-34.93323,11.5
-8.047002,-34.933248,11.5
-8.047003,-34.933266,11.5
-8.047005,-34.933284,11.5
-8.047006,-34.933299,11.5
-8.047007,-34.933313,11.5
-8.047008,-34.933328,11.5
-8.047009,-34.933343,11.5
-8.047008,-34.933355,11.5
-8.047007,-34.933367,11.5
-8.047005,-34.933379,11.5
-8.047004,-34.933391,11.5
-8.047004,-34.933405,11.5
-8.047004,-34.93342,11.5
-8.047003,-34.933434,11.5
-8.047003,-34.933448,11.5
-8.047003,-34.933461,11.5
-8.047003,-34.933475,11.5
-8.047003,-34.933488,11.5
-8.047003,-34.933501,11.5
-8.047003,-34.933516,11.5
-8.047004,-34.93353,11.5
-8.047004,-34.933545,11.5
-8.047004,-34.93356,11.5
-8.047004,-34.933574,11.5
-8.047005,-34.933588,11.5
-8.047005,-34.933603,11.5
-8.047005,-34.933617,11.5
-8.047006,-34.93363,11.5
-8.047006,-34.933643,11.5
-8.047007,-34.933657,11.5
-8.047007,-34.93367,11.5
-8.047008,-34.933685,11.5
-8.04701,-34.933701,11.5
-8.047011,-34.933716,11.5
-8.047012,-34.933732,11.5
-8.047012,-34.933747,11.5
-8.047012,-34.933763,11.5
-8.047011,-34.933778,11.5
-8.047011,-34.933793,11.5
-8.047011,-34.933807,11.5
-8.047011,-34.933822,11.5
-8.047011,-34.933836,11.5
-8.047011,-34.93385,11.5
-8.047012,-34.933863,11.5
-8.047013,-34.933876,11.5
-8.047013,-34.93389,11.5
-8.047014,-34.933903,11.5
-8.047016,-34.933915,11.5
-8.047018,-34.933927,11.5
-8.04702,-34.93394,11.5
-8.047022,-34.933952,11.5
-8.047024,-34.933965,11.5
-8.047025,-34.933979,11.5
-8.047027,-34.933992,11.5
-8.047028,-34.934006,11.5
-8.047028,-34.93402,11.5
-8.047028,-34.934033,11.5
-8.047028,-34.934047,11.5
-8.047028,-34.93406,11.5
-8.047027,-34.934074,11.5
-8.047025,-34.934088,11.5
-8.047024,-34.934102,11.5
-8.047022,-34.934116,11.5
-8.047023,-34.934127,11.5
-8.047024,-34.934138,11.5
-8.047024,-34.934148,11.5
-8.047025,-34.934159,11.5
-8.047026,-34.93417,11.5
-8.047026,-34.934185,11.5
-8.047027,-34.9342,11.5
-8.047027,-34.934216,11.5
-8.047027,-34.934231,11.5
-8.047029,-34.934246,11.5
-8.047032,-34.934261,11.5
-8.047034,-34.934277,11.5
-8.047036,-34.934292,11.5
-8.047036,-34.934306,11.5
-8.047036,-34.934319,11.5
-8.047036,-34.934333,11.5
-8.047036,-34.934346,11.5
-8.047037,-34.934361,11.5
-8.047037,-34.934375,11.5
-8.047038,-34.93439,11.5
-8.047038,-34.934405,11.5
-8.047038,-34.934421,11.5
-8.047038,-34.934436,11.5
-8.047037,-34.934452,11.5
-8.047037,-34.934467,10.3
-8.047039,-34.934484,10.3
-8.04704,-34.934501,10.3
-8.047042,-34.934519,10.3
-8.047043,-34.934536,10.3
-8.047045,-34.934559,10.3
-8.047046,-34.934582,10.3
-8.047048,-34.934605,10.3
-8.047049,-34.934629,10.3
-8.047051,-34.934652,10.3
-8.047052,-34.934676,9.1
-8.047061,-34.934707,9.1
-8.047069,-34.934738,9.1
-8.047075,-34.934759,9.1
-8.047081,-34.934781,9.1
-8.047087,-34.934802,9.1
-8.047092,-34.934824,9.1
-8.047096,-34.934846,9.1
-8.047101,-34.934868,9.1
-8.047103,-34.934891,9.1
-8.047104,-34.934915,9.1
-8.047106,-34.934938,10.3
-8.047105,-34.934957,10.3
-8.047105,-34.934977,10.3
-8.047104,-34.934996,10.3
-8.047105,-34.935018,10.3
-8.047105,-34.935041,10.3
-8.047106,-34.935063,10.3
-8.047106,-34.935084,10.3
-8.047106,-34.935106,10.3
-8.047106,-34.935127,10.3
-8.047106,-34.935148,10.3
-8.047106,-34.93517,10.3
-8.047106,-34.935191,10.3
-8.047106,-34.935214,10.3
-8.047105,-34.935237,10.3
-8.047105,-34.93526,10.3
-8.047107,-34.935281,10.3
-8.047108,-34.935301,10.3
-8.04711,-34.935322,10.3
-8.047111,-34.935343,10.3
-8.047111,-34.935365,10.3
-8.047112,-34.935386,10.3
-8.047113,-34.935408,10.3
-8.047113,-34.93543,10.3
-8.047114,-34.935452,11.5
-8.047113,-34.935473,11.5
-8.047111,-34.935495,11.5
-8.04711,-34.935516,11.5
-8.047109,-34.935537,11.5
-8.047108,-34.935559,11.5
-8.047107,-34.93558,11.5
-8.047107,-34.935602,11.5
-8.047106,-34.935625,11.5
-8.047106,-34.935647,11.5
-8.047105,-34.935667,11.5
-8.047105,-34.935688,11.5
-8.047104,-34.935708,11.5
-8.047101,-34.935728,11.5
-8.047098,-34.935747,11.5
-8.047095,-34.935767,11.5
-8.047091,-34.935787,11.5
-8.047086,-34.935808,11.5
-8.047082,-34.935828,11.5
-8.047076,-34.93585,11.5
-8.047071,-34.935873,11.5
-8.047065,-34.935895,11.5
-8.047058,-34.935914,11.5
-8.047051,-34.935932,11.5
-8.047044,-34.935951,11.5
-8.047031,-34.935966,11.5
-8.047017,-34.935982,11.5
-8.047004,-34.935997,11.5
-8.046985,-34.936002,11.5
-8.046967,-34.936008,11.5
-8.046948,-34.936013,11.5
-8.046931,-34.936006,11.5
-8.046914,-34.935999,11.5
-8.046897,-34.935992,11.5
-8.046885,-34.935981,11.5
-8.046872,-34.93597,11.5
-8.04686,-34.935959,11.5
-8.046851,-34.935941,11.5
-8.046841,-34.935923,11.5
-8.046832,-34.935905,11.5
-8.046828,-34.935884,11.5
-8.046823,-34.935862,11.5
-8.046819,-34.935841,11.5
-8.046815,-34.935821,11.5
-8.046812,-34.9358,11.5
-8.046808,-34.93578,11.5
-8.046808,-34.935757,11.5
-8.046807,-34.935734,11.5
-8.046807,-34.935711,11.5
-8.046805,-34.935688,11.5
-8.046803,-34.935665,11.5
-8.046801,-34.935642,11.5
-8.046798,-34.935618,11.5
-8.046796,-34.935594,11.5
-8.046793,-34.93557,11.5
-8.046794,-34.935547,11.5
-8.046795,-34.935524,11.5
-8.046797,-34.935506,11.5
-8.046799,-34.935488,11.5
-8.046801,-34.93547,11.5
-8.046803,-34.93545,11.5
-8.046804,-34.935429,11.5
-8.046806,-34.935409,11.5
-8.046806,-34.935387,11.5
-8.046805,-34.935364,11.5
-8.046805,-34.935342,11.5
-8.046806,-34.93532,11.5
-8.046807,-34.935298,11.5
-8.046808,-34.935276,11.5
-8.046807,-34.935257,11.5
-8.046807,-34.935238,11.5
-8.046806,-34.935219,11.5
-8.046803,-34.935199,11.5
-8.0468,-34.93518,11.5
-8.046797,-34.93516,11.5
-8.046796,-34.93514,11.5
-8.046796,-34.935121,11.5
-8.046795,-34.935101,11.5
-8.046794,-34.935081,11.5
-8.046794,-34.93506,11.5
-8.046793,-34.93504,11.5
-8.046792,-34.93502,11.5
-8.046791,-34.935001,11.5
-8.04679,-34.934981,11.5
-8.046789,-34.93496,11.5
-8.046788,-34.934938,11.5
-8.046787,-34.934917,11.5
-8.046787,-34.934894,11.5
-8.046787,-34.934871,11.5
-8.046787,-34.934848,11.5
-8.046787,-34.934824,11.5
-8.046788,-34.9348,11.5
-8.046788,-34.934776,11.5
-8.046788,-34.934755,11.5
-8.046787,-34.934733,11.5
-8.046787,-34.934712,11.5
-8.046787,-34.934689,11.5
-8.046787,-34.934666,11.5
-8.046787,-34.934643,11.5
-8.046786,-34.934623,11.5
-8.046784,-34.934602,11.5
-8.046783,-34.934582,11.5
-8.046781,-34.934559,11.5
-8.046778,-34.934536,11.5
-8.046776,-34.934513,11.5
-8.046773,-34.934492,11.5
-8.046769,-34.93447,11.5
-8.046766,-34.934449,11.5
-8.046765,-34.934431,11.5
-8.046763,-34.934413,11.5
-8.046762,-34.934395,11.5
-8.04676,-34.934377,11.5
-8.046757,-34.934359,11.5
-8.046755,-34.934341,11.5
-8.046754,-34.93432,11.5
-8.046752,-34.934298,11.5
-8.046751,-34.934277,11.5
-8.046751,-34.934254,11.5
-8.046751,-34.934231,11.5
-8.046751,-34.934208,11.5
-8.046751,-34.934185,11.5
-8.046752,-34.934162,11.5
-8.046752,-34.934139,11.5
-8.046753,-34.934115,11.5
-8.046755,-34.934091,11.5
-8.046756,-34.934067,11.5
-8.046757,-34.934042,11.5
-8.046758,-34.934016,11.5
-8.046757,-34.933994,11.5
-8.046757,-34.933971,11.5
-8.046756,-34.933949,11.5
-8.046755,-34.933926,11.5
-8.046754,-34.933903,11.5
-8.046753,-34.93388,11.5
-8.046751,-34.933858,11.5
-8.046748,-34.933836,11.5
-8.046746,-34.933814,11.5
-8.046745,-34.933794,11.5
-8.046743,-34.933775,11.5
-8.046742,-34.933755,11.5
-8.046741,-34.933733,11.5
-8.046739,-34.93371,11.5
-8.046738,-34.933688,11.5
-8.046737,-34.933668,11.5
-8.046737,-34.933647,11.5
-8.046736,-34.933627,11.5
-8.046739,-34.933606,11.5
-8.046743,-34.933584,11.5
-8.046746,-34.933563,11.5
-8.046749,-34.933542,11.5
-8.046753,-34.933522,11.5
-8.046756,-34.933501,11.5
-8.046759,-34.933483,11.5
-8.046761,-34.933466,11.5
-8.046764,-34.933448,11.5
-8.046765,-34.933429,11.5
-8.046766,-34.93341,11.5
-8.046767,-34.933391,11.5
-8.046766,-34.933373,11.5
-8.046765,-34.933356,11.5
-8.046764,-34.933338,11.5
-8.046763,-34.933319,11.5
-8.046761,-34.9333,11.5
-8.04676,-34.933281,11.5
-8.046759,-34.933261,11.5
-8.046757,-34.93324,11.5
-8.046756,-34.93322,11.5
-8.046755,-34.933201,11.5
-8.046753,-34.933183,11.5
-8.046752,-34.933164,11.5
-8.046753,-34.933142,11.5
-8.046755,-34.933119,11.5
-8.046756,-34.933097,11.5
-8.046759,-34.933077,11.5
-8.046762,-34.933058,11.5
-8.046765,-34.933038,11.5
-8.046763,-34.933018,11.5
-8.046762,-34.932997,11.5
-8.04676,-34.932977,11.5
-8.046755,-34.932956,11.5
-8.046749,-34.932936,11.5
-8.046744,-34.932915,11.5
-8.046739,-34.932893,11.5
-8.046734,-34.932871,11.5
-8.046729,-34.932849,12.7
-8.046724,-34.932827,12.7
-8.046719,-34.932804,12.7
-8.046714,-34.932782,12.7
-8.046709,-34.932756,12.7
-8.046703,-34.932731,12.7
-8.046699,-34.93271,12.7
-8.046694,-34.932688,12.7
-8.04669,-34.932667,12.7
-8.046683,-34.932646,12.7
-8.046677,-34.932624,12.7
-8.04667,-34.932603,12.7
-8.046662,-34.932582,12.7
-8.046655,-34.93256,12.7
-8.046647,-34.932539,12.7
-8.046639,-34.932518,12.7
-8.046631,-34.932498,12.7
-8.046624,-34.932477,12.7
-8.046616,-34.932457,12.7
-8.046608,-34.932436,12.7
-8.046601,-34.932414,12.7
-8.046593,-34.932393,12.7
-8.046584,-34.932371,12.7
-8.046575,-34.932348,12.7
-8.046566,-34.932326,12.7
-8.046556,-34.932306,12.7
-8.046546,-34.932285,12.7
-8.046536,-34.932265,12.7
-8.046524,-34.932248,12.7
-8.046512,-34.932231,12.7
-8.0465,-34.932214,12.7
-8.046487,-34.932196,12.7
-8.046474,-34.932178,12.7
-8.046461,-34.93216,12.7
-8.046448,-34.932142,12.7
-8.046436,-34.932124,12.7
-8.046423,-34.932106,12.7
-8.046409,-34.932091,12.7
-8.046394,-34.932075,12.7
-8.04638,-34.93206,12.7
-8.046364,-34.932047,12.7
-8.046348,-34.932035,12.7
-8.046332,-34.932022,12.7
-8.046318,-34.932009,12.7
-8.046303,-34.931996,12.7
-8.046289,-34.931983,11.3
-8.046275,-34.931969,11.3
-8.046262,-34.931956,11.3
-8.046248,-34.931942,6.4
-8.04623,-34.931929,6.4
-8.046213,-34.931917,6.4
-8.046195,-34.931904,4.9
-8.046179,-34.931889,4.9
-8.046163,-34.931873,4.9
-8.046147,-34.931858,4.9
-8.046132,-34.931843,4.9
-8.046117,-34.931827,4.9
-8.046102,-34.931812,4.9
-8.046087,-34.931798,4.9
-8.046071,-34.931785,4.9
-8.046056,-34.931771,6.3
-8.046042,-34.931756,6.3
-8.046029,-34.93174,6.3
-8.046015,-34.931725,7.7
-8.046,-34.931712,7.7
-8.045984,-34.931699,7.7
-8.045969,-34.931686,7.7
-8.045952,-34.931675,7.7
-8.045936,-34.931664,7.7
-8.045919,-34.931653,9.1
-8.045901,-34.931643,9.1
-8.045884,-34.931632,9.1
-8.045866,-34.931622,10.3
-8.045848,-34.931612,10.3
-8.045829,-34.931602,10.3
-8.045811,-34.931592,10.3
-8.045793,-34.931582,10.3
-8.045775,-34.931571,10.3
-8.045757,-34.931561,10.3
-8.045738,-34.931551,10.3
-8.045719,-34.93154,10.3
-8.0457,-34.93153,11.5
-8.045681,-34.931522,11.5
-8.045662,-34.931515,11.5
-8.045643,-34.931507,11.5
-8.045622,-34.931499,11.5
-8.045602,-34.931492,11.5
-8.045581,-34.931484,11.5
-8.04556,-34.931472,11.5
-8.045538,-34.931461,11.5
-8.045519,-34.931451,11.5
-8.045499,-34.93144,11.5
-8.04548,-34.93143,11.5
-8.04546,-34.931422,11.5
-8.04544,-34.931413,11.5
-8.04542,-34.931405,11.5
-8.0454,-34.931393,11.5
-8.045379,-34.931381,11.5
-8.045359,-34.931369,11.5
-8.045339,-34.931359,11.5
-8.04532,-34.931348,11.5
-8.0453,-34.931338,11.5
-8.045282,-34.93133,11.5
-8.045265,-34.931321,11.5
-8.045247,-34.931313,12.7
-8.045229,-34.931307,12.7
-8.045211,-34.931301,12.7
-8.045193,-34.931295,12.7
-8.045175,-34.931285,12.7
-8.045157,-34.931274,12.7
-8.045139,-34.931264,12.7
-8.045128,-34.931252,12.7
-8.045118,-34.931241,12.7
-8.045107,-34.931229,12.7
-8.045096,-34.931218,10.1
-8.045095,-34.931206,10.1
-8.045094,-34.931193,10.1
-8.045092,-34.931181,10.1
-8.045091,-34.931168,10.1
-8.04509,-34.931156,7.4
-8.045095,-34.931143,7.4
-8.0451,-34.93113,7.4
-8.045105,-34.931116,7.4
-8.04511,-34.931103,7.4
-8.045121,-34.931095,7.4
-8.045132,-34.931086,7.4
-8.045142,-34.931078,7.4
-8.045153,-34.931069,7.4
-8.045165,-34.931069,7.4
-8.045176,-34.931069,7.4
-8.045187,-34.931069,7.4
-8.045199,-34.931069,8.9
-8.045211,-34.931068,8.9
-8.045223,-34.931067,8.9
-8.045236,-34.931066,8.9
-8.045248,-34.931065,8.9
-8.04526,-34.931064,10.1
-8.045274,-34.931064,10.1
-8.045287,-34.931063,10.1
-8.045301,-34.931063,10.1
-8.045314,-34.931062,10.1
-8.045328,-34.931062,10.1
-8.04534,-34.931066,10.1
-8.045352,-34.931069,10.1
-8.045363,-34.931073,10.1
-8.045375,-34.931077,11.4
-8.045388,-34.93108,11.4
-8.045401,-34.931083,11.4
-8.045413,-34.931086,11.4
-8.045426,-34.931089,11.4
-8.045439,-34.931092,11.4
-8.04545,-34.931097,11.4
-8.04546,-34.931102,11.4
-8.045471,-34.931108,11.4
-8.045481,-34.931113,11.4
-8.045492,-34.931118,12.6
-8.045505,-34.931124,12.6
-8.045517,-34.931131,12.6
-8.04553,-34.931137,12.6
-8.045542,-34.931144,12.6
-8.045554,-34.93115,12.6
-8.045565,-34.931156,12.6
-8.045577,-34.931162,12.6
-8.045588,-34.931168,12.6
-8.0456,-34.931174,12.6
-8.045611,-34.931183,12.6
-8.045622,-34.931192,12.6
-8.045633,-34.931201,12.6
-8.045644,-34.93121,12.6
-8.045653,-34.931218,12.6
-8.045663,-34.931227,12.6
-8.045672,-34.931235,12.6
-8.045681,-34.931244,12.6
-8.045693,-34.931251,12.6
-8.045705,-34.931259,12.6
-8.045717,-34.931266,12.6
-8.045729,-34.931274,12.6
-8.045729,-34.931274,12.6
-8.045729,-34.931274,12.6
-8.045775,-34.9313,12.6
-8.045788,-34.931306,12.6
-8.045801,-34.931311,12.6
-8.045813,-34.931317,12.6
-8.045826,-34.931323,12.6
-8.045838,-34.931329,12.6
-8.04585,-34.931334,12.6
-8.045861,-34.93134,12.6
-8.045873,-34.931346,12.6
-8.045886,-34.931352,12.6
-8.045898,-34.931357,12.6
-8.045911,-34.931363,12.6
-8.045923,-34.931369,11.4
-8.045936,-34.931376,11.4
-8.045949,-34.931383,11.4
-8.045962,-34.93139,11.4
-8.045975,-34.931397,11.4
-8.045988,-34.931403,11.4
-8.046001,-34.931408,11.4
-8.046013,-34.931414,11.4
-8.046026,-34.93142,11.4
-8.04604,-34.931426,11.4
-8.046054,-34.931433,11.4
-8.046067,-34.931439,11.4
-8.046081,-34.931446,11.4
-8.046093,-34.931453,11.4
-8.046105,-34.93146,11.4
-8.046117,-34.931467,11.4
-8.046129,-34.931474,11.4
-8.046143,-34.931479,11.4
-8.046157,-34.931484,11.4
-8.04617,-34.931489,11.4
-8.046184,-34.931494,11.4
-8.046198,-34.9315,11.4
-8.046211,-34.931505,11.4
-8.046225,-34.931511,11.4
-8.046238,-34.931517,11.4
-8.046251,-34.931526,11.4
-8.046264,-34.931535,11.4
-8.046276,-34.931544,11.4
-8.046289,-34.931553,11.4
-8.0463,-34.931561,11.4
-8.046311,-34.931568,11.4
-8.046322,-34.931576,11.4
-8.046333,-34.931584,11.4
-8.046343,-34.931593,11.4
-8.046354,-34.931603,11.4
-8.046364,-34.931612,11.4
-8.046374,-34.931622,10.2
-8.046383,-34.93163,10.2
-8.046392,-34.931638,10.2
-8.046401,-34.931645,10.2
-8.04641,-34.931653,10.2
-8.046419,-34.931661,10.2
-8.04643,-34.931669,10.2
-8.046441,-34.931677,10.2
-8.046452,-34.931686,10.2
-8.046463,-34.931694,10.2
-8.046474,-34.931702,10.2
-8.046485,-34.93171,10.2
-8.046495,-34.931719,10.2
-8.046506,-34.931727,10.2
-8.046517,-34.931737,10.2
-8.046528,-34.931746,10.2
-8.046539,-34.931756,10.2
-8.04655,-34.931766,10.2
-8.04656,-34.931775,10.2
-8.046569,-34.931785,10.2
-8.046579,-34.931794,10.2
-8.046588,-34.931804,10.2
-8.046597,-34.931815,10.2
-8.046607,-34.931827,10.2
-8.046616,-34.931838,10.2
-8.046625,-34.93185,10.2
-8.046634,-34.931863,10.2
-8.046642,-34.931877,10.2
-8.046651,-34.93189,10.2
-8.046659,-34.931904,10.2
-8.046668,-34.93192,10.2
-8.046678,-34.931937,10.2
-8.046687,-34.931953,10.2
-8.046699,-34.93197,10.2
-8.046711,-34.931987,10.2
-8.046723,-34.932004,10.2
-8.046735,-34.932022,10.2
-8.046746,-34.93204,10.2
-8.046758,-34.932058,9.1
-8.046768,-34.932077,9.1
-8.046778,-34.932095,9.1
-8.046788,-34.932114,9.1
-8.046797,-34.932133,9.1
-8.046807,-34.932151,9.1
-8.046816,-34.93217,7.9
-8.046823,-34.93219,7.9
-8.046829,-34.932209,7.9
-8.046836,-34.932229,7.9
-8.046841,-34.932248,7.9
-8.046845,-34.932266,7.9
-8.04685,-34.932285,7.9
-8.046853,-34.932304,7.9
-8.046856,-34.932323,7.9
-8.046859,-34.932342,7.9
-8.046862,-34.932364,7.9
-8.046865,-34.932386,7.9
-8.046868,-34.932408,9.2
-8.046871,-34.932427,9.2
-8.046875,-34.932446,9.2
-8.046878,-34.932465,9.2
-8.04688,-34.932481,9.2
-8.046882,-34.932497,9.2
-8.046884,-34.932513,9.2
-8.046887,-34.93253,9.2
-8.046891,-34.932546,9.2
-8.046894,-34.932563,9.2
-8.046897,-34.93258,10.4
-8.046903,-34.932599,10.4
-8.04691,-34.932617,10.4
-8.046916,-34.932636,10.4
-8.046921,-34.932657,10.4
-8.046926,-34.932679,10.4
-8.046931,-34.9327,10.4
-8.046935,-34.932723,10.4
-8.046938,-34.932746,10.4
-8.046942,-34.932774,10.4
-8.046946,-34.932803,10.4
-8.04695,-34.932831,10.4
-8.046955,-34.932855,10.4
-8.04696,-34.932879,11.6
-8.046966,-34.932905,11.6
-8.046972,-34.932931,11.6
-8.046977,-34.932952,11.6
-8.046982,-34.932974,11.6
-8.046987,-34.932995,11.6
-8.046988,-34.93302,11.6
-8.04699,-34.933046,11.6
-8.046991,-34.933071,11.6
-8.046991,-34.933094,11.6
-8.04699,-34.933117,11.6
-8.04699,-34.93314,11.6
-8.04699,-34.933166,11.6
-8.046989,-34.933191,11.6
-8.046989,-34.933217,11.6
-8.046989,-34.933241,11.6
-8.046988,-34.933265,11.6
-8.046988,-34.933289,11.6
-8.046987,-34.93331,11.6
-8.046986,-34.933332,11.6
-8.046985,-34.933353,11.6
-8.046986,-34.933373,11.6
-8.046986,-34.933394,11.6
-8.046987,-34.933414,11.6
-8.046988,-34.933437,11.6
-8.046989,-34.933461,11.6
-8.04699,-34.933484,11.6
-8.04699,-34.933505,11.6
-8.046989,-34.933527,11.6
-8.046989,-34.933548,11.6
-8.04699,-34.933571,11.6
-8.04699,-34.933594,11.6
-8.046991,-34.933617,11.6
-8.046991,-34.933641,11.6
-8.046991,-34.933664,11.6
-8.046991,-34.933688,11.6
-8.046991,-34.933711,11.6
-8.046992,-34.933734,11.6
-8.046992,-34.933757,11.6
-8.046991,-34.93378,11.6
-8.04699,-34.933804,11.6
-8.046989,-34.933827,11.6
-8.046989,-34.933848,11.6
-8.046988,-34.93387,11.6
-8.046988,-34.933891,11.6
-8.046989,-34.933913,11.6
-8.046991,-34.933935,11.6
-8.046992,-34.933957,11.6
-8.046992,-34.933982,11.6
-8.046992,-34.934006,11.6
-8.046992,-34.934031,11.6
-8.046991,-34.934053,11.6
-8.04699,-34.934076,11.6
-8.046989,-34.934098,11.6
-8.046989,-34.934118,11.6
-8.046988,-34.934139,11.6
-8.046988,-34.934159,11.6
-8.046991,-34.934183,11.6
-8.046994,-34.934207,11.6
-8.046997,-34.934231,11.6
-8.047,-34.934255,11.6
-8.047002,-34.93428,11.6
-8.047002,-34.934303,11.6
-8.047003,-34.934326,11.6
-8.047003,-34.934349,11.6
-8.047004,-34.934372,11.6
-8.047006,-34.934395,11.6
-8.047007,-34.934418,11.6
-8.047009,-34.934439,11.6
-8.047011,-34.934461,11.6
-8.047013,-34.934482,11.6
-8.047015,-34.934502,11.6
-8.047017,-34.934523,11.6
-8.047019,-34.934543,11.6
-8.047022,-34.934566,11.6
-8.047024,-34.934589,11.6
-8.047027,-34.934612,11.6
-8.047029,-34.934633,11.6
-8.047032,-34.934653,11.6
-8.047034,-34.934674,11.6
-8.047037,-34.934695,11.6
-8.047041,-34.934717,11.6
-8.047044,-34.934738,11.6
-8.047048,-34.934759,11.6
-8.047052,-34.934781,11.6
-8.047056,-34.934802,11.6
-8.04706,-34.934824,11.6
-8.047064,-34.934846,11.6
-8.047068,-34.934868,11.6
-8.047069,-34.934891,11.6
-8.04707,-34.934915,11.6
-8.047071,-34.934938,11.6
-8.047072,-34.934962,11.6
-8.047072,-34.934985,11.6
-8.047073,-34.935009,11.6
-8.047074,-34.935033,11.6
-8.047076,-34.935057,11.6
-8.047077,-34.935081,11.6
-8.047079,-34.935104,11.6
-8.047081,-34.935127,11.6
-8.047083,-34.93515,11.6
-8.047084,-34.935173,11.6
-8.047086,-34.935196,11.6
-8.047087,-34.935219,11.6
-8.047088,-34.935242,11.6
-8.047088,-34.935265,11.6
-8.047089,-34.935288,11.6
-8.047088,-34.935313,11.6
-8.047087,-34.935337,11.6
-8.047086,-34.935358,11.6
-8.047085,-34.93538,11.6
-8.047084,-34.935401,11.6
-8.047084,-34.935424,11.6
-8.047085,-34.935447,11.6
-8.047085,-34.93547,11.6
-8.047084,-34.935493,11.6
-8.047082,-34.935516,11.6
-8.047081,-34.935539,11.6
-8.047079,-34.93556,11.6
-8.047077,-34.93558,11.6
-8.047075,-34.935601,11.6
-8.047073,-34.935621,11.6
-8.047071,-34.935642,11.6
-8.047069,-34.935662,11.6
-8.047069,-34.935683,11.6
-8.047068,-34.935703,11.6
-8.047068,-34.935724,11.6
-8.047065,-34.935743,11.6
-8.047063,-34.935763,11.6
-8.04706,-34.935782,11.6
-8.047055,-34.935802,11.6
-8.047049,-34.935821,11.6
-8.047044,-34.935841,11.6
-8.047041,-34.935862,11.6
-8.047037,-34.935884,11.6
-8.047034,-34.935905,11.6
-8.047029,-34.935926,11.6
-8.047024,-34.935946,11.6
-8.047019,-34.935967,11.6
-8.047007,-34.935982,11.6
-8.046995,-34.935998,11.6
-8.046983,-34.936013,11.6
-8.046966,-34.936016,11.6
-8.046948,-34.93602,11.6
-8.046931,-34.936023,11.6
-8.046917,-34.936015,11.6
-8.046902,-34.936008,11.6
-8.046888,-34.936,11.6
-8.046877,-34.935984,11.6
-8.046865,-34.935967,11.6
-8.046854,-34.935951,11.6
-8.046849,-34.935932,11.6
-8.046843,-34.935914,11.6
-8.046838,-34.935895,11.6
-8.046836,-34.935875,11.6
-8.046834,-34.935854,11.6
-8.046832,-34.935834,11.6
-8.046832,-34.935811,11.6
-8.046831,-34.935787,11.6
-8.046831,-34.935764,11.6
-8.046833,-34.935718,11.6
-8.046833,-34.935698,11.6
-8.046833,-34.935677,11.6
-8.046833,-34.935657,11.6
-8.046832,-34.935637,11.6
-8.04683,-34.935616,11.6
-8.046829,-34.935596,11.6
-8.046828,-34.935576,11.6
-8.046827,-34.935557,11.6
-8.046826,-34.935537,11.6
-8.046824,-34.93552,11.6
-8.046822,-34.935502,11.6
-8.04682,-34.935485,11.6
-8.046818,-34.935469,11.6
-8.046815,-34.935453,11.6
-8.046813,-34.935437,11.6
-8.046811,-34.935417,11.6
-8.046809,-34.935398,11.6
-8.046807,-34.935378,11.6
-8.046807,-34.935358,11.6
-8.046806,-34.935339,11.6
-8.046806,-34.935319,11.6
-8.046805,-34.935299,11.6
-8.046805,-34.93528,11.6
-8.046804,-34.93526,11.6
-8.046805,-34.93524,11.6
-8.046806,-34.935219,11.6
-8.046807,-34.935199,10.4
-8.046807,-34.93518,10.4
-8.046808,-34.935161,10.4
-8.046808,-34.935142,7.4
-8.046809,-34.935121,7.4
-8.04681,-34.935099,7.4
-8.046811,-34.935078,4.4
-8.04681,-34.935056,4.4
-8.04681,-34.935034,4.4
-8.046809,-34.935012,4.4
-8.046808,-34.934989,4.4
-8.046807,-34.934967,4.4
-8.046806,-34.934944,4.4
-8.046805,-34.934922,4.4
-8.046803,-34.9349,4.4
-8.046801,-34.934878,4.4
-8.046799,-34.934856,5.6
-8.046797,-34.934835,5.6
-8.046794,-34.934813,5.6
-8.046792,-34.934792,6.8
-8.046791,-34.934771,6.8
-8.04679,-34.934749,6.8
-8.046789,-34.934728,8.2
-8.04679,-34.934707,8.2
-8.04679,-34.934687,8.2
-8.046791,-34.934666,9.7
-8.046791,-34.934643,9.7
-8.046792,-34.93462,9.7
-8.046792,-34.934597,9.7
-8.046793,-34.934576,9.7
-8.046793,-34.934554,9.7
-8.046794,-34.934533,10.9
-8.046795,-34.934511,10.9
-8.046796,-34.934489,10.9
-8.046797,-34.934467,10.9
-8.046797,-34.934443,10.9
-8.046797,-34.934419,10.9
-8.046797,-34.934395,10.9
-8.046799,-34.934371,10.9
-8.046801,-34.934346,10.9
-8.046802,-34.934321,10.9
-8.046802,-34.934297,10.9
-8.046803,-34.934272,10.9
-8.046803,-34.934248,10.9
-8.046803,-34.934223,12.1
-8.046801,-34.9342,12.1
-8.046799,-34.934177,12.1
-8.046797,-34.934154,12.1
-8.046795,-34.934131,12.1
-8.046794,-34.934108,12.1
-8.046792,-34.934085,12.1
-8.046791,-34.934061,12.1
-8.046791,-34.934037,12.1
-8.04679,-34.934013,12.1
-8.046789,-34.93399,12.1
-8.046789,-34.933967,12.1
-8.046788,-34.933944,12.1
-8.046788,-34.93392,12.1
-8.046787,-34.933897,12.1
-8.046787,-34.933873,13.2
-8.046787,-34.933852,13.2
-8.046787,-34.93383,13.2
-8.046787,-34.933809,13.2
-8.046787,-34.933787,13.2
-8.046788,-34.933764,13.2
-8.046788,-34.933742,13.2
-8.046788,-34.933719,13.2
-8.046788,-34.933696,13.2
-8.046788,-34.933673,13.2
-8.046788,-34.933651,13.2
-8.046787,-34.933628,13.2
-8.046787,-34.933606,13.2
-8.046787,-34.933584,13.2
-8.046787,-34.933562,13.2
-8.046787,-34.93354,13.2
-8.046786,-34.933519,13.2
-8.046786,-34.933499,13.2
-8.046785,-34.933478,13.2
-8.046784,-34.933462,13.2
-8.046784,-34.933446,13.2
-8.046783,-34.93343,13.2
-8.046783,-34.933412,13.2
-8.046782,-34.933394,13.2
-8.046782,-34.933376,13.2
-8.046781,-34.933358,13.2
-8.04678,-34.933338,13.2
-8.046779,-34.933317,13.2
-8.046778,-34.933297,13.2
-8.046777,-34.933275,13.2
-8.046775,-34.933252,13.2
-8.046774,-34.93323,11.7
-8.046776,-34.933214,11.7
-8.046777,-34.933197,11.7
-8.046779,-34.933181,10.2
-8.046781,-34.933169,10.2
-8.046784,-34.933157,10.2
-8.046786,-34.933145,10.2
-8.046788,-34.933133,7.3
-8.046793,-34.933118,7.3
-8.046798,-34.933104,7.3
-8.046803,-34.933089,7.3
-8.046808,-34.933074,7.3
-8.046817,-34.933066,7.3
-8.046827,-34.933058,7.3
-8.046836,-34.933049,7.3
-8.046845,-34.933041,7.3
-8.046857,-34.933035,7.3
-8.046869,-34.93303,7.3
-8.046881,-34.933024,7.3
-8.046893,-34.933018,8.5
-8.046905,-34.933019,8.5
-8.046917,-34.93302,8.5
-8.046929,-34.933022,8.5
-8.046941,-34.933023,8.5
-8.046947,-34.933033,8.5
-8.046953,-34.933042,8.5
-8.04696,-34.933052,8.5
-8.046966,-34.933061,8.5
-8.046972,-34.933071,9.8
-8.046975,-34.933081,9.8
-8.046977,-34.933091,9.8
-8.04698,-34.9331,9.8
-8.046982,-34.93311,9.8
-8.046985,-34.93312,11.1
-8.046986,-34.933133,11.1
-8.046987,-34.933147,11.1
-8.046987,-34.93316,11.1
-8.046988,-34.933174,11.1
-8.046989,-34.933187,11.1
-8.046989,-34.933201,11.1
-8.046989,-34.933215,11.1
-8.046989,-34.933229,11.1
-8.046989,-34.933243,12.4
-8.046988,-34.933254,12.4
-8.046988,-34.933265,12.4
-8.046987,-34.933277,12.4
-8.046987,-34.933288,12.4
-8.046986,-34.933299,12.4
-8.046986,-34.933312,12.4
-8.046985,-34.933325,12.4
-8.046985,-34.933337,12.4
-8.046984,-34.93335,12.4
-8.046986,-34.933361,12.4
-8.046988,-34.933372,12.4
-8.04699,-34.933382,12.4
-8.046992,-34.933393,12.4
-8.046994,-34.933404,12.4
-8.047,-34.933414,12.4
-8.047007,-34.933424,12.4
-8.047013,-34.933433,12.4
-8.04702,-34.933443,12.4
-8.047026,-34.933453,12.4
-8.047029,-34.933466,12.4
-8.047031,-34.933479,12.4
-8.047034,-34.933491,12.4
-8.047036,-34.933504,12.4
-8.047039,-34.933517,12.4
-8.047041,-34.933533,12.4
-8.047043,-34.93355,12.4
-8.047044,-34.933566,12.4
-8.047046,-34.933583,12.4
-8.047048,-34.933597,12.4
-8.047049,-34.933611,12.4
-8.047051,-34.933626,12.4
-8.047052,-34.93364,12.4
-8.047052,-34.933652,12.4
-8.047051,-34.933664,12.4
-8.047051,-34.933676,12.4
-8.04705,-34.933688,12.4
-8.047049,-34.933703,12.4
-8.047048,-34.933718,12.4
-8.047047,-34.933732,12.4
-8.047046,-34.933747,12.4
-8.047046,-34.933761,12.4
-8.047046,-34.933776,12.4
-8.047046,-34.93379,12.4
-8.047046,-34.933804,12.4
-8.047047,-34.933818,12.4
-8.047047,-34.933832,12.4
-8.047048,-34.933846,12.4
-8.047048,-34.93386,11.2
-8.047048,-34.933874,11.2
-8.047048,-34.933887,11.2
-8.047048,-34.933901,11.2
-8.047048,-34.933914,11.2
-8.047048,-34.933929,11.2
-8.047047,-34.933945,11.2
-8.047047,-34.93396,11.2
-8.047046,-34.933975,11.2
-8.047047,-34.933987,11.2
-8.047048,-34.933999,11.2
-8.047048,-34.934012,11.2
-8.047049,-34.934024,11.2
-8.04705,-34.934036,11.2
-8.047047,-34.934048,11.2
-8.047045,-34.934061,11.2
-8.047042,-34.934073,11.2
-8.047039,-34.934085,11.2
-8.04704,-34.934097,11.2
-8.047041,-34.934109,11.2
-8.047041,-34.93412,11.2
-8.047042,-34.934132,11.2
-8.047043,-34.934144,10.1
-8.047045,-34.934158,10.1
-8.047048,-34.934172,10.1
-8.04705,-34.934186,10.1
-8.047052,-34.9342,10.1
-8.047053,-34.934216,10.1
-8.047054,-34.934232,10.1
-8.047055,-34.934248,10.1
-8.047056,-34.934264,10.1
-8.047056,-34.934279,10.1
-8.047056,-34.934294,10.1
-8.047055,-34.934308,10.1
-8.047055,-34.934323,10.1
-8.047055,-34.934337,10.1
-8.047056,-34.934351,10.1
-8.047056,-34.934366,10.1
-8.047056,-34.93438,10.1
-8.047057,-34.934396,10.1
-8.047058,-34.934412,10.1
-8.04706,-34.934427,10.1
-8.047061,-34.934443,10.1
-8.047062,-34.934459,10.1
-8.047063,-34.934472,10.1
-8.047063,-34.934486,10.1
-8.047064,-34.934499,10.1
-8.047064,-34.934513,10.1
-8.047065,-34.934526,10.1
-8.047066,-34.934539,10.1
-8.047067,-34.934553,10.1
-8.047068,-34.934566,10.1
-8.047069,-34.934579,10.1
-8.047071,-34.934593,10.1
-8.047072,-34.934607,10.1
-8.047074,-34.934622,10.1
-8.047075,-34.934636,10.1
-8.047076,-34.934652,10.1
-8.047078,-34.934668,10.1
-8.047079,-34.934684,10.1
-8.04708,-34.9347,10.1
-8.047082,-34.934717,10.1
-8.047084,-34.934734,10.1
-8.047086,-34.934751,10.1
-8.047088,-34.934765,10.1
-8.04709,-34.934779,10.1
-8.047091,-34.934793,10.1
-8.047093,-34.934807,10.1
-8.047094,-34.934822,10.1
-8.047095,-34.934837,10.1
-8.047095,-34.934853,10.1
-8.047096,-34.934868,10.1
-8.047095,-34.934882,10.1
-8.047095,-34.934897,10.1
-8.047094,-34.934911,10.1
-8.047093,-34.934925,10.1
-8.047094,-34.934945,10.1
-8.047094,-34.934966,10.1
-8.047095,-34.934986,8.9
-8.047097,-34.935009,8.9
-8.0471,-34.935032,8.9
-8.047102,-34.935055,8.9
-8.047103,-34.935076,8.9
-8.047105,-34.935096,8.9
-8.047106,-34.935117,8.9
-8.047106,-34.935137,8.9
-8.047106,-34.935156,8.9
-8.047106,-34.935176,8.9
-8.047106,-34.935196,8.9
-8.047106,-34.935217,8.9
-8.047106,-34.935237,8.9
-8.047106,-34.935259,8.9
-8.047105,-34.935282,8.9
-8.047105,-34.935304,8.9
-8.047106,-34.935325,8.9
-8.047107,-34.935347,8.9
-8.047108,-34.935368,8.9
-8.047107,-34.935389,8.9
-8.047105,-34.935411,8.9
-8.047104,-34.935432,8.9
-8.047102,-34.935452,8.9
-8.047099,-34.935473,8.9
-8.047097,-34.935493,8.9
-8.047097,-34.935493,8.9
-8.047096,-34.935549,8.9
-8.047095,-34.935569,8.9
-8.047095,-34.935588,8.9
-8.047094,-34.935608,10.2
-8.047094,-34.935627,10.2
-8.047094,-34.935646,10.2
-8.047094,-34.935665,10.2
-8.047093,-34.935685,10.2
-8.047092,-34.935706,10.2
-8.047091,-34.935726,10.2
-8.047091,-34.935747,10.2
-8.047091,-34.935767,10.2
-8.047091,-34.935788,10.2
-8.047092,-34.935808,10.2
-8.047092,-34.935829,10.2
-8.047093,-34.935849,11.4
-8.047096,-34.935869,11.4
-8.047099,-34.93589,11.4
-8.047102,-34.93591,11.4
-8.047108,-34.935929,11.4
-8.047114,-34.935948,11.4
-8.04712,-34.935967,11.4
-8.047127,-34.935986,11.4
-8.047135,-34.936004,11.4
-8.047142,-34.936023,11.4
-8.047147,-34.936041,11.4
-8.047151,-34.936059,11.4
-8.047156,-34.936077,11.4
-8.047158,-34.936097,11.4
-8.04716,-34.936118,11.4
-8.047162,-34.936138,11.4
-8.047162,-34.936159,11.4
-8.047161,-34.936181,11.4
-8.047161,-34.936202,11.4
-8.047158,-34.936223,11.4
-8.047156,-34.936243,11.4
-8.047153,-34.936264,11.4
-8.047149,-34.936284,11.4
-8.047146,-34.936305,11.4
-8.047142,-34.936325,11.4
-8.047139,-34.936346,11.4
-8.047136,-34.936366,11.4
-8.047133,-34.936387,11.4
-8.047133,-34.936407,11.4
-8.047132,-34.936428,11.4
-8.047132,-34.936448,11.4
-8.047132,-34.936469,11.4
-8.047133,-34.936491,11.4
-8.047133,-34.936512,11.4
-8.047133,-34.936533,11.4
-8.047132,-34.936555,11.4
-8.047132,-34.936576,11.4
-8.047132,-34.936596,11.4
-8.047133,-34.936617,11.4
-8.047133,-34.936637,11.4
-8.047132,-34.936658,11.4
-8.047132,-34.936678,11.4
-8.047131,-34.936699,11.4
-8.04713,-34.936718,11.4
-8.04713,-34.936736,11.4
-8.047129,-34.936755,11.4
-8.047128,-34.936775,11.4
-8.047127,-34.936794,11.4
-8.047126,-34.936814,11.4
-8.047127,-34.936835,11.4
-8.047128,-34.936857,11.4
-8.047129,-34.936878,11.4
-8.047132,-34.936899,11.4
-8.047135,-34.936921,11.4
-8.047138,-34.936942,11.4
-8.047141,-34.936964,11.4
-8.047144,-34.936987,11.4
-8.047147,-34.937009,11.4
-8.047149,-34.937032,11.4
-8.047151,-34.937055,11.4
-8.047153,-34.937078,11.4
-8.047154,-34.937099,11.4
-8.047154,-34.937121,11.4
-8.047155,-34.937142,11.4
-8.047156,-34.937163,11.4
-8.047156,-34.937185,11.4
-8.047157,-34.937206,11.4
-8.047158,-34.937228,11.4
-8.047159,-34.93725,11.4
-8.04716,-34.937272,11.4
-8.047162,-34.937292,11.4
-8.047163,-34.937311,11.4
-8.047165,-34.937331,11.4
-8.047165,-34.937351,11.4
-8.047164,-34.93737,11.4
-8.047164,-34.93739,11.4
-8.047163,-34.937411,11.4
-8.047162,-34.937431,11.4
-8.047161,-34.937452,11.4
-8.047161,-34.937471,11.4
-8.047162,-34.937491,11.4
-8.047162,-34.93751,11.4
-8.047163,-34.937532,11.4
-8.047164,-34.937555,11.4
-8.047165,-34.937577,11.4
-8.047166,-34.937597,11.4
-8.047168,-34.937618,11.4
-8.047169,-34.937638,11.4
-8.04717,-34.937659,11.4
-8.047171,-34.937681,11.4
-8.047172,-34.937702,11.4
-8.047173,-34.937723,11.4
-8.047175,-34.937745,11.4
-8.047176,-34.937766,11.4
-8.047177,-34.937788,11.4
-8.047177,-34.937811,11.4
-8.047178,-34.937833,11.4
-8.04718,-34.937854,11.4
-8.047181,-34.937876,11.4
-8.047183,-34.937897,11.4
-8.047183,-34.937916,11.4
-8.047183,-34.937934,11.4
-8.047183,-34.937953,11.4
-8.047182,-34.937974,11.4
-8.047182,-34.937994,11.4
-8.047181,-34.938015,11.4
-8.047176,-34.938036,11.4
-8.047172,-34.938058,11.4
-8.047167,-34.938079,11.4
-8.047165,-34.938101,11.4
-8.047164,-34.938123,11.4
-8.047162,-34.938145,11.4
-8.047163,-34.938166,11.4
-8.047163,-34.938186,11.4
-8.047164,-34.938207,11.4
-8.047166,-34.938228,11.4
-8.047169,-34.93825,11.4
-8.047171,-34.938271,11.4
-8.047172,-34.938292,11.4
-8.047173,-34.938314,11.4
-8.047174,-34.938335,11.4
-8.047175,-34.938357,11.4
-8.047175,-34.938379,11.4
-8.047176,-34.938401,11.4
-8.047176,-34.938421,11.4
-8.047176,-34.93844,11.4
-8.047176,-34.93846,11.4
-8.047176,-34.938482,11.4
-8.047176,-34.938505,11.4
-8.047176,-34.938527,11.4
-8.047175,-34.938546,11.4
-8.047173,-34.938564,11.4
-8.047172,-34.938583,11.4
-8.04717,-34.9386,11.4
-8.047168,-34.938617,11.4
-8.047166,-34.938634,11.4
-8.047165,-34.938651,11.4
-8.047164,-34.938668,11.4
-8.047163,-34.938685,11.4
-8.047162,-34.938705,11.4
-8.047161,-34.938724,11.4
-8.04716,-34.938744,12.6
-8.047159,-34.938765,12.6
-8.047157,-34.938785,12.6
-8.047156,-34.938806,12.6
-8.047155,-34.938828,12.6
-8.047154,-34.93885,12.6
-8.047153,-34.938872,12.6
-8.047152,-34.938894,12.6
-8.047152,-34.938917,12.6
-8.047151,-34.938939,12.6
-8.047151,-34.938962,12.6
-8.047151,-34.938985,12.6
-8.047151,-34.939008,12.6
-8.047152,-34.939029,12.6
-8.047152,-34.939051,12.6
-8.047153,-34.939072,12.6
-8.047153,-34.939092,12.6
-8.047153,-34.939113,12.6
-8.047153,-34.939133,12.6
-8.047152,-34.939156,12.6
-8.047152,-34.93918,12.6
-8.047151,-34.939203,12.6
-8.047149,-34.939222,12.6
-8.047148,-34.939242,12.6
-8.047146,-34.939261,12.6
-8.047144,-34.939283,12.6
-8.047143,-34.939306,12.6
-8.047141,-34.939328,12.6
-8.047139,-34.939348,12.6
-8.047137,-34.939369,12.6
-8.047135,-34.939389,12.6
-8.047134,-34.93941,12.6
-8.047133,-34.939432,12.6
-8.047132,-34.939453,12.6
-8.047129,-34.939474,12.6
-8.047126,-34.939494,12.6
-8.047123,-34.939515,12.6
-8.047119,-34.939546,12.6
-8.047114,-34.939576,12.6
-8.04711,-34.939596,12.6
-8.047106,-34.939615,12.6
-8.047102,-34.939635,12.6
-8.047099,-34.939656,12.6
-8.047097,-34.939676,12.6
-8.047094,-34.939697,12.6
-8.047093,-34.939717,12.6
-8.047093,-34.939738,12.6
-8.047092,-34.939758,12.6
-8.04709,-34.939777,12.6
-8.047088,-34.939795,12.6
-8.047086,-34.939814,12.6
-8.047082,-34.939835,12.6
-8.047077,-34.939855,12.6
-8.047073,-34.939876,12.6
-8.047073,-34.939896,12.6
-8.047073,-34.939917,12.6
-8.047073,-34.939937,12.6
-8.047072,-34.939958,12.6
-8.047072,-34.93998,12.6
-8.047071,-34.940001,12.6
-8.047072,-34.940022,12.6
-8.047072,-34.940042,12.6
-8.047073,-34.940063,12.6
-8.047074,-34.940083,12.6
-8.047076,-34.940102,12.6
-8.047077,-34.940122,12.6
-8.047082,-34.940143,12.6
-8.047088,-34.940165,12.6
-8.047093,-34.940186,12.6
-8.047099,-34.940205,12.6
-8.047106,-34.940223,12.6
-8.047112,-34.940242,12.6
-8.04712,-34.94026,12.6
-8.047128,-34.940278,12.6
-8.047136,-34.940296,12.6
-8.047146,-34.940314,12.6
-8.047155,-34.940331,12.6
-8.047165,-34.940349,12.6
-8.047174,-34.940367,12.6
-8.047183,-34.940385,12.6
-8.047192,-34.940403,12.6
-8.047196,-34.940421,12.6
-8.047199,-34.940439,12.6
-8.047203,-34.940457,12.6
-8.047198,-34.940476,12.6
-8.047193,-34.940494,12.6
-8.047188,-34.940513,12.6
-8.047174,-34.940522,12.6
-8.047161,-34.940531,12.6
-8.047147,-34.94054,12.6
-8.047133,-34.940549,12.6
-8.047115,-34.940549,12.6
-8.047096,-34.940549,12.6
-8.047078,-34.940549,12.6
-8.047059,-34.940545,12.6
-8.047039,-34.94054,12.6
-8.04702,-34.940536,12.6
-8.047001,-34.94053,12.6
-8.046981,-34.940524,12.6
-8.046962,-34.940518,12.6
-8.046943,-34.940514,12.6
-8.046925,-34.94051,12.6
-8.046906,-34.940506,12.6
-8.046886,-34.9405,12.6
-8.046865,-34.940494,12.6
-8.046845,-34.940488,13.8
-8.046824,-34.940484,13.8
-8.046804,-34.940479,13.8
-8.046783,-34.940475,13.8
-8.046764,-34.94047,13.8
-8.046744,-34.940465,13.8
-8.046725,-34.94046,13.8
-8.046706,-34.940456,13.8
-8.046686,-34.940453,13.8
-8.046667,-34.940449,13.8
-8.046647,-34.940444,13.8
-8.046628,-34.940439,13.8
-8.046608,-34.940434,13.8
-8.046589,-34.940427,13.8
-8.046571,-34.94042,13.8
-8.046552,-34.940413,13.8
-8.046533,-34.940407,13.8
-8.046514,-34.940402,13.8
-8.046495,-34.940396,13.8
-8.046474,-34.940388,13.8
-8.046454,-34.94038,13.8
-8.046433,-34.940372,13.8
-8.046412,-34.940366,13.8
-8.04639,-34.940361,13.8
-8.046369,-34.940355,13.8
-8.046346,-34.94035,13.8
-8.046323,-34.940344,13.8
-8.0463,-34.940339,13.8
-8.046268,-34.940329,13.8
-8.046235,-34.940319,13.8
-8.046214,-34.940313,13.8
-8.046192,-34.940307,13.8
-8.046171,-34.940301,13.8
-8.046152,-34.940294,13.8
-8.046134,-34.940287,13.8
-8.046115,-34.94028,13.8
-8.046098,-34.940272,13.8
-8.046082,-34.940265,13.8
-8.046065,-34.940257,12.6
-8.046053,-34.940249,12.6
-8.04604,-34.940242,12.6
-8.046028,-34.940234,12.6
-8.046015,-34.940227,9.2
-8.046003,-34.940222,9.2
-8.045991,-34.940218,9.2
-8.045979,-34.940213,9.2
-8.045967,-34.940209,5.9
-8.045958,-34.940202,5.9
-8.045949,-34.940195,5.9
-8.045939,-34.940189,5.9
-8.04593,-34.940182,5.9
-8.045921,-34.940175,4.6
-8.04591,-34.94017,4.6
-8.045898,-34.940166,4.6
-8.045887,-34.940161,4.6
-8.045875,-34.940157,4.6
-8.045864,-34.940152,7.4
-8.045853,-34.940148,7.4
-8.045842,-34.940144,7.4
-8.04583,-34.94014,7.4
-8.045819,-34.940136,7.4
-8.045808,-34.940132,8.7
-8.045796,-34.94013,8.7
-8.045785,-34.940128,8.7
-8.045773,-34.940126,8.7
-8.045762,-34.940124,8.7
-8.04575,-34.940122,10.0
-8.045739,-34.940119,10.0
-8.045727,-34.940116,10.0
-8.045716,-34.940112,10.0
-8.045704,-34.940109,10.0
-8.045693,-34.940106,11.2
-8.045683,-34.940105,11.2
-8.045672,-34.940104,11.2
-8.045662,-34.940103,11.2
-8.045652,-34.940103,11.2
-8.045641,-34.940102,11.2
-8.045631,-34.940101,11.2
-8.045618,-34.940098,11.2
-8.045605,-34.940095,11.2
-8.045591,-34.940092,11.2
-8.045578,-34.940089,11.2
-8.045565,-34.940086,11.2
-8.045554,-34.940078,11.2
-8.045543,-34.94007,11.2
-8.045532,-34.940063,11.2
-8.045521,-34.940055,11.2
-8.04551,-34.940048,11.2
-8.0455,-34.940042,11.2
-8.045489,-34.940035,11.2
-8.045479,-34.940029,11.2
-8.045468,-34.940022,12.4
-8.045456,-34.940013,12.4
-8.045445,-34.940004,12.4
-8.045433,-34.939995,12.4
-8.045421,-34.939986,12.4
-8.04541,-34.939979,12.4
-8.0454,-34.939973,12.4
-8.045389,-34.939966,12.4
-8.045378,-34.93996,12.4
-8.045366,-34.939956,12.4
-8.045353,-34.939952,12.4
-8.045341,-34.939949,12.4
-8.045328,-34.939945,12.4
-8.045314,-34.93994,12.4
-8.0453,-34.939936,12.4
-8.045286,-34.939931,12.4
-8.045272,-34.939927,12.4
-8.045259,-34.939921,12.4
-8.045246,-34.939915,12.4
-8.045232,-34.93991,12.4
-8.045219,-34.939904,12.4
-8.045206,-34.939903,12.4
-8.045193,-34.939901,12.4
-8.045179,-34.9399,12.4
-8.045166,-34.939899,12.4
-8.045152,-34.939899,12.4
-8.045137,-34.939899,12.4
-8.045123,-34.939899,12.4
-8.045108,-34.939899,12.4
-8.045094,-34.939895,12.4
-8.045079,-34.939891,12.4
-8.045065,-34.939888,12.4
-8.04505,-34.939884,12.4
-8.045038,-34.939883,12.4
-8.045025,-34.939882,12.4
-8.045013,-34.939882,12.4
-8.045,-34.939881,12.4
-8.044988,-34.939879,12.4
-8.044975,-34.939878,12.4
-8.044963,-34.939876,12.4
-8.04495,-34.939875,12.4
-8.044938,-34.939873,12.4
-8.044926,-34.939869,12.4
-8.044913,-34.939865,12.4
-8.044901,-34.939862,12.4
-8.044888,-34.939858,12.4
-8.044874,-34.939853,12.4
-8.044861,-34.939847,12.4
-8.044847,-34.939842,12.4
-8.044833,-34.939837,12.4
-8.044822,-34.939831,12.4
-8.044811,-34.939825,12.4
-8.0448,-34.93982,12.4
-8.044789,-34.939814,12.4
-8.044776,-34.93981,12.4
-8.044763,-34.939806,12.4
-8.04475,-34.939803,12.4
-8.044737,-34.939799,12.4
-8.044724,-34.939796,12.4
-8.044711,-34.939792,12.4
-8.044697,-34.939789,12.4
-8.044684,-34.939786,12.4
-8.044673,-34.939781,12.4
-8.044662,-34.939777,12.4
-8.044652,-34.939772,12.4
-8.044641,-34.939768,12.4
-8.04463,-34.939763,12.4
-8.044619,-34.939758,12.4
-8.044608,-34.939753,12.4
-8.044597,-34.939748,12.4
-8.044586,-34.939743,11.2
-8.044576,-34.939741,11.2
-8.044566,-34.939739,11.2
-8.044556,-34.939736,11.2
-8.044546,-34.939734,11.2
-8.044536,-34.939732,11.2
-8.044524,-34.939729,11.2
-8.044511,-34.939726,11.2
-8.044499,-34.939723,11.2
-8.044486,-34.93972,11.2
-8.044474,-34.939717,11.2
-8.044461,-34.939713,11.2
-8.044447,-34.939709,11.2
-8.044434,-34.939706,11.2
-8.04442,-34.939702,11.2
-8.044408,-34.939698,11.2
-8.044396,-34.939694,11.2
-8.044385,-34.939689,11.2
-8.044373,-34.939685,11.2
-8.044361,-34.939681,11.2
-8.044355,-34.939673,11.2
-8.044348,-34.939666,11.2
-8.044342,-34.939658,11.2
-8.044335,-34.939651,11.2
-8.044329,-34.939643,11.2
-8.044323,-34.939643,11.2
-8.044318,-34.939643,11.2
-8.044312,-34.939643,11.2
-8.044306,-34.939643,11.2
-8.044301,-34.939643,11.2
-8.044295,-34.939643,11.2
-8.044289,-34.939643,11.2
-8.044284,-34.939643,11.2
-8.044278,-34.939643,11.2
-8.044278,-34.939641,11.2
-8.044278,-34.939638,11.2
-8.044278,-34.939636,11.2
-8.044278,-34.939634,11.2
-8.044278,-34.939632,11.2
-8.044278,-34.939629,11.2
-8.044278,-34.939627,11.2
-8.044278,-34.939625,11.2
-8.044279,-34.939622,11.2
-8.044279,-34.93962,11.2
-8.044279,-34.939618,11.2
-8.044279,-34.939615,11.2
-8.044279,-34.939613,11.2
-8.044279,-34.939611,11.2
-8.044279,-34.939609,11.2
-8.044279,-34.939606,11.2
-8.044279,-34.939604,11.2
-8.044279,-34.939593,11.2
-8.044279,-34.939583,11.2
-8.044279,-34.939572,11.2
-8.044278,-34.939561,11.2
-8.044278,-34.939551,11.2
-8.044278,-34.93954,11.2
-8.04428,-34.939529,11.2
-8.044281,-34.939519,11.2
-8.044283,-34.939508,11.2
-8.044284,-34.939498,11.2
-8.044286,-34.939487,11.2
-8.044286,-34.939476,11.2
-8.044286,-34.939465,11.2
-8.044285,-34.939455,11.2
-8.044285,-34.939444,11.2
-8.044285,-34.939433,11.2
-8.044285,-34.939433,11.2
-8.044285,-34.939433,11.2
-8.044285,-34.939433,11.2
-8.044285,-34.939433,11.2
-8.044285,-34.939433,11.2
-8.044285,-34.939433,11.2
-8.044285,-34.939433,11.2
-8.044285,-34.939433,11.2
-8.044285,-34.939433,11.2
-8.044285,-34.939433,11.2
-8.044285,-34.939433,11.2
-8.044285,-34.939433,11.2
-8.044285,-34.939433,11.2
-8.044285,-34.939433,11.2
-8.044285,-34.939433,11.2
-8.044285,-34.939433,11.2
-8.044285,-34.939433,11.2
-8.044285,-34.939433,11.2
-8.044285,-34.939433,11.2
-8.044285,-34.939433,11.2
-8.044285,-34.939433,11.2
-8.044285,-34.939433,11.2
-8.044285,-34.939433,11.2
-8.044285,-34.939433,11.2
-8.044285,-34.939433,11.2
-8.044285,-34.939433,11.2
-8.044285,-34.939433,11.2
-8.044285,-34.939433,11.2
-8.044285,-34.939433,11.2
-8.044285,-34.939433,11.2
-8.044285,-34.939433,11.2
-8.044285,-34.939433,11.2
-8.044285,-34.939433,11.2
-8.044285,-34.939433,11.2
-8.044285,-34.939433,11.2
-8.044285,-34.939433,11.2
-8.044285,-34.939433,11.2
-8.044285,-34.939433,11.2
-8.044285,-34.939433,11.2
-8.044285,-34.939433,11.2
-8.044285,-34.939433,11.2
-8.044285,-34.939433,11.2
-8.044285,-34.939433,11.2
-8.044285,-34.939433,11.2
-8.044285,-34.939433,11.2
-8.044285,-34.939433,11.2
-8.044285,-34.939433,11.2
-8.044285,-34.939433,11.2
-8.044285,-34.939433,11.2
-8.044285,-34.939433,11.2
-8.044285,-34.939433,11.2
-8.044285,-34.939433,11.2
-8.044285,-34.939433,11.2
-8.044285,-34.939433,11.2
-8.044285,-34.939433,11.2
-8.044285,-34.939433,11.2
-8.044285,-34.939433,11.2
-8.044285,-34.939433,11.2
-8.044285,-34.939433,11.2
-8.044285,-34.939433,11.2
-8.044285,-34.939433,11.2
-8.044285,-34.939433,11.2
-8.044285,-34.939433,11.2
-8.044285,-34.939433,11.2
-8.044285,-34.939433,11.2
-8.044285,-34.939433,11.2
-8.044285,-34.939433,11.2
-8.044285,-34.939433,11.2
-8.044285,-34.939433,11.2
-8.044285,-34.939433,11.2
-8.044285,-34.939433,11.2
-8.044285,-34.939433,11.2
-8.044285,-34.939433,11.2
-8.044285,-34.939433,11.2
-8.044285,-34.939433,11.2
-8.044285,-34.939433,11.2
-8.044285,-34.939433,11.2
-8.044285,-34.939433,11.2
-8.044285,-34.939433,11.2
-8.044285,-34.939433,11.2
-8.044285,-34.939433,11.2
-8.044285,-34.939433,11.2
-8.044285,-34.939433,11.2
-8.044285,-34.939433,11.2
-8.044285,-34.939433,11.2
-8.044285,-34.939433,11.2
-8.044285,-34.939433,11.2
