activity_id,sport_type,timestamp,latitude,longitude,heart_rate,cadence,speed,duration_seconds
2025-09-25T22:21:35Z,Walk,2025-09-25 22:21:57+00:00,-8.05173332,-34.94874,82,55,0.6200000047683716,0.0
2025-09-25T22:21:35Z,Walk,2025-09-25 22:21:59+00:00,-8.051685,-34.94872333,81,55,0.6200000047683716,2.0
2025-09-25T22:21:35Z,Walk,2025-09-25 22:22:00+00:00,-8.05170166,-34.948734,81,55,0.6800000071525574,3.0
2025-09-25T22:21:35Z,Walk,2025-09-25 22:22:01+00:00,-8.05172898,-34.94875199,80,55,0.7400000095367432,4.0
2025-09-25T22:21:35Z,Walk,2025-09-25 22:22:02+00:00,-8.05175464,-34.94876999,80,55,1.059999942779541,5.0
2025-09-25T22:21:35Z,Walk,2025-09-25 22:22:03+00:00,-8.05176997,-34.94878598,80,55,1.659999966621399,6.0
2025-09-25T22:21:35Z,Walk,2025-09-25 22:22:04+00:00,-8.05178464,-34.94880265,80,55,1.659999966621399,7.0
2025-09-25T22:21:35Z,Walk,2025-09-25 22:22:05+00:00,-8.05179396,-34.94881964,81,55,2.1500000953674316,8.0
2025-09-25T22:21:35Z,Walk,2025-09-25 22:22:06+00:00,-8.05179729,-34.94883396,83,55,2.299999952316284,9.0
2025-09-25T22:21:35Z,Walk,2025-09-25 22:22:07+00:00,-8.05179829,-34.94884663,83,55,2.299999952316284,10.0
2025-09-25T22:21:35Z,Walk,2025-09-25 22:22:08+00:00,-8.05179995,-34.94886029,83,55,2.190000057220459,11.0
2025-09-25T22:21:35Z,Walk,2025-09-25 22:22:09+00:00,-8.05180094,-34.94887429,83,66,1.9900000095367432,12.0
2025-09-25T22:21:35Z,Walk,2025-09-25 22:22:10+00:00,-8.05180161,-34.94888928,83,66,1.9900000095367432,13.0
2025-09-25T22:21:35Z,Walk,2025-09-25 22:22:11+00:00,-8.05179828,-34.94890194,82,66,1.7999999523162842,14.0
2025-09-25T22:21:35Z,Walk,2025-09-25 22:22:12+00:00,-8.05179228,-34.94890961,82,66,1.649999976158142,15.0
2025-09-25T22:21:35Z,Walk,2025-09-25 22:22:13+00:00,-8.05178596,-34.94891761,83,66,1.5700000524520874,16.0
2025-09-25T22:21:35Z,Walk,2025-09-25 22:22:14+00:00,-8.05178063,-34.94892893,84,66,1.5399999618530273,17.0
2025-09-25T22:21:35Z,Walk,2025-09-25 22:22:15+00:00,-8.05177764,-34.9489416,84,66,1.5199999809265137,18.0
2025-09-25T22:21:35Z,Walk,2025-09-25 22:22:16+00:00,-8.05177797,-34.94895859,85,66,1.5800000429153442,19.0
2025-09-25T22:21:35Z,Walk,2025-09-25 22:22:17+00:00,-8.0517773,-34.94897591,85,66,1.5800000429153442,20.0
2025-09-25T22:21:35Z,Walk,2025-09-25 22:22:18+00:00,-8.05177264,-34.94899123,86,66,1.649999976158142,21.0
2025-09-25T22:21:35Z,Walk,2025-09-25 22:22:19+00:00,-8.05176697,-34.94900322,89,66,1.649999976158142,22.0
2025-09-25T22:21:35Z,Walk,2025-09-25 22:22:20+00:00,-8.05175864,-34.94901356,92,66,1.659999966621399,23.0
2025-09-25T22:21:35Z,Walk,2025-09-25 22:22:21+00:00,-8.05174897,-34.94902288,102,66,1.6699999570846558,24.0
2025-09-25T22:21:35Z,Walk,2025-09-25 22:22:22+00:00,-8.05173898,-34.94903321,104,66,1.6100000143051147,25.0
2025-09-25T22:21:35Z,Walk,2025-09-25 22:22:23+00:00,-8.05173065,-34.94904355,104,66,1.6100000143051147,26.0
2025-09-25T22:21:35Z,Walk,2025-09-25 22:22:24+00:00,-8.05172365,-34.94905421,100,66,1.559999942779541,27.0
2025-09-25T22:21:35Z,Walk,2025-09-25 22:22:25+00:00,-8.05171699,-34.94906654,94,66,1.5800000429153442,28.0
2025-09-25T22:21:35Z,Walk,2025-09-25 22:22:26+00:00,-8.05171299,-34.94908054,88,66,1.5800000429153442,29.0
2025-09-25T22:21:35Z,Walk,2025-09-25 22:22:27+00:00,-8.05170867,-34.94909387,88,66,1.5800000429153442,30.0
2025-09-25T22:21:35Z,Walk,2025-09-25 22:22:28+00:00,-8.05170534,-34.94910719,92,66,1.5800000429153442,31.0
2025-09-25T22:21:35Z,Walk,2025-09-25 22:22:29+00:00,-8.05170301,-34.94912286,92,66,1.5800000429153442,32.0
2025-09-25T22:21:35Z,Walk,2025-09-25 22:22:30+00:00,-8.05170069,-34.94913886,92,66,1.6100000143051147,33.0
2025-09-25T22:21:35Z,Walk,2025-09-25 22:22:31+00:00,-8.05170101,-34.94915485,93,66,1.6399999856948853,34.0
2025-09-25T22:21:35Z,Walk,2025-09-25 22:22:32+00:00,-8.05170002,-34.94917085,94,66,1.659999966621399,35.0
2025-09-25T22:21:35Z,Walk,2025-09-25 22:22:33+00:00,-8.05169836,-34.94918718,91,66,1.6799999475479126,36.0
2025-09-25T22:21:35Z,Walk,2025-09-25 22:22:34+00:00,-8.05169736,-34.94920451,94,66,1.7000000476837158,37.0
2025-09-25T22:21:35Z,Walk,2025-09-25 22:22:35+00:00,-8.0516927,-34.94921751,94,66,1.7000000476837158,38.0
2025-09-25T22:21:35Z,Walk,2025-09-25 22:22:36+00:00,-8.05168836,-34.94923016,91,32,1.7100000381469727,39.0
2025-09-25T22:21:35Z,Walk,2025-09-25 22:22:37+00:00,-8.05168504,-34.9492405,89,32,1.7200000286102295,40.0
2025-09-25T22:21:35Z,Walk,2025-09-25 22:22:38+00:00,-8.05168004,-34.94925015,88,32,1.7200000286102295,41.0
2025-09-25T22:21:35Z,Walk,2025-09-25 22:22:39+00:00,-8.05167072,-34.94925482,84,32,1.659999966621399,42.0
2025-09-25T22:21:35Z,Walk,2025-09-25 22:22:40+00:00,-8.05166238,-34.94926249,83,32,1.5499999523162842,43.0
2025-09-25T22:21:35Z,Walk,2025-09-25 22:22:41+00:00,-8.05165373,-34.94927181,83,32,1.5499999523162842,44.0
2025-09-25T22:21:35Z,Walk,2025-09-25 22:22:42+00:00,-8.05164507,-34.94928113,83,31,1.440000057220459,45.0
2025-09-25T22:21:35Z,Walk,2025-09-25 22:22:43+00:00,-8.0516374,-34.94929047,81,32,1.399999976158142,46.0
2025-09-25T22:21:35Z,Walk,2025-09-25 22:22:44+00:00,-8.05162941,-34.94929846,81,32,1.3799999952316284,47.0
2025-09-25T22:21:35Z,Walk,2025-09-25 22:22:45+00:00,-8.05162141,-34.94930546,81,30,1.3700000047683716,48.0
2025-09-25T22:21:35Z,Walk,2025-09-25 22:22:46+00:00,-8.05161209,-34.94931046,81,30,1.3600000143051147,49.0
2025-09-25T22:21:35Z,Walk,2025-09-25 22:22:47+00:00,-8.05160109,-34.94931579,81,30,1.3600000143051147,50.0
2025-09-25T22:21:35Z,Walk,2025-09-25 22:22:48+00:00,-8.05159043,-34.94932011,81,30,1.3600000143051147,51.0
2025-09-25T22:21:35Z,Walk,2025-09-25 22:22:49+00:00,-8.05157778,-34.94932344,81,30,1.350000023841858,52.0
2025-09-25T22:21:35Z,Walk,2025-09-25 22:22:50+00:00,-8.05156244,-34.94932477,82,30,1.3300000429153442,53.0
2025-09-25T22:21:35Z,Walk,2025-09-25 22:22:51+00:00,-8.05154645,-34.94932809,82,30,1.309999942779541,54.0
2025-09-25T22:21:35Z,Walk,2025-09-25 22:22:52+00:00,-8.05152945,-34.94933242,81,30,1.3200000524520874,55.0
2025-09-25T22:21:35Z,Walk,2025-09-25 22:22:53+00:00,-8.05151313,-34.94933808,81,30,1.3200000524520874,56.0
2025-09-25T22:21:35Z,Walk,2025-09-25 22:22:54+00:00,-8.0514958,-34.94934241,80,30,1.3300000429153442,57.0
2025-09-25T22:21:35Z,Walk,2025-09-25 22:22:55+00:00,-8.05147847,-34.94934474,80,29,1.340000033378601,58.0
2025-09-25T22:21:35Z,Walk,2025-09-25 22:22:56+00:00,-8.05146314,-34.94934506,80,29,1.3600000143051147,59.0
2025-09-25T22:21:35Z,Walk,2025-09-25 22:22:57+00:00,-8.05144847,-34.94934506,80,29,1.3700000047683716,60.0
2025-09-25T22:21:35Z,Walk,2025-09-25 22:22:58+00:00,-8.05143482,-34.94934441,80,29,1.3899999856948853,61.0
2025-09-25T22:21:35Z,Walk,2025-09-25 22:22:59+00:00,-8.05142515,-34.94934108,80,29,1.3899999856948853,62.0
2025-09-25T22:21:35Z,Walk,2025-09-25 22:23:00+00:00,-8.05141748,-34.94933575,80,29,1.399999976158142,63.0
2025-09-25T22:21:35Z,Walk,2025-09-25 22:23:01+00:00,-8.05141183,-34.94932976,81,29,1.409999966621399,64.0
2025-09-25T22:21:35Z,Walk,2025-09-25 22:23:02+00:00,-8.05140517,-34.94932476,81,29,1.4199999570846558,65.0
2025-09-25T22:21:35Z,Walk,2025-09-25 22:23:03+00:00,-8.0513985,-34.94931943,79,29,1.4299999475479126,66.0
2025-09-25T22:21:35Z,Walk,2025-09-25 22:23:04+00:00,-8.05139184,-34.9493161,79,29,1.4299999475479126,67.0
2025-09-25T22:21:35Z,Walk,2025-09-25 22:23:05+00:00,-8.05138585,-34.94931743,79,29,1.4299999475479126,68.0
2025-09-25T22:21:35Z,Walk,2025-09-25 22:23:06+00:00,-8.05138018,-34.94932143,79,29,1.4199999570846558,69.0
2025-09-25T22:21:35Z,Walk,2025-09-25 22:23:07+00:00,-8.05137586,-34.94932442,79,29,1.2400000095367432,70.0
2025-09-25T22:21:35Z,Walk,2025-09-25 22:23:08+00:00,-8.0513722,-34.94932574,80,29,0.9700000286102295,71.0
2025-09-25T22:21:35Z,Walk,2025-09-25 22:23:09+00:00,-8.05136887,-34.94932574,81,29,0.7599999904632568,72.0
2025-09-25T22:21:35Z,Walk,2025-09-25 22:23:10+00:00,-8.05136487,-34.94932606,81,29,0.550000011920929,73.0
2025-09-25T22:21:35Z,Walk,2025-09-25 22:23:12+00:00,-8.05135853,-34.94931974,81,29,0.4000000059604645,75.0
2025-09-25T22:21:35Z,Walk,2025-09-25 22:23:13+00:00,-8.05135788,-34.94931841,81,29,0.3100000023841858,76.0
2025-09-25T22:21:35Z,Walk,2025-09-25 22:23:14+00:00,-8.05135721,-34.94931642,81,29,0.11999999731779099,77.0
2025-09-25T22:21:35Z,Walk,2025-09-25 22:23:15+00:00,-8.05135589,-34.94931275,80,29,0.0,78.0
2025-09-25T22:21:35Z,Walk,2025-09-25 22:23:16+00:00,-8.05135423,-34.94930943,79,29,0.0,79.0
2025-09-25T22:21:35Z,Walk,2025-09-25 22:23:17+00:00,-8.05135223,-34.94930577,79,29,0.0,80.0
2025-09-25T22:21:35Z,Walk,2025-09-25 22:23:27+00:00,-8.05134857,-34.94930144,79,29,0.0,90.0
2025-09-25T22:21:35Z,Walk,2025-09-25 22:23:38+00:00,-8.05135356,-34.9493081,78,29,0.0,101.0
2025-09-25T22:21:35Z,Walk,2025-09-25 22:23:39+00:00,-8.05135423,-34.94931243,78,29,0.0,102.0
2025-09-25T22:21:35Z,Walk,2025-09-25 22:23:40+00:00,-8.05135722,-34.94932108,79,31,0.0,103.0
2025-09-25T22:21:35Z,Walk,2025-09-25 22:23:41+00:00,-8.05136122,-34.94933475,79,31,0.0,104.0
2025-09-25T22:21:35Z,Walk,2025-09-25 22:23:42+00:00,-8.05136421,-34.94935108,79,31,0.0,105.0
2025-09-25T22:21:35Z,Walk,2025-09-25 22:23:43+00:00,-8.05136587,-34.94936807,79,32,0.20000000298023224,106.0
2025-09-25T22:21:35Z,Walk,2025-09-25 22:23:44+00:00,-8.05136687,-34.94938407,79,32,0.6100000143051147,107.0
2025-09-25T22:21:35Z,Walk,2025-09-25 22:23:45+00:00,-8.05136687,-34.94940074,79,31,1.0199999809265137,108.0
2025-09-25T22:21:35Z,Walk,2025-09-25 22:23:46+00:00,-8.05136687,-34.94941773,79,31,1.3300000429153442,109.0
2025-09-25T22:21:35Z,Walk,2025-09-25 22:23:47+00:00,-8.05136687,-34.94943539,79,31,1.3300000429153442,110.0
2025-09-25T22:21:35Z,Walk,2025-09-25 22:23:48+00:00,-8.05136388,-34.94944971,78,31,1.4900000095367432,111.0
2025-09-25T22:21:35Z,Walk,2025-09-25 22:23:49+00:00,-8.05135788,-34.94946271,78,31,1.5399999618530273,112.0
2025-09-25T22:21:35Z,Walk,2025-09-25 22:23:50+00:00,-8.05135021,-34.94947371,77,31,1.5399999618530273,113.0
2025-09-25T22:21:35Z,Walk,2025-09-25 22:23:51+00:00,-8.05134188,-34.94948437,77,31,1.4900000095367432,114.0
2025-09-25T22:21:35Z,Walk,2025-09-25 22:23:52+00:00,-8.05133422,-34.94949537,77,31,1.4199999570846558,115.0
2025-09-25T22:21:35Z,Walk,2025-09-25 22:23:53+00:00,-8.05132455,-34.94950703,77,31,1.4199999570846558,116.0
2025-09-25T22:21:35Z,Walk,2025-09-25 22:23:54+00:00,-8.05131456,-34.94952002,77,31,1.3799999952316284,117.0
2025-09-25T22:21:35Z,Walk,2025-09-25 22:23:55+00:00,-8.05130491,-34.94953168,77,31,1.3700000047683716,118.0
2025-09-25T22:21:35Z,Walk,2025-09-25 22:23:56+00:00,-8.05129657,-34.94954401,77,31,1.3700000047683716,119.0
2025-09-25T22:21:35Z,Walk,2025-09-25 22:23:57+00:00,-8.05129125,-34.94955734,77,31,1.3899999856948853,120.0
2025-09-25T22:21:35Z,Walk,2025-09-25 22:23:58+00:00,-8.05128658,-34.94957067,76,32,1.440000057220459,121.0
2025-09-25T22:21:35Z,Walk,2025-09-25 22:23:59+00:00,-8.05128125,-34.949583,76,32,1.440000057220459,122.0
2025-09-25T22:21:35Z,Walk,2025-09-25 22:24:00+00:00,-8.05127493,-34.94959434,76,32,1.4600000381469727,123.0
2025-09-25T22:21:35Z,Walk,2025-09-25 22:24:01+00:00,-8.05126726,-34.94960633,76,32,1.4600000381469727,124.0
2025-09-25T22:21:35Z,Walk,2025-09-25 22:24:02+00:00,-8.05125893,-34.94961765,75,32,1.5,125.0
2025-09-25T22:21:35Z,Walk,2025-09-25 22:24:03+00:00,-8.05124994,-34.94962865,75,32,1.5399999618530273,126.0
2025-09-25T22:21:35Z,Walk,2025-09-25 22:24:04+00:00,-8.05124127,-34.94963864,76,32,1.559999942779541,127.0
2025-09-25T22:21:35Z,Walk,2025-09-25 22:24:05+00:00,-8.05123395,-34.94964897,76,32,1.559999942779541,128.0
2025-09-25T22:21:35Z,Walk,2025-09-25 22:24:06+00:00,-8.05122828,-34.94965897,76,32,1.559999942779541,129.0
2025-09-25T22:21:35Z,Walk,2025-09-25 22:24:07+00:00,-8.05122396,-34.94966996,75,32,1.5099999904632568,130.0
2025-09-25T22:21:35Z,Walk,2025-09-25 22:24:08+00:00,-8.05121929,-34.9496813,75,32,1.4900000095367432,131.0
2025-09-25T22:21:35Z,Walk,2025-09-25 22:24:09+00:00,-8.05121297,-34.94969163,76,32,1.4700000286102295,132.0
2025-09-25T22:21:35Z,Walk,2025-09-25 22:24:10+00:00,-8.05120597,-34.94970196,77,32,1.440000057220459,133.0
2025-09-25T22:21:35Z,Walk,2025-09-25 22:24:11+00:00,-8.05119931,-34.94971195,77,32,1.440000057220459,134.0
2025-09-25T22:21:35Z,Walk,2025-09-25 22:24:12+00:00,-8.05119398,-34.94972162,78,32,1.4199999570846558,135.0
2025-09-25T22:21:35Z,Walk,2025-09-25 22:24:13+00:00,-8.05118964,-34.94973061,80,32,1.399999976158142,136.0
2025-09-25T22:21:35Z,Walk,2025-09-25 22:24:14+00:00,-8.05118465,-34.94973861,81,32,1.3700000047683716,137.0
2025-09-25T22:21:35Z,Walk,2025-09-25 22:24:15+00:00,-8.051179,-34.94974493,82,32,1.3700000047683716,138.0
2025-09-25T22:21:35Z,Walk,2025-09-25 22:24:16+00:00,-8.05117233,-34.94975027,83,32,1.350000023841858,139.0
2025-09-25T22:21:35Z,Walk,2025-09-25 22:24:17+00:00,-8.05116434,-34.94975592,83,32,1.350000023841858,140.0
2025-09-25T22:21:35Z,Walk,2025-09-25 22:24:18+00:00,-8.05115502,-34.94976159,84,32,1.2999999523162842,141.0
2025-09-25T22:21:35Z,Walk,2025-09-25 22:24:19+00:00,-8.05114468,-34.94976791,85,32,1.2699999809265137,142.0
2025-09-25T22:21:35Z,Walk,2025-09-25 22:24:20+00:00,-8.05113336,-34.94977491,86,32,1.2699999809265137,143.0
2025-09-25T22:21:35Z,Walk,2025-09-25 22:24:21+00:00,-8.05112404,-34.94978257,87,32,1.2599999904632568,144.0
2025-09-25T22:21:35Z,Walk,2025-09-25 22:24:22+00:00,-8.05111737,-34.94979024,87,33,1.2599999904632568,145.0
2025-09-25T22:21:35Z,Walk,2025-09-25 22:24:23+00:00,-8.0511117,-34.94979524,87,33,1.2599999904632568,146.0
2025-09-25T22:21:35Z,Walk,2025-09-25 22:24:24+00:00,-8.05110371,-34.94979823,81,33,1.2599999904632568,147.0
2025-09-25T22:21:35Z,Walk,2025-09-25 22:24:25+00:00,-8.05109205,-34.94980023,85,33,1.2599999904632568,148.0
2025-09-25T22:21:35Z,Walk,2025-09-25 22:24:26+00:00,-8.05107738,-34.94980155,82,33,1.2599999904632568,149.0
2025-09-25T22:21:35Z,Walk,2025-09-25 22:24:27+00:00,-8.05106139,-34.94980255,81,33,1.2599999904632568,150.0
2025-09-25T22:21:35Z,Walk,2025-09-25 22:24:28+00:00,-8.05104506,-34.94980421,82,33,1.2599999904632568,151.0
2025-09-25T22:21:35Z,Walk,2025-09-25 22:24:29+00:00,-8.0510294,-34.94980686,82,33,1.2599999904632568,152.0
2025-09-25T22:21:35Z,Walk,2025-09-25 22:24:30+00:00,-8.05101473,-34.94981052,84,33,1.2599999904632568,153.0
2025-09-25T22:21:35Z,Walk,2025-09-25 22:24:31+00:00,-8.05100174,-34.94981552,85,33,1.2699999809265137,154.0
2025-09-25T22:21:35Z,Walk,2025-09-25 22:24:32+00:00,-8.05098975,-34.94982219,85,33,1.2699999809265137,155.0
2025-09-25T22:21:35Z,Walk,2025-09-25 22:24:33+00:00,-8.05097976,-34.94983018,85,33,1.2799999713897705,156.0
2025-09-25T22:21:35Z,Walk,2025-09-25 22:24:34+00:00,-8.05097043,-34.94983918,85,33,1.2899999618530273,157.0
2025-09-25T22:21:35Z,Walk,2025-09-25 22:24:35+00:00,-8.05096077,-34.94984917,85,33,1.2899999618530273,158.0
2025-09-25T22:21:35Z,Walk,2025-09-25 22:24:36+00:00,-8.05095112,-34.94985849,85,33,1.2899999618530273,159.0
2025-09-25T22:21:35Z,Walk,2025-09-25 22:24:37+00:00,-8.05094046,-34.94986816,85,32,1.2999999523162842,160.0
2025-09-25T22:21:35Z,Walk,2025-09-25 22:24:38+00:00,-8.05092847,-34.94987715,85,32,1.2999999523162842,161.0
2025-09-25T22:21:35Z,Walk,2025-09-25 22:24:39+00:00,-8.0509148,-34.94988548,85,32,1.2999999523162842,162.0
2025-09-25T22:21:35Z,Walk,2025-09-25 22:24:40+00:00,-8.05090148,-34.94989447,85,32,1.2999999523162842,163.0
2025-09-25T22:21:35Z,Walk,2025-09-25 22:24:41+00:00,-8.05088949,-34.94990313,85,32,1.309999942779541,164.0
2025-09-25T22:21:35Z,Walk,2025-09-25 22:24:42+00:00,-8.05087883,-34.94991013,85,32,1.309999942779541,165.0
2025-09-25T22:21:35Z,Walk,2025-09-25 22:24:43+00:00,-8.0508685,-34.94991513,85,32,1.309999942779541,166.0
2025-09-25T22:21:35Z,Walk,2025-09-25 22:24:44+00:00,-8.05085751,-34.94991978,86,32,1.3200000524520874,167.0
2025-09-25T22:21:35Z,Walk,2025-09-25 22:24:45+00:00,-8.05084419,-34.94992277,87,32,1.3200000524520874,168.0
2025-09-25T22:21:35Z,Walk,2025-09-25 22:24:46+00:00,-8.05082719,-34.94992544,87,32,1.3200000524520874,169.0
2025-09-25T22:21:35Z,Walk,2025-09-25 22:24:47+00:00,-8.05080853,-34.94992777,86,32,1.3300000429153442,170.0
2025-09-25T22:21:35Z,Walk,2025-09-25 22:24:48+00:00,-8.05078954,-34.94992877,86,32,1.3300000429153442,171.0
2025-09-25T22:21:35Z,Walk,2025-09-25 22:24:49+00:00,-8.05076955,-34.94992943,86,32,1.3300000429153442,172.0
2025-09-25T22:21:35Z,Walk,2025-09-25 22:24:50+00:00,-8.05074955,-34.94993009,88,32,1.3300000429153442,173.0
2025-09-25T22:21:35Z,Walk,2025-09-25 22:24:51+00:00,-8.05073023,-34.94993074,88,33,1.340000033378601,174.0
2025-09-25T22:21:35Z,Walk,2025-09-25 22:24:52+00:00,-8.05071056,-34.94993074,88,32,1.350000023841858,175.0
2025-09-25T22:21:35Z,Walk,2025-09-25 22:24:53+00:00,-8.05069024,-34.94993074,88,33,1.3600000143051147,176.0
2025-09-25T22:21:35Z,Walk,2025-09-25 22:24:54+00:00,-8.05067057,-34.94993074,88,33,1.3600000143051147,177.0
2025-09-25T22:21:35Z,Walk,2025-09-25 22:24:55+00:00,-8.0506509,-34.9499314,88,33,1.3700000047683716,178.0
2025-09-25T22:21:35Z,Walk,2025-09-25 22:24:56+00:00,-8.05063157,-34.94993273,89,33,1.3899999856948853,179.0
2025-09-25T22:21:35Z,Walk,2025-09-25 22:24:57+00:00,-8.05061258,-34.94993339,90,33,1.399999976158142,180.0
2025-09-25T22:21:35Z,Walk,2025-09-25 22:24:58+00:00,-8.05059392,-34.9499324,91,33,1.4199999570846558,181.0
2025-09-25T22:21:35Z,Walk,2025-09-25 22:24:59+00:00,-8.05057627,-34.94992973,92,33,1.4299999475479126,182.0
2025-09-25T22:21:35Z,Walk,2025-09-25 22:25:00+00:00,-8.0505596,-34.94992674,92,33,1.4299999475479126,183.0
2025-09-25T22:21:35Z,Walk,2025-09-25 22:25:01+00:00,-8.05054294,-34.94992342,92,33,1.440000057220459,184.0
2025-09-25T22:21:35Z,Walk,2025-09-25 22:25:02+00:00,-8.05052561,-34.94991909,92,33,1.4500000476837158,185.0
2025-09-25T22:21:35Z,Walk,2025-09-25 22:25:03+00:00,-8.05050828,-34.94991543,92,32,1.4600000381469727,186.0
2025-09-25T22:21:35Z,Walk,2025-09-25 22:25:04+00:00,-8.05049295,-34.94991176,92,32,1.4800000190734863,187.0
2025-09-25T22:21:35Z,Walk,2025-09-25 22:25:05+00:00,-8.05047962,-34.94990877,94,32,1.4900000095367432,188.0
2025-09-25T22:21:35Z,Walk,2025-09-25 22:25:06+00:00,-8.0504673,-34.94990612,94,32,1.4900000095367432,189.0
2025-09-25T22:21:35Z,Walk,2025-09-25 22:25:07+00:00,-8.05045531,-34.94990246,94,32,1.5,190.0
2025-09-25T22:21:35Z,Walk,2025-09-25 22:25:08+00:00,-8.05044397,-34.94990013,95,32,1.5099999904632568,191.0
2025-09-25T22:21:35Z,Walk,2025-09-25 22:25:09+00:00,-8.05043464,-34.94990146,96,32,1.5099999904632568,192.0
2025-09-25T22:21:35Z,Walk,2025-09-25 22:25:10+00:00,-8.05042598,-34.94990312,96,32,1.5099999904632568,193.0
2025-09-25T22:21:35Z,Walk,2025-09-25 22:25:11+00:00,-8.05041765,-34.94990445,96,32,1.5099999904632568,194.0
2025-09-25T22:21:35Z,Walk,2025-09-25 22:25:12+00:00,-8.05040766,-34.94990877,96,32,1.5099999904632568,195.0
2025-09-25T22:21:35Z,Walk,2025-09-25 22:25:13+00:00,-8.050396,-34.94991111,96,32,1.5099999904632568,196.0
2025-09-25T22:21:35Z,Walk,2025-09-25 22:25:14+00:00,-8.05038234,-34.94991544,98,32,1.5,197.0
2025-09-25T22:21:35Z,Walk,2025-09-25 22:25:15+00:00,-8.050367,-34.9499201,99,32,1.4900000095367432,198.0
2025-09-25T22:21:35Z,Walk,2025-09-25 22:25:16+00:00,-8.05035101,-34.9499241,99,32,1.4800000190734863,199.0
2025-09-25T22:21:35Z,Walk,2025-09-25 22:25:17+00:00,-8.05033501,-34.94992742,100,32,1.4700000286102295,200.0
2025-09-25T22:21:35Z,Walk,2025-09-25 22:25:18+00:00,-8.05032036,-34.94993009,100,32,1.4700000286102295,201.0
2025-09-25T22:21:35Z,Walk,2025-09-25 22:25:19+00:00,-8.0503067,-34.94993274,100,32,1.4700000286102295,202.0
2025-09-25T22:21:35Z,Walk,2025-09-25 22:25:20+00:00,-8.05029337,-34.94993474,101,32,1.4700000286102295,203.0
2025-09-25T22:21:35Z,Walk,2025-09-25 22:25:21+00:00,-8.05028038,-34.9499364,101,32,1.4700000286102295,204.0
2025-09-25T22:21:35Z,Walk,2025-09-25 22:25:22+00:00,-8.05026839,-34.94993773,101,32,1.4600000381469727,205.0
2025-09-25T22:21:35Z,Walk,2025-09-25 22:25:23+00:00,-8.05025773,-34.94993839,102,32,1.4600000381469727,206.0
2025-09-25T22:21:35Z,Walk,2025-09-25 22:25:24+00:00,-8.05024606,-34.94993871,102,32,1.4600000381469727,207.0
2025-09-25T22:21:35Z,Walk,2025-09-25 22:25:25+00:00,-8.05023207,-34.94993839,103,32,1.4600000381469727,208.0
2025-09-25T22:21:35Z,Walk,2025-09-25 22:25:26+00:00,-8.05021741,-34.94993807,104,31,1.4600000381469727,209.0
2025-09-25T22:21:35Z,Walk,2025-09-25 22:25:27+00:00,-8.05020375,-34.94993741,104,31,1.4600000381469727,210.0
2025-09-25T22:21:35Z,Walk,2025-09-25 22:25:28+00:00,-8.05018908,-34.94993641,104,31,1.4600000381469727,211.0
2025-09-25T22:21:35Z,Walk,2025-09-25 22:25:29+00:00,-8.05016976,-34.94993575,105,32,1.4500000476837158,212.0
2025-09-25T22:21:35Z,Walk,2025-09-25 22:25:30+00:00,-8.05014809,-34.94993342,105,32,1.4500000476837158,213.0
2025-09-25T22:21:35Z,Walk,2025-09-25 22:25:31+00:00,-8.05012943,-34.94993043,105,33,1.4500000476837158,214.0
2025-09-25T22:21:35Z,Walk,2025-09-25 22:25:32+00:00,-8.05011277,-34.94992677,105,33,1.4500000476837158,215.0
2025-09-25T22:21:35Z,Walk,2025-09-25 22:25:33+00:00,-8.05009844,-34.94992277,106,33,1.4500000476837158,216.0
2025-09-25T22:21:35Z,Walk,2025-09-25 22:25:34+00:00,-8.05008611,-34.94992045,106,33,1.4500000476837158,217.0
2025-09-25T22:21:35Z,Walk,2025-09-25 22:25:35+00:00,-8.05007511,-34.94992077,106,32,1.4500000476837158,218.0
2025-09-25T22:21:35Z,Walk,2025-09-25 22:25:36+00:00,-8.05006379,-34.94992276,106,32,1.4500000476837158,219.0
2025-09-25T22:21:35Z,Walk,2025-09-25 22:25:37+00:00,-8.0500518,-34.9499271,105,32,1.4500000476837158,220.0
2025-09-25T22:21:35Z,Walk,2025-09-25 22:25:38+00:00,-8.05003947,-34.94993109,105,33,1.4500000476837158,221.0
2025-09-25T22:21:35Z,Walk,2025-09-25 22:25:39+00:00,-8.05002848,-34.94993475,105,33,1.4500000476837158,222.0
2025-09-25T22:21:35Z,Walk,2025-09-25 22:25:40+00:00,-8.05001581,-34.94993742,104,31,1.440000057220459,223.0
2025-09-25T22:21:35Z,Walk,2025-09-25 22:25:41+00:00,-8.05000449,-34.94993709,104,31,1.440000057220459,224.0
2025-09-25T22:21:35Z,Walk,2025-09-25 22:25:42+00:00,-8.04999449,-34.94993543,104,31,1.440000057220459,225.0
2025-09-25T22:21:35Z,Walk,2025-09-25 22:25:43+00:00,-8.04998515,-34.94993444,104,31,1.440000057220459,226.0
2025-09-25T22:21:35Z,Walk,2025-09-25 22:25:44+00:00,-8.04997316,-34.94993177,104,31,1.440000057220459,227.0
2025-09-25T22:21:35Z,Walk,2025-09-25 22:25:45+00:00,-8.04995884,-34.94992944,104,31,1.4299999475479126,228.0
2025-09-25T22:21:35Z,Walk,2025-09-25 22:25:46+00:00,-8.04994284,-34.94992612,103,31,1.4299999475479126,229.0
2025-09-25T22:21:35Z,Walk,2025-09-25 22:25:47+00:00,-8.04992652,-34.94992045,105,31,1.4299999475479126,230.0
2025-09-25T22:21:35Z,Walk,2025-09-25 22:25:48+00:00,-8.04991086,-34.94991512,104,31,1.4299999475479126,231.0
2025-09-25T22:21:35Z,Walk,2025-09-25 22:25:49+00:00,-8.04989486,-34.94991112,104,31,1.4299999475479126,232.0
2025-09-25T22:21:35Z,Walk,2025-09-25 22:25:50+00:00,-8.04988053,-34.94990713,104,32,1.4299999475479126,233.0
2025-09-25T22:21:35Z,Walk,2025-09-25 22:25:51+00:00,-8.0498562,-34.94990646,104,32,1.4299999475479126,234.0
2025-09-25T22:21:35Z,Walk,2025-09-25 22:25:52+00:00,-8.04984521,-34.94990878,104,32,1.4299999475479126,235.0
2025-09-25T22:21:35Z,Walk,2025-09-25 22:25:53+00:00,-8.04983321,-34.94991278,104,32,1.4299999475479126,236.0
2025-09-25T22:21:35Z,Walk,2025-09-25 22:25:54+00:00,-8.04982089,-34.94991778,104,32,1.4299999475479126,237.0
2025-09-25T22:21:35Z,Walk,2025-09-25 22:25:55+00:00,-8.04980822,-34.94992311,105,32,1.4299999475479126,238.0
2025-09-25T22:21:35Z,Walk,2025-09-25 22:25:56+00:00,-8.0497949,-34.94992844,104,32,1.4299999475479126,239.0
2025-09-25T22:21:35Z,Walk,2025-09-25 22:25:57+00:00,-8.0497799,-34.94993211,105,32,1.4299999475479126,240.0
2025-09-25T22:21:35Z,Walk,2025-09-25 22:25:58+00:00,-8.04976324,-34.94993376,106,31,1.4199999570846558,241.0
2025-09-25T22:21:35Z,Walk,2025-09-25 22:25:59+00:00,-8.04974591,-34.94993277,108,32,1.4199999570846558,242.0
2025-09-25T22:21:35Z,Walk,2025-09-25 22:26:00+00:00,-8.04972892,-34.94993044,108,32,1.4199999570846558,243.0
2025-09-25T22:21:35Z,Walk,2025-09-25 22:26:01+00:00,-8.04970993,-34.94992844,108,32,1.4199999570846558,244.0
2025-09-25T22:21:35Z,Walk,2025-09-25 22:26:02+00:00,-8.0496906,-34.94992812,108,32,1.4199999570846558,245.0
2025-09-25T22:21:35Z,Walk,2025-09-25 22:26:03+00:00,-8.04967261,-34.94992812,107,32,1.4199999570846558,246.0
2025-09-25T22:21:35Z,Walk,2025-09-25 22:26:04+00:00,-8.04965661,-34.94992613,108,32,1.4199999570846558,247.0
2025-09-25T22:21:35Z,Walk,2025-09-25 22:26:05+00:00,-8.04964095,-34.94992346,108,32,1.4299999475479126,248.0
2025-09-25T22:21:35Z,Walk,2025-09-25 22:26:06+00:00,-8.04962396,-34.94991979,108,32,1.4299999475479126,249.0
2025-09-25T22:21:35Z,Walk,2025-09-25 22:26:07+00:00,-8.04960663,-34.94991547,107,32,1.4299999475479126,250.0
2025-09-25T22:21:35Z,Walk,2025-09-25 22:26:08+00:00,-8.04959063,-34.9499118,107,32,1.4299999475479126,251.0
2025-09-25T22:21:35Z,Walk,2025-09-25 22:26:09+00:00,-8.04957463,-34.94990815,107,32,1.440000057220459,252.0
2025-09-25T22:21:35Z,Walk,2025-09-25 22:26:10+00:00,-8.04955864,-34.94990416,107,32,1.440000057220459,253.0
2025-09-25T22:21:35Z,Walk,2025-09-25 22:26:11+00:00,-8.04954364,-34.94989882,107,32,1.4500000476837158,254.0
2025-09-25T22:21:35Z,Walk,2025-09-25 22:26:12+00:00,-8.04952898,-34.9498925,107,32,1.4500000476837158,255.0
2025-09-25T22:21:35Z,Walk,2025-09-25 22:26:13+00:00,-8.04951431,-34.94988483,107,32,1.4500000476837158,256.0
2025-09-25T22:21:35Z,Walk,2025-09-25 22:26:14+00:00,-8.04949898,-34.9498765,106,32,1.4500000476837158,257.0
2025-09-25T22:21:35Z,Walk,2025-09-25 22:26:15+00:00,-8.04948266,-34.94986883,105,32,1.4600000381469727,258.0
2025-09-25T22:21:35Z,Walk,2025-09-25 22:26:16+00:00,-8.04946567,-34.94986083,105,32,1.4600000381469727,259.0
2025-09-25T22:21:35Z,Walk,2025-09-25 22:26:17+00:00,-8.04944867,-34.94985218,105,32,1.4700000286102295,260.0
2025-09-25T22:21:35Z,Walk,2025-09-25 22:26:18+00:00,-8.04943134,-34.94984352,105,32,1.4700000286102295,261.0
2025-09-25T22:21:35Z,Walk,2025-09-25 22:26:19+00:00,-8.04941468,-34.94983519,106,32,1.4700000286102295,262.0
2025-09-25T22:21:35Z,Walk,2025-09-25 22:26:20+00:00,-8.04939935,-34.94982786,107,32,1.4800000190734863,263.0
2025-09-25T22:21:35Z,Walk,2025-09-25 22:26:21+00:00,-8.04938569,-34.94982187,108,32,1.4900000095367432,264.0
2025-09-25T22:21:35Z,Walk,2025-09-25 22:26:22+00:00,-8.04937269,-34.94981654,109,63,1.5,265.0
2025-09-25T22:21:35Z,Walk,2025-09-25 22:26:23+00:00,-8.0493607,-34.94981087,108,63,1.5099999904632568,266.0
2025-09-25T22:21:35Z,Walk,2025-09-25 22:26:24+00:00,-8.04935071,-34.94980721,108,63,1.5099999904632568,267.0
2025-09-25T22:21:35Z,Walk,2025-09-25 22:26:25+00:00,-8.04934371,-34.94980522,108,63,1.5099999904632568,268.0
2025-09-25T22:21:35Z,Walk,2025-09-25 22:26:26+00:00,-8.04933638,-34.94980821,108,66,1.5199999809265137,269.0
2025-09-25T22:21:35Z,Walk,2025-09-25 22:26:27+00:00,-8.04932673,-34.94981253,108,63,1.5299999713897705,270.0
2025-09-25T22:21:35Z,Walk,2025-09-25 22:26:28+00:00,-8.04931607,-34.94981786,108,63,1.5299999713897705,271.0
2025-09-25T22:21:35Z,Walk,2025-09-25 22:26:29+00:00,-8.0493064,-34.94982286,110,63,1.5199999809265137,272.0
2025-09-25T22:21:35Z,Walk,2025-09-25 22:26:30+00:00,-8.04929841,-34.9498282,110,63,1.5199999809265137,273.0
2025-09-25T22:21:35Z,Walk,2025-09-25 22:26:31+00:00,-8.04929108,-34.94983585,111,63,1.5199999809265137,274.0
2025-09-25T22:21:35Z,Walk,2025-09-25 22:26:32+00:00,-8.04928409,-34.94984385,111,63,1.5099999904632568,275.0
2025-09-25T22:21:35Z,Walk,2025-09-25 22:26:33+00:00,-8.04927742,-34.94985185,111,60,1.5099999904632568,276.0
2025-09-25T22:21:35Z,Walk,2025-09-25 22:26:34+00:00,-8.0492731,-34.94986019,112,62,1.5,277.0
2025-09-25T22:21:35Z,Walk,2025-09-25 22:26:35+00:00,-8.04926977,-34.94986884,112,62,1.4900000095367432,278.0
2025-09-25T22:21:35Z,Walk,2025-09-25 22:26:36+00:00,-8.04926644,-34.9498775,112,62,1.4900000095367432,279.0
2025-09-25T22:21:35Z,Walk,2025-09-25 22:26:37+00:00,-8.04926344,-34.9498875,112,62,1.4900000095367432,280.0
2025-09-25T22:21:35Z,Walk,2025-09-25 22:26:38+00:00,-8.04926045,-34.94989749,114,62,1.4800000190734863,281.0
2025-09-25T22:21:35Z,Walk,2025-09-25 22:26:39+00:00,-8.04925746,-34.94990782,116,62,1.4700000286102295,282.0
2025-09-25T22:21:35Z,Walk,2025-09-25 22:26:40+00:00,-8.04925413,-34.94991715,117,62,1.4600000381469727,283.0
2025-09-25T22:21:35Z,Walk,2025-09-25 22:26:41+00:00,-8.04925047,-34.94992615,117,62,1.4500000476837158,284.0
2025-09-25T22:21:35Z,Walk,2025-09-25 22:26:42+00:00,-8.04924581,-34.9499348,117,62,1.4500000476837158,285.0
2025-09-25T22:21:35Z,Walk,2025-09-25 22:26:43+00:00,-8.04923981,-34.94994346,117,30,1.4500000476837158,286.0
2025-09-25T22:21:35Z,Walk,2025-09-25 22:26:44+00:00,-8.04923315,-34.94995278,117,30,1.440000057220459,287.0
2025-09-25T22:21:35Z,Walk,2025-09-25 22:26:45+00:00,-8.04922748,-34.94996278,118,31,1.4299999475479126,288.0
2025-09-25T22:21:35Z,Walk,2025-09-25 22:26:46+00:00,-8.04922048,-34.94997144,118,32,1.4199999570846558,289.0
2025-09-25T22:21:35Z,Walk,2025-09-25 22:26:47+00:00,-8.04921348,-34.94997876,117,31,1.409999966621399,290.0
2025-09-25T22:21:35Z,Walk,2025-09-25 22:26:48+00:00,-8.04920616,-34.94998543,117,31,1.409999966621399,291.0
2025-09-25T22:21:35Z,Walk,2025-09-25 22:26:49+00:00,-8.04919749,-34.94999076,118,31,1.409999966621399,292.0
2025-09-25T22:21:35Z,Walk,2025-09-25 22:26:50+00:00,-8.0491875,-34.94999442,120,31,1.399999976158142,293.0
2025-09-25T22:21:35Z,Walk,2025-09-25 22:26:51+00:00,-8.0491785,-34.94999508,121,31,1.3899999856948853,294.0
2025-09-25T22:21:35Z,Walk,2025-09-25 22:26:52+00:00,-8.04916718,-34.94999241,121,31,1.3799999952316284,295.0
2025-09-25T22:21:35Z,Walk,2025-09-25 22:26:53+00:00,-8.04915486,-34.94998642,121,31,1.3700000047683716,296.0
2025-09-25T22:21:35Z,Walk,2025-09-25 22:26:54+00:00,-8.04914219,-34.94997809,121,31,1.3700000047683716,297.0
2025-09-25T22:21:35Z,Walk,2025-09-25 22:26:55+00:00,-8.04912852,-34.9499691,121,31,1.3700000047683716,298.0
2025-09-25T22:21:35Z,Walk,2025-09-25 22:26:56+00:00,-8.0491152,-34.94996143,121,31,1.3600000143051147,299.0
2025-09-25T22:21:35Z,Walk,2025-09-25 22:26:57+00:00,-8.04910288,-34.94995376,121,31,1.3600000143051147,300.0
2025-09-25T22:21:35Z,Walk,2025-09-25 22:26:58+00:00,-8.04909089,-34.94994611,121,31,1.3600000143051147,301.0
2025-09-25T22:21:35Z,Walk,2025-09-25 22:26:59+00:00,-8.04907789,-34.94993944,121,32,1.3600000143051147,302.0
2025-09-25T22:21:35Z,Walk,2025-09-25 22:27:00+00:00,-8.04906522,-34.94993345,121,32,1.3600000143051147,303.0
2025-09-25T22:21:35Z,Walk,2025-09-25 22:27:01+00:00,-8.04905223,-34.94992613,119,32,1.3600000143051147,304.0
2025-09-25T22:21:35Z,Walk,2025-09-25 22:27:02+00:00,-8.0490379,-34.94991746,119,32,1.3600000143051147,305.0
2025-09-25T22:21:35Z,Walk,2025-09-25 22:27:03+00:00,-8.04902257,-34.94990747,120,32,1.3700000047683716,306.0
2025-09-25T22:21:35Z,Walk,2025-09-25 22:27:04+00:00,-8.04900724,-34.94989881,120,32,1.3700000047683716,307.0
2025-09-25T22:21:35Z,Walk,2025-09-25 22:27:05+00:00,-8.04899358,-34.94989148,122,32,1.3700000047683716,308.0
2025-09-25T22:21:35Z,Walk,2025-09-25 22:27:06+00:00,-8.04898092,-34.94988581,122,32,1.3700000047683716,309.0
2025-09-25T22:21:35Z,Walk,2025-09-25 22:27:07+00:00,-8.04896893,-34.94987982,122,32,1.3799999952316284,310.0
2025-09-25T22:21:35Z,Walk,2025-09-25 22:27:08+00:00,-8.0489586,-34.94987516,122,32,1.3799999952316284,311.0
2025-09-25T22:21:35Z,Walk,2025-09-25 22:27:09+00:00,-8.04894927,-34.94987183,121,32,1.3899999856948853,312.0
2025-09-25T22:21:35Z,Walk,2025-09-25 22:27:10+00:00,-8.04893928,-34.94986884,121,32,1.3899999856948853,313.0
2025-09-25T22:21:35Z,Walk,2025-09-25 22:27:11+00:00,-8.04892962,-34.94986519,121,64,1.3899999856948853,314.0
2025-09-25T22:21:35Z,Walk,2025-09-25 22:27:12+00:00,-8.04891962,-34.94986153,121,64,1.3899999856948853,315.0
2025-09-25T22:21:35Z,Walk,2025-09-25 22:27:13+00:00,-8.04890963,-34.94985753,121,65,1.3899999856948853,316.0
2025-09-25T22:21:35Z,Walk,2025-09-25 22:27:14+00:00,-8.0488993,-34.94985287,120,65,1.3799999952316284,317.0
2025-09-25T22:21:35Z,Walk,2025-09-25 22:27:15+00:00,-8.04888798,-34.94984621,120,65,1.3700000047683716,318.0
2025-09-25T22:21:35Z,Walk,2025-09-25 22:27:16+00:00,-8.04887432,-34.94983787,119,65,1.3600000143051147,319.0
2025-09-25T22:21:35Z,Walk,2025-09-25 22:27:17+00:00,-8.04886165,-34.94983088,118,65,1.3600000143051147,320.0
2025-09-25T22:21:35Z,Walk,2025-09-25 22:27:18+00:00,-8.04885132,-34.94982388,118,65,1.3600000143051147,321.0
2025-09-25T22:21:35Z,Walk,2025-09-25 22:27:19+00:00,-8.04884133,-34.94981689,118,65,1.350000023841858,322.0
2025-09-25T22:21:35Z,Walk,2025-09-25 22:27:20+00:00,-8.048831,-34.94980989,118,65,1.350000023841858,323.0
2025-09-25T22:21:35Z,Walk,2025-09-25 22:27:21+00:00,-8.04881801,-34.94980124,118,65,1.340000033378601,324.0
2025-09-25T22:21:35Z,Walk,2025-09-25 22:27:22+00:00,-8.04880301,-34.94979024,119,62,1.340000033378601,325.0
2025-09-25T22:21:35Z,Walk,2025-09-25 22:27:23+00:00,-8.04878701,-34.94977791,119,62,1.340000033378601,326.0
2025-09-25T22:21:35Z,Walk,2025-09-25 22:27:24+00:00,-8.04877035,-34.94976592,119,63,1.340000033378601,327.0
2025-09-25T22:21:35Z,Walk,2025-09-25 22:27:25+00:00,-8.04875368,-34.94975592,119,63,1.340000033378601,328.0
2025-09-25T22:21:35Z,Walk,2025-09-25 22:27:26+00:00,-8.04873869,-34.94974859,119,62,1.340000033378601,329.0
2025-09-25T22:21:35Z,Walk,2025-09-25 22:27:27+00:00,-8.04872437,-34.94974326,120,63,1.340000033378601,330.0
2025-09-25T22:21:35Z,Walk,2025-09-25 22:27:28+00:00,-8.0487107,-34.9497386,121,62,1.350000023841858,331.0
2025-09-25T22:21:35Z,Walk,2025-09-25 22:27:29+00:00,-8.04869771,-34.94973393,121,62,1.350000023841858,332.0
2025-09-25T22:21:35Z,Walk,2025-09-25 22:27:30+00:00,-8.04868639,-34.9497286,121,63,1.3600000143051147,333.0
2025-09-25T22:21:35Z,Walk,2025-09-25 22:27:31+00:00,-8.04867539,-34.94972394,121,63,1.3600000143051147,334.0
2025-09-25T22:21:35Z,Walk,2025-09-25 22:27:32+00:00,-8.04866473,-34.94971994,122,63,1.3600000143051147,335.0
2025-09-25T22:21:35Z,Walk,2025-09-25 22:27:33+00:00,-8.04865373,-34.94971595,121,63,1.3600000143051147,336.0
2025-09-25T22:21:35Z,Walk,2025-09-25 22:27:34+00:00,-8.04864241,-34.94971229,121,63,1.3600000143051147,337.0
2025-09-25T22:21:35Z,Walk,2025-09-25 22:27:35+00:00,-8.04863109,-34.94970896,119,62,1.3600000143051147,338.0
2025-09-25T22:21:35Z,Walk,2025-09-25 22:27:36+00:00,-8.04861743,-34.94970697,119,62,1.3600000143051147,339.0
2025-09-25T22:21:35Z,Walk,2025-09-25 22:27:37+00:00,-8.04860143,-34.94970564,119,62,1.3600000143051147,340.0
2025-09-25T22:21:35Z,Walk,2025-09-25 22:27:38+00:00,-8.04858476,-34.94970364,119,61,1.3600000143051147,341.0
2025-09-25T22:21:35Z,Walk,2025-09-25 22:27:39+00:00,-8.04856943,-34.94970265,119,62,1.350000023841858,342.0
2025-09-25T22:21:35Z,Walk,2025-09-25 22:27:40+00:00,-8.0485541,-34.94970133,119,62,1.350000023841858,343.0
2025-09-25T22:21:35Z,Walk,2025-09-25 22:27:41+00:00,-8.04853844,-34.94969733,119,62,1.350000023841858,344.0
2025-09-25T22:21:35Z,Walk,2025-09-25 22:27:42+00:00,-8.04852311,-34.94969166,120,62,1.350000023841858,345.0
2025-09-25T22:21:35Z,Walk,2025-09-25 22:27:43+00:00,-8.04850978,-34.94968434,120,62,1.350000023841858,346.0
2025-09-25T22:21:35Z,Walk,2025-09-25 22:27:44+00:00,-8.04849878,-34.94967667,120,64,1.350000023841858,347.0
2025-09-25T22:21:35Z,Walk,2025-09-25 22:27:45+00:00,-8.04848879,-34.94966768,120,64,1.350000023841858,348.0
2025-09-25T22:21:35Z,Walk,2025-09-25 22:27:46+00:00,-8.0484788,-34.94965801,121,64,1.3600000143051147,349.0
2025-09-25T22:21:35Z,Walk,2025-09-25 22:27:47+00:00,-8.04846847,-34.94964435,121,64,1.3600000143051147,350.0
2025-09-25T22:21:35Z,Walk,2025-09-25 22:27:48+00:00,-8.04845981,-34.94963068,122,64,1.3600000143051147,351.0
2025-09-25T22:21:35Z,Walk,2025-09-25 22:27:49+00:00,-8.04845515,-34.94961736,122,64,1.3600000143051147,352.0
2025-09-25T22:21:35Z,Walk,2025-09-25 22:27:50+00:00,-8.04845115,-34.94960436,123,64,1.3600000143051147,353.0
2025-09-25T22:21:35Z,Walk,2025-09-25 22:27:51+00:00,-8.04844848,-34.94959237,124,64,1.3600000143051147,354.0
2025-09-25T22:21:35Z,Walk,2025-09-25 22:27:52+00:00,-8.04844782,-34.9495817,126,64,1.3600000143051147,355.0
2025-09-25T22:21:35Z,Walk,2025-09-25 22:27:53+00:00,-8.04844582,-34.9495737,127,64,1.3600000143051147,356.0
2025-09-25T22:21:35Z,Walk,2025-09-25 22:27:54+00:00,-8.04844249,-34.94956904,127,64,1.3600000143051147,357.0
2025-09-25T22:21:35Z,Walk,2025-09-25 22:27:55+00:00,-8.04843782,-34.94956605,127,64,1.3600000143051147,358.0
2025-09-25T22:21:35Z,Walk,2025-09-25 22:27:56+00:00,-8.04842983,-34.94956072,127,63,1.3600000143051147,359.0
2025-09-25T22:21:35Z,Walk,2025-09-25 22:27:57+00:00,-8.04841883,-34.94955439,127,63,1.3600000143051147,360.0
2025-09-25T22:21:35Z,Walk,2025-09-25 22:27:58+00:00,-8.04840717,-34.94954773,127,63,1.350000023841858,361.0
2025-09-25T22:21:35Z,Walk,2025-09-25 22:27:59+00:00,-8.04839584,-34.94954141,126,63,1.340000033378601,362.0
2025-09-25T22:21:35Z,Walk,2025-09-25 22:28:00+00:00,-8.04838619,-34.94953542,126,63,1.340000033378601,363.0
2025-09-25T22:21:35Z,Walk,2025-09-25 22:28:01+00:00,-8.04837652,-34.94953008,126,63,1.340000033378601,364.0
2025-09-25T22:21:35Z,Walk,2025-09-25 22:28:02+00:00,-8.04836552,-34.94952508,126,63,1.3300000429153442,365.0
2025-09-25T22:21:35Z,Walk,2025-09-25 22:28:03+00:00,-8.0483542,-34.94951876,126,63,1.3300000429153442,366.0
2025-09-25T22:21:35Z,Walk,2025-09-25 22:28:04+00:00,-8.04834354,-34.94951209,126,64,1.3200000524520874,367.0
2025-09-25T22:21:35Z,Walk,2025-09-25 22:28:05+00:00,-8.04833188,-34.9495051,126,64,1.3200000524520874,368.0
2025-09-25T22:21:35Z,Walk,2025-09-25 22:28:06+00:00,-8.04832022,-34.94949844,126,64,1.3200000524520874,369.0
2025-09-25T22:21:35Z,Walk,2025-09-25 22:28:07+00:00,-8.04830855,-34.94949245,126,64,1.3200000524520874,370.0
2025-09-25T22:21:35Z,Walk,2025-09-25 22:28:08+00:00,-8.04829689,-34.94948646,126,63,1.309999942779541,371.0
2025-09-25T22:21:35Z,Walk,2025-09-25 22:28:09+00:00,-8.04828424,-34.9494798,127,63,1.309999942779541,372.0
2025-09-25T22:21:35Z,Walk,2025-09-25 22:28:10+00:00,-8.04827225,-34.94947614,128,63,1.309999942779541,373.0
2025-09-25T22:21:35Z,Walk,2025-09-25 22:28:11+00:00,-8.04826058,-34.94947614,128,63,1.309999942779541,374.0
2025-09-25T22:21:35Z,Walk,2025-09-25 22:28:12+00:00,-8.04824992,-34.94947847,130,61,1.309999942779541,375.0
2025-09-25T22:21:35Z,Walk,2025-09-25 22:28:13+00:00,-8.0482406,-34.94948146,130,61,1.309999942779541,376.0
2025-09-25T22:21:35Z,Walk,2025-09-25 22:28:14+00:00,-8.0482316,-34.94948579,130,61,1.309999942779541,377.0
2025-09-25T22:21:35Z,Walk,2025-09-25 22:28:15+00:00,-8.04822294,-34.94949211,130,61,1.309999942779541,378.0
2025-09-25T22:21:35Z,Walk,2025-09-25 22:28:16+00:00,-8.04821529,-34.94949878,129,61,1.309999942779541,379.0
2025-09-25T22:21:35Z,Walk,2025-09-25 22:28:17+00:00,-8.04820729,-34.9495061,128,61,1.2999999523162842,380.0
2025-09-25T22:21:35Z,Walk,2025-09-25 22:28:18+00:00,-8.04819795,-34.94951444,126,61,1.2999999523162842,381.0
2025-09-25T22:21:35Z,Walk,2025-09-25 22:28:19+00:00,-8.04818796,-34.94952309,126,61,1.2999999523162842,382.0
2025-09-25T22:21:35Z,Walk,2025-09-25 22:28:20+00:00,-8.04818096,-34.94953143,126,61,1.2999999523162842,383.0
2025-09-25T22:21:35Z,Walk,2025-09-25 22:28:21+00:00,-8.04817664,-34.94953775,126,62,1.2999999523162842,384.0
2025-09-25T22:21:35Z,Walk,2025-09-25 22:28:22+00:00,-8.04817464,-34.94954275,125,62,1.2899999618530273,385.0
2025-09-25T22:21:35Z,Walk,2025-09-25 22:28:23+00:00,-8.04817364,-34.94954775,124,60,1.2899999618530273,386.0
2025-09-25T22:21:35Z,Walk,2025-09-25 22:28:24+00:00,-8.04817298,-34.94955342,125,60,1.2899999618530273,387.0
2025-09-25T22:21:35Z,Walk,2025-09-25 22:28:25+00:00,-8.04817232,-34.94956041,125,60,1.2899999618530273,388.0
2025-09-25T22:21:35Z,Walk,2025-09-25 22:28:26+00:00,-8.04817332,-34.94956774,125,60,1.2899999618530273,389.0
2025-09-25T22:21:35Z,Walk,2025-09-25 22:28:27+00:00,-8.04817431,-34.94957541,124,60,1.2799999713897705,390.0
2025-09-25T22:21:35Z,Walk,2025-09-25 22:28:28+00:00,-8.04817597,-34.9495844,124,62,1.2699999809265137,391.0
2025-09-25T22:21:35Z,Walk,2025-09-25 22:28:29+00:00,-8.0481773,-34.94959305,124,62,1.2599999904632568,392.0
2025-09-25T22:21:35Z,Walk,2025-09-25 22:28:30+00:00,-8.04817763,-34.94960139,126,63,1.25,393.0
2025-09-25T22:21:35Z,Walk,2025-09-25 22:28:31+00:00,-8.04817895,-34.94960939,126,63,1.25,394.0
2025-09-25T22:21:35Z,Walk,2025-09-25 22:28:32+00:00,-8.04818128,-34.94961838,126,63,1.2400000095367432,395.0
2025-09-25T22:21:35Z,Walk,2025-09-25 22:28:33+00:00,-8.04818393,-34.94962804,126,63,1.2400000095367432,396.0
2025-09-25T22:21:35Z,Walk,2025-09-25 22:28:34+00:00,-8.04818593,-34.94963837,126,63,1.2300000190734863,397.0
2025-09-25T22:21:35Z,Walk,2025-09-25 22:28:35+00:00,-8.04818759,-34.9496487,126,63,1.2200000286102295,398.0
2025-09-25T22:21:35Z,Walk,2025-09-25 22:28:36+00:00,-8.04818727,-34.94966036,127,63,1.2200000286102295,399.0
2025-09-25T22:21:35Z,Walk,2025-09-25 22:28:37+00:00,-8.04818694,-34.94967535,127,63,1.2100000381469727,400.0
2025-09-25T22:21:35Z,Walk,2025-09-25 22:28:38+00:00,-8.0481886,-34.94969035,127,63,1.2100000381469727,401.0
2025-09-25T22:21:35Z,Walk,2025-09-25 22:28:39+00:00,-8.04819092,-34.949705,126,63,1.2100000381469727,402.0
2025-09-25T22:21:35Z,Walk,2025-09-25 22:28:40+00:00,-8.04819226,-34.94971834,126,64,1.2100000381469727,403.0
2025-09-25T22:21:35Z,Walk,2025-09-25 22:28:41+00:00,-8.04819193,-34.94973133,125,64,1.2000000476837158,404.0
2025-09-25T22:21:35Z,Walk,2025-09-25 22:28:42+00:00,-8.04819027,-34.94974332,124,64,1.2000000476837158,405.0
2025-09-25T22:21:35Z,Walk,2025-09-25 22:28:43+00:00,-8.04818827,-34.94975465,124,64,1.2100000381469727,406.0
2025-09-25T22:21:35Z,Walk,2025-09-25 22:28:44+00:00,-8.04818627,-34.94976564,124,64,1.2100000381469727,407.0
2025-09-25T22:21:35Z,Walk,2025-09-25 22:28:45+00:00,-8.04818294,-34.94977564,123,64,1.2100000381469727,408.0
2025-09-25T22:21:35Z,Walk,2025-09-25 22:28:46+00:00,-8.04817928,-34.94978496,122,64,1.2100000381469727,409.0
2025-09-25T22:21:35Z,Walk,2025-09-25 22:28:47+00:00,-8.04817662,-34.94979396,121,64,1.2100000381469727,410.0
2025-09-25T22:21:35Z,Walk,2025-09-25 22:28:48+00:00,-8.04817595,-34.94980362,118,64,1.2100000381469727,411.0
2025-09-25T22:21:35Z,Walk,2025-09-25 22:28:49+00:00,-8.04817662,-34.94981362,118,64,1.2100000381469727,412.0
2025-09-25T22:21:35Z,Walk,2025-09-25 22:28:50+00:00,-8.04817728,-34.94982261,118,64,1.2100000381469727,413.0
2025-09-25T22:21:35Z,Walk,2025-09-25 22:28:51+00:00,-8.04817695,-34.94983193,117,64,1.2100000381469727,414.0
2025-09-25T22:21:35Z,Walk,2025-09-25 22:28:52+00:00,-8.0481763,-34.9498426,117,64,1.2100000381469727,415.0
2025-09-25T22:21:35Z,Walk,2025-09-25 22:28:53+00:00,-8.04817563,-34.94985459,117,64,1.2100000381469727,416.0
2025-09-25T22:21:35Z,Walk,2025-09-25 22:28:54+00:00,-8.04817496,-34.94986658,118,64,1.2100000381469727,417.0
2025-09-25T22:21:35Z,Walk,2025-09-25 22:28:55+00:00,-8.04817364,-34.9498779,117,64,1.2100000381469727,418.0
2025-09-25T22:21:35Z,Walk,2025-09-25 22:28:56+00:00,-8.04817298,-34.94988924,117,64,1.2100000381469727,419.0
2025-09-25T22:21:35Z,Walk,2025-09-25 22:28:57+00:00,-8.04817265,-34.9499009,117,64,1.2100000381469727,420.0
2025-09-25T22:21:35Z,Walk,2025-09-25 22:28:58+00:00,-8.04817265,-34.94991356,118,31,1.2100000381469727,421.0
2025-09-25T22:21:35Z,Walk,2025-09-25 22:28:59+00:00,-8.04817298,-34.94992623,118,31,1.2200000286102295,422.0
2025-09-25T22:21:35Z,Walk,2025-09-25 22:29:00+00:00,-8.04817232,-34.94993988,118,31,1.2200000286102295,423.0
2025-09-25T22:21:35Z,Walk,2025-09-25 22:29:01+00:00,-8.04816999,-34.94995355,118,31,1.2200000286102295,424.0
2025-09-25T22:21:35Z,Walk,2025-09-25 22:29:02+00:00,-8.048166,-34.94996688,118,31,1.2200000286102295,425.0
2025-09-25T22:21:35Z,Walk,2025-09-25 22:29:03+00:00,-8.04816234,-34.94997954,119,31,1.2200000286102295,426.0
2025-09-25T22:21:35Z,Walk,2025-09-25 22:29:04+00:00,-8.04816001,-34.94999221,119,31,1.2300000190734863,427.0
2025-09-25T22:21:35Z,Walk,2025-09-25 22:29:05+00:00,-8.04815835,-34.95000554,119,31,1.2300000190734863,428.0
2025-09-25T22:21:35Z,Walk,2025-09-25 22:29:06+00:00,-8.04815602,-34.95001887,118,31,1.2400000095367432,429.0
2025-09-25T22:21:35Z,Walk,2025-09-25 22:29:07+00:00,-8.04815403,-34.95003153,119,32,1.2400000095367432,430.0
2025-09-25T22:21:35Z,Walk,2025-09-25 22:29:08+00:00,-8.04815203,-34.95004385,119,32,1.2400000095367432,431.0
2025-09-25T22:21:35Z,Walk,2025-09-25 22:29:09+00:00,-8.0481497,-34.95005551,119,32,1.25,432.0
2025-09-25T22:21:35Z,Walk,2025-09-25 22:29:10+00:00,-8.04814704,-34.95006651,119,31,1.25,433.0
2025-09-25T22:21:35Z,Walk,2025-09-25 22:29:11+00:00,-8.04814471,-34.95007751,119,32,1.2599999904632568,434.0
2025-09-25T22:21:35Z,Walk,2025-09-25 22:29:12+00:00,-8.04814138,-34.95008718,120,32,1.2599999904632568,435.0
2025-09-25T22:21:35Z,Walk,2025-09-25 22:29:13+00:00,-8.04813772,-34.9500985,120,31,1.2599999904632568,436.0
2025-09-25T22:21:35Z,Walk,2025-09-25 22:29:14+00:00,-8.04813406,-34.95011082,120,31,1.2599999904632568,437.0
2025-09-25T22:21:35Z,Walk,2025-09-25 22:29:15+00:00,-8.04813174,-34.95012515,121,31,1.2699999809265137,438.0
2025-09-25T22:21:35Z,Walk,2025-09-25 22:29:16+00:00,-8.04813008,-34.95014115,121,31,1.2699999809265137,439.0
2025-09-25T22:21:35Z,Walk,2025-09-25 22:29:17+00:00,-8.04812842,-34.95015847,120,31,1.2699999809265137,440.0
2025-09-25T22:21:35Z,Walk,2025-09-25 22:29:18+00:00,-8.04812609,-34.95017913,120,31,1.2699999809265137,441.0
2025-09-25T22:21:35Z,Walk,2025-09-25 22:29:19+00:00,-8.04812676,-34.95019779,120,31,1.2699999809265137,442.0
2025-09-25T22:21:35Z,Walk,2025-09-25 22:29:20+00:00,-8.04812742,-34.95021613,120,31,1.2699999809265137,443.0
2025-09-25T22:21:35Z,Walk,2025-09-25 22:29:21+00:00,-8.04812808,-34.95023412,120,31,1.2799999713897705,444.0
2025-09-25T22:21:35Z,Walk,2025-09-25 22:29:22+00:00,-8.04812808,-34.95025211,120,32,1.2899999618530273,445.0
2025-09-25T22:21:35Z,Walk,2025-09-25 22:29:23+00:00,-8.04812642,-34.95027111,120,32,1.2999999523162842,446.0
2025-09-25T22:21:35Z,Walk,2025-09-25 22:29:24+00:00,-8.04812343,-34.95028944,120,32,1.309999942779541,447.0
2025-09-25T22:21:35Z,Walk,2025-09-25 22:29:25+00:00,-8.04811943,-34.95030643,119,32,1.3200000524520874,448.0
2025-09-25T22:21:35Z,Walk,2025-09-25 22:29:26+00:00,-8.04811644,-34.95032442,119,32,1.3200000524520874,449.0
2025-09-25T22:21:35Z,Walk,2025-09-25 22:29:27+00:00,-8.0481131,-34.95034109,118,32,1.340000033378601,450.0
2025-09-25T22:21:35Z,Walk,2025-09-25 22:29:28+00:00,-8.04810945,-34.95035742,117,32,1.350000023841858,451.0
2025-09-25T22:21:35Z,Walk,2025-09-25 22:29:29+00:00,-8.04810511,-34.95037274,117,32,1.3600000143051147,452.0
2025-09-25T22:21:35Z,Walk,2025-09-25 22:29:30+00:00,-8.04809911,-34.9503874,119,32,1.3700000047683716,453.0
2025-09-25T22:21:35Z,Walk,2025-09-25 22:29:31+00:00,-8.04809212,-34.95040107,122,32,1.3799999952316284,454.0
2025-09-25T22:21:35Z,Walk,2025-09-25 22:29:32+00:00,-8.04808546,-34.95041373,122,32,1.3799999952316284,455.0
2025-09-25T22:21:35Z,Walk,2025-09-25 22:29:33+00:00,-8.04807979,-34.95042539,122,32,1.3899999856948853,456.0
2025-09-25T22:21:35Z,Walk,2025-09-25 22:29:34+00:00,-8.04807547,-34.95043705,122,32,1.399999976158142,457.0
2025-09-25T22:21:35Z,Walk,2025-09-25 22:29:35+00:00,-8.04807047,-34.95044971,122,32,1.399999976158142,458.0
2025-09-25T22:21:35Z,Walk,2025-09-25 22:29:36+00:00,-8.04806648,-34.95046337,122,32,1.409999966621399,459.0
2025-09-25T22:21:35Z,Walk,2025-09-25 22:29:37+00:00,-8.04806482,-34.95047837,123,32,1.409999966621399,460.0
2025-09-25T22:21:35Z,Walk,2025-09-25 22:29:38+00:00,-8.04806648,-34.95049269,123,32,1.409999966621399,461.0
2025-09-25T22:21:35Z,Walk,2025-09-25 22:29:39+00:00,-8.04806813,-34.95050636,123,31,1.4199999570846558,462.0
2025-09-25T22:21:35Z,Walk,2025-09-25 22:29:40+00:00,-8.04806947,-34.95052202,123,31,1.4199999570846558,463.0
2025-09-25T22:21:35Z,Walk,2025-09-25 22:29:41+00:00,-8.04806781,-34.95053535,123,31,1.4199999570846558,464.0
2025-09-25T22:21:35Z,Walk,2025-09-25 22:29:42+00:00,-8.04806381,-34.95054701,124,31,1.4299999475479126,465.0
2025-09-25T22:21:35Z,Walk,2025-09-25 22:29:43+00:00,-8.04805814,-34.95055534,124,31,1.4299999475479126,466.0
2025-09-25T22:21:35Z,Walk,2025-09-25 22:29:44+00:00,-8.04805281,-34.95056367,124,31,1.4299999475479126,467.0
2025-09-25T22:21:35Z,Walk,2025-09-25 22:29:45+00:00,-8.04804515,-34.95057367,124,31,1.4299999475479126,468.0
2025-09-25T22:21:35Z,Walk,2025-09-25 22:29:46+00:00,-8.0480355,-34.95058633,124,32,1.440000057220459,469.0
2025-09-25T22:21:35Z,Walk,2025-09-25 22:29:47+00:00,-8.0480225,-34.95059933,123,34,1.440000057220459,470.0
2025-09-25T22:21:35Z,Walk,2025-09-25 22:29:48+00:00,-8.04800983,-34.95061199,123,34,1.440000057220459,471.0
2025-09-25T22:21:35Z,Walk,2025-09-25 22:29:49+00:00,-8.04799716,-34.95062364,123,34,1.4500000476837158,472.0
2025-09-25T22:21:35Z,Walk,2025-09-25 22:29:50+00:00,-8.04798384,-34.95063298,123,34,1.4500000476837158,473.0
2025-09-25T22:21:35Z,Walk,2025-09-25 22:29:51+00:00,-8.04797052,-34.9506393,123,34,1.4500000476837158,474.0
2025-09-25T22:21:35Z,Walk,2025-09-25 22:29:52+00:00,-8.04795686,-34.95064262,123,34,1.4600000381469727,475.0
2025-09-25T22:21:35Z,Walk,2025-09-25 22:29:53+00:00,-8.04794253,-34.95064295,123,34,1.4600000381469727,476.0
2025-09-25T22:21:35Z,Walk,2025-09-25 22:29:54+00:00,-8.0479282,-34.95064295,123,31,1.4700000286102295,477.0
2025-09-25T22:21:35Z,Walk,2025-09-25 22:29:55+00:00,-8.04791355,-34.95064096,124,31,1.4700000286102295,478.0
2025-09-25T22:21:35Z,Walk,2025-09-25 22:29:56+00:00,-8.04789756,-34.95063829,123,31,1.4700000286102295,479.0
2025-09-25T22:21:35Z,Walk,2025-09-25 22:29:57+00:00,-8.04787989,-34.95063596,123,31,1.4700000286102295,480.0
2025-09-25T22:21:35Z,Walk,2025-09-25 22:29:58+00:00,-8.04786289,-34.95063596,123,31,1.4800000190734863,481.0
2025-09-25T22:21:35Z,Walk,2025-09-25 22:29:59+00:00,-8.04784723,-34.95063628,123,31,1.4800000190734863,482.0
2025-09-25T22:21:35Z,Walk,2025-09-25 22:30:00+00:00,-8.0478319,-34.95063562,123,31,1.4800000190734863,483.0
2025-09-25T22:21:35Z,Walk,2025-09-25 22:30:01+00:00,-8.04781691,-34.95063396,123,31,1.4800000190734863,484.0
2025-09-25T22:21:35Z,Walk,2025-09-25 22:30:02+00:00,-8.04780325,-34.95063063,123,31,1.4800000190734863,485.0
2025-09-25T22:21:35Z,Walk,2025-09-25 22:30:03+00:00,-8.04779059,-34.95062863,123,31,1.4800000190734863,486.0
2025-09-25T22:21:35Z,Walk,2025-09-25 22:30:04+00:00,-8.04777726,-34.95062598,121,31,1.4800000190734863,487.0
2025-09-25T22:21:35Z,Walk,2025-09-25 22:30:05+00:00,-8.04776261,-34.95062331,120,31,1.4800000190734863,488.0
2025-09-25T22:21:35Z,Walk,2025-09-25 22:30:06+00:00,-8.04772928,-34.95061499,120,32,1.4900000095367432,489.0
2025-09-25T22:21:35Z,Walk,2025-09-25 22:30:07+00:00,-8.04771262,-34.950612,120,32,1.4900000095367432,490.0
2025-09-25T22:21:35Z,Walk,2025-09-25 22:30:08+00:00,-8.04769528,-34.95060901,120,32,1.4900000095367432,491.0
2025-09-25T22:21:35Z,Walk,2025-09-25 22:30:09+00:00,-8.04767896,-34.95060568,121,32,1.4900000095367432,492.0
2025-09-25T22:21:35Z,Walk,2025-09-25 22:30:10+00:00,-8.0476633,-34.95060368,122,32,1.4900000095367432,493.0
2025-09-25T22:21:35Z,Walk,2025-09-25 22:30:11+00:00,-8.0476483,-34.95060203,122,32,1.5,494.0
2025-09-25T22:21:35Z,Walk,2025-09-25 22:30:12+00:00,-8.04763365,-34.95060069,123,32,1.5,495.0
2025-09-25T22:21:35Z,Walk,2025-09-25 22:30:13+00:00,-8.04761999,-34.95059904,125,32,1.5099999904632568,496.0
2025-09-25T22:21:35Z,Walk,2025-09-25 22:30:14+00:00,-8.047607,-34.95059871,125,32,1.5099999904632568,497.0
2025-09-25T22:21:35Z,Walk,2025-09-25 22:30:15+00:00,-8.04759433,-34.95059871,124,32,1.5099999904632568,498.0
2025-09-25T22:21:35Z,Walk,2025-09-25 22:30:16+00:00,-8.04758133,-34.95059771,124,32,1.5199999809265137,499.0
2025-09-25T22:21:35Z,Walk,2025-09-25 22:30:17+00:00,-8.04756834,-34.95059672,123,32,1.5199999809265137,500.0
2025-09-25T22:21:35Z,Walk,2025-09-25 22:30:18+00:00,-8.04755434,-34.95059472,123,63,1.5199999809265137,501.0
2025-09-25T22:21:35Z,Walk,2025-09-25 22:30:19+00:00,-8.04753935,-34.95059407,122,63,1.5199999809265137,502.0
2025-09-25T22:21:35Z,Walk,2025-09-25 22:30:20+00:00,-8.04752469,-34.95059506,122,63,1.5199999809265137,503.0
2025-09-25T22:21:35Z,Walk,2025-09-25 22:30:21+00:00,-8.04751003,-34.95059473,121,63,1.5199999809265137,504.0
2025-09-25T22:21:35Z,Walk,2025-09-25 22:30:22+00:00,-8.04749703,-34.95059506,121,63,1.5099999904632568,505.0
2025-09-25T22:21:35Z,Walk,2025-09-25 22:30:23+00:00,-8.04748237,-34.95059639,121,63,1.5099999904632568,506.0
2025-09-25T22:21:35Z,Walk,2025-09-25 22:30:24+00:00,-8.04746671,-34.95059906,122,63,1.5099999904632568,507.0
2025-09-25T22:21:35Z,Walk,2025-09-25 22:30:25+00:00,-8.04745204,-34.95060171,121,63,1.5099999904632568,508.0
2025-09-25T22:21:35Z,Walk,2025-09-25 22:30:26+00:00,-8.04743605,-34.9506037,121,63,1.5099999904632568,509.0
2025-09-25T22:21:35Z,Walk,2025-09-25 22:30:27+00:00,-8.04741938,-34.95060669,121,32,1.5099999904632568,510.0
2025-09-25T22:21:35Z,Walk,2025-09-25 22:30:28+00:00,-8.04740272,-34.95060903,121,31,1.5099999904632568,511.0
2025-09-25T22:21:35Z,Walk,2025-09-25 22:30:29+00:00,-8.04738706,-34.95061069,122,32,1.5099999904632568,512.0
2025-09-25T22:21:35Z,Walk,2025-09-25 22:30:30+00:00,-8.0473714,-34.95061037,123,31,1.5199999809265137,513.0
2025-09-25T22:21:35Z,Walk,2025-09-25 22:30:31+00:00,-8.04735675,-34.95060704,123,32,1.5199999809265137,514.0
2025-09-25T22:21:35Z,Walk,2025-09-25 22:30:32+00:00,-8.04734408,-34.95060305,123,32,1.5199999809265137,515.0
2025-09-25T22:21:35Z,Walk,2025-09-25 22:30:33+00:00,-8.04733241,-34.95059939,123,32,1.5199999809265137,516.0
2025-09-25T22:21:35Z,Walk,2025-09-25 22:30:34+00:00,-8.04732142,-34.95059739,124,32,1.5299999713897705,517.0
2025-09-25T22:21:35Z,Walk,2025-09-25 22:30:35+00:00,-8.04731109,-34.9505964,124,32,1.5299999713897705,518.0
2025-09-25T22:21:35Z,Walk,2025-09-25 22:30:36+00:00,-8.04730209,-34.95059507,124,32,1.5299999713897705,519.0
2025-09-25T22:21:35Z,Walk,2025-09-25 22:30:37+00:00,-8.0472921,-34.95059374,124,32,1.5299999713897705,520.0
2025-09-25T22:21:35Z,Walk,2025-09-25 22:30:38+00:00,-8.04728078,-34.95059274,124,32,1.5299999713897705,521.0
2025-09-25T22:21:35Z,Walk,2025-09-25 22:30:39+00:00,-8.04726844,-34.95059274,123,32,1.5299999713897705,522.0
2025-09-25T22:21:35Z,Walk,2025-09-25 22:30:40+00:00,-8.04725712,-34.95059274,122,32,1.5199999809265137,523.0
2025-09-25T22:21:35Z,Walk,2025-09-25 22:30:41+00:00,-8.04724546,-34.95059209,120,32,1.5099999904632568,524.0
2025-09-25T22:21:35Z,Walk,2025-09-25 22:30:42+00:00,-8.04723446,-34.9505911,118,32,1.5099999904632568,525.0
2025-09-25T22:21:35Z,Walk,2025-09-25 22:30:43+00:00,-8.04722447,-34.9505901,118,32,1.5,526.0
2025-09-25T22:21:35Z,Walk,2025-09-25 22:30:44+00:00,-8.04721381,-34.95058811,118,32,1.5,527.0
2025-09-25T22:21:35Z,Walk,2025-09-25 22:30:45+00:00,-8.04720282,-34.95058677,118,32,1.4900000095367432,528.0
2025-09-25T22:21:35Z,Walk,2025-09-25 22:30:46+00:00,-8.04719148,-34.95058645,118,32,1.4900000095367432,529.0
2025-09-25T22:21:35Z,Walk,2025-09-25 22:30:47+00:00,-8.04718016,-34.95058745,118,32,1.4800000190734863,530.0
2025-09-25T22:21:35Z,Walk,2025-09-25 22:30:48+00:00,-8.04716983,-34.95058844,118,32,1.4700000286102295,531.0
2025-09-25T22:21:35Z,Walk,2025-09-25 22:30:49+00:00,-8.04716183,-34.95059111,121,32,1.4600000381469727,532.0
2025-09-25T22:21:35Z,Walk,2025-09-25 22:30:50+00:00,-8.04715417,-34.95059311,121,32,1.4600000381469727,533.0
2025-09-25T22:21:35Z,Walk,2025-09-25 22:30:51+00:00,-8.0471465,-34.95059343,122,32,1.4600000381469727,534.0
2025-09-25T22:21:35Z,Walk,2025-09-25 22:30:52+00:00,-8.04713685,-34.9505911,122,32,1.4500000476837158,535.0
2025-09-25T22:21:35Z,Walk,2025-09-25 22:30:53+00:00,-8.04712551,-34.9505871,123,32,1.440000057220459,536.0
2025-09-25T22:21:35Z,Walk,2025-09-25 22:30:54+00:00,-8.04711318,-34.95058344,124,32,1.4299999475479126,537.0
2025-09-25T22:21:35Z,Walk,2025-09-25 22:30:55+00:00,-8.04710086,-34.95057978,125,32,1.4299999475479126,538.0
2025-09-25T22:21:35Z,Walk,2025-09-25 22:30:56+00:00,-8.04708719,-34.95057713,125,32,1.4299999475479126,539.0
2025-09-25T22:21:35Z,Walk,2025-09-25 22:30:57+00:00,-8.0470722,-34.95057546,125,32,1.4199999570846558,540.0
2025-09-25T22:21:35Z,Walk,2025-09-25 22:30:58+00:00,-8.04705687,-34.95057414,125,62,1.4199999570846558,541.0
2025-09-25T22:21:35Z,Walk,2025-09-25 22:30:59+00:00,-8.04704154,-34.95057247,125,63,1.4199999570846558,542.0
2025-09-25T22:21:35Z,Walk,2025-09-25 22:31:00+00:00,-8.04702654,-34.95057081,125,63,1.4199999570846558,543.0
2025-09-25T22:21:35Z,Walk,2025-09-25 22:31:01+00:00,-8.04701121,-34.95056881,124,63,1.4199999570846558,544.0
2025-09-25T22:21:35Z,Walk,2025-09-25 22:31:02+00:00,-8.04699522,-34.95056616,124,63,1.4199999570846558,545.0
2025-09-25T22:21:35Z,Walk,2025-09-25 22:31:03+00:00,-8.04698089,-34.95056382,124,61,1.4199999570846558,546.0
2025-09-25T22:21:35Z,Walk,2025-09-25 22:31:04+00:00,-8.0469689,-34.9505625,125,61,1.4299999475479126,547.0
2025-09-25T22:21:35Z,Walk,2025-09-25 22:31:05+00:00,-8.04695724,-34.9505615,125,62,1.4299999475479126,548.0
2025-09-25T22:21:35Z,Walk,2025-09-25 22:31:06+00:00,-8.04694591,-34.95056084,125,62,1.4299999475479126,549.0
2025-09-25T22:21:35Z,Walk,2025-09-25 22:31:07+00:00,-8.04693458,-34.95056019,123,62,1.4299999475479126,550.0
2025-09-25T22:21:35Z,Walk,2025-09-25 22:31:08+00:00,-8.04692358,-34.95055953,123,62,1.4299999475479126,551.0
2025-09-25T22:21:35Z,Walk,2025-09-25 22:31:09+00:00,-8.04691226,-34.9505582,122,62,1.440000057220459,552.0
2025-09-25T22:21:35Z,Walk,2025-09-25 22:31:10+00:00,-8.04690059,-34.95055654,122,63,1.440000057220459,553.0
2025-09-25T22:21:35Z,Walk,2025-09-25 22:31:11+00:00,-8.0468886,-34.95055354,122,63,1.4299999475479126,554.0
2025-09-25T22:21:35Z,Walk,2025-09-25 22:31:12+00:00,-8.04687595,-34.95054855,122,61,1.4299999475479126,555.0
2025-09-25T22:21:35Z,Walk,2025-09-25 22:31:13+00:00,-8.04686229,-34.95054322,122,61,1.4299999475479126,556.0
2025-09-25T22:21:35Z,Walk,2025-09-25 22:31:14+00:00,-8.04684729,-34.95053855,122,61,1.4299999475479126,557.0
2025-09-25T22:21:35Z,Walk,2025-09-25 22:31:15+00:00,-8.04683196,-34.95053389,122,62,1.4199999570846558,558.0
2025-09-25T22:21:35Z,Walk,2025-09-25 22:31:16+00:00,-8.04681797,-34.95053023,122,62,1.4199999570846558,559.0
2025-09-25T22:21:35Z,Walk,2025-09-25 22:31:17+00:00,-8.04680497,-34.95052724,121,62,1.4199999570846558,560.0
2025-09-25T22:21:35Z,Walk,2025-09-25 22:31:18+00:00,-8.04679331,-34.95052625,120,62,1.4199999570846558,561.0
2025-09-25T22:21:35Z,Walk,2025-09-25 22:31:19+00:00,-8.04678198,-34.95052724,123,62,1.4199999570846558,562.0
2025-09-25T22:21:35Z,Walk,2025-09-25 22:31:20+00:00,-8.04677099,-34.95052789,126,62,1.4199999570846558,563.0
2025-09-25T22:21:35Z,Walk,2025-09-25 22:31:21+00:00,-8.04676099,-34.95052789,126,62,1.4199999570846558,564.0
2025-09-25T22:21:35Z,Walk,2025-09-25 22:31:22+00:00,-8.046752,-34.95052724,127,63,1.4199999570846558,565.0
2025-09-25T22:21:35Z,Walk,2025-09-25 22:31:23+00:00,-8.046744,-34.95052789,124,63,1.4199999570846558,566.0
2025-09-25T22:21:35Z,Walk,2025-09-25 22:31:24+00:00,-8.04673501,-34.95052856,123,63,1.4199999570846558,567.0
2025-09-25T22:21:35Z,Walk,2025-09-25 22:31:25+00:00,-8.04672534,-34.95052756,123,63,1.409999966621399,568.0
2025-09-25T22:21:35Z,Walk,2025-09-25 22:31:26+00:00,-8.04671468,-34.95052657,123,63,1.409999966621399,569.0
2025-09-25T22:21:35Z,Walk,2025-09-25 22:31:27+00:00,-8.04670068,-34.95052591,123,63,1.409999966621399,570.0
2025-09-25T22:21:35Z,Walk,2025-09-25 22:31:28+00:00,-8.04668603,-34.95052525,123,63,1.399999976158142,571.0
2025-09-25T22:21:35Z,Walk,2025-09-25 22:31:29+00:00,-8.04667003,-34.95052525,122,63,1.399999976158142,572.0
2025-09-25T22:21:35Z,Walk,2025-09-25 22:31:31+00:00,-8.0466057,-34.9505279,121,63,1.3899999856948853,574.0
2025-09-25T22:21:35Z,Walk,2025-09-25 22:31:32+00:00,-8.0466017,-34.9505279,121,63,1.3899999856948853,575.0
2025-09-25T22:21:35Z,Walk,2025-09-25 22:31:33+00:00,-8.0465947,-34.95052691,121,63,1.3899999856948853,576.0
2025-09-25T22:21:35Z,Walk,2025-09-25 22:31:34+00:00,-8.04658605,-34.95052491,121,63,1.3899999856948853,577.0
2025-09-25T22:21:35Z,Walk,2025-09-25 22:31:35+00:00,-8.04657539,-34.95052491,121,63,1.3899999856948853,578.0
2025-09-25T22:21:35Z,Walk,2025-09-25 22:31:36+00:00,-8.04656473,-34.95052524,120,63,1.3899999856948853,579.0
2025-09-25T22:21:35Z,Walk,2025-09-25 22:31:37+00:00,-8.04655141,-34.95052657,120,72,1.3899999856948853,580.0
2025-09-25T22:21:35Z,Walk,2025-09-25 22:31:38+00:00,-8.04653974,-34.95052857,120,72,1.3899999856948853,581.0
2025-09-25T22:21:35Z,Walk,2025-09-25 22:31:39+00:00,-8.04653242,-34.95053089,120,72,1.3899999856948853,582.0
2025-09-25T22:21:35Z,Walk,2025-09-25 22:31:40+00:00,-8.04652909,-34.95053389,120,72,1.3899999856948853,583.0
2025-09-25T22:21:35Z,Walk,2025-09-25 22:31:41+00:00,-8.04652941,-34.95053522,120,72,1.3899999856948853,584.0
2025-09-25T22:21:35Z,Walk,2025-09-25 22:31:42+00:00,-8.04653274,-34.95053587,120,72,1.3899999856948853,585.0
2025-09-25T22:21:35Z,Walk,2025-09-25 22:31:43+00:00,-8.04653741,-34.95053555,120,72,1.3799999952316284,586.0
2025-09-25T22:21:35Z,Walk,2025-09-25 22:31:44+00:00,-8.04654373,-34.95053223,121,72,1.3700000047683716,587.0
2025-09-25T22:21:35Z,Walk,2025-09-25 22:31:45+00:00,-8.04655273,-34.95052756,121,72,1.3700000047683716,588.0
2025-09-25T22:21:35Z,Walk,2025-09-25 22:31:46+00:00,-8.04656239,-34.95052157,122,72,1.3600000143051147,589.0
2025-09-25T22:21:35Z,Walk,2025-09-25 22:31:47+00:00,-8.04657372,-34.9505159,122,72,1.350000023841858,590.0
2025-09-25T22:21:35Z,Walk,2025-09-25 22:31:48+00:00,-8.04658638,-34.95050991,122,72,1.340000033378601,591.0
2025-09-25T22:21:35Z,Walk,2025-09-25 22:31:49+00:00,-8.04660038,-34.95050592,122,72,1.3200000524520874,592.0
2025-09-25T22:21:35Z,Walk,2025-09-25 22:31:50+00:00,-8.04661405,-34.95050259,123,72,1.3200000524520874,593.0
2025-09-25T22:21:35Z,Walk,2025-09-25 22:31:51+00:00,-8.04662938,-34.95049992,123,72,1.3200000524520874,594.0
2025-09-25T22:21:35Z,Walk,2025-09-25 22:31:52+00:00,-8.04664504,-34.9504976,123,64,1.3200000524520874,595.0
2025-09-25T22:21:35Z,Walk,2025-09-25 22:31:53+00:00,-8.04666037,-34.95049393,123,64,1.3200000524520874,596.0
2025-09-25T22:21:35Z,Walk,2025-09-25 22:31:54+00:00,-8.04667636,-34.95048961,123,64,1.3200000524520874,597.0
2025-09-25T22:21:35Z,Walk,2025-09-25 22:31:55+00:00,-8.04669202,-34.95048694,123,64,1.3200000524520874,598.0
2025-09-25T22:21:35Z,Walk,2025-09-25 22:31:56+00:00,-8.04670902,-34.95048429,123,64,1.3300000429153442,599.0
2025-09-25T22:21:35Z,Walk,2025-09-25 22:31:57+00:00,-8.04672435,-34.95048229,123,64,1.3300000429153442,600.0
2025-09-25T22:21:35Z,Walk,2025-09-25 22:31:58+00:00,-8.04673901,-34.95048029,123,64,1.340000033378601,601.0
2025-09-25T22:21:35Z,Walk,2025-09-25 22:31:59+00:00,-8.04675366,-34.95047996,124,64,1.340000033378601,602.0
2025-09-25T22:21:35Z,Walk,2025-09-25 22:32:00+00:00,-8.04676799,-34.95048029,124,64,1.350000023841858,603.0
2025-09-25T22:21:35Z,Walk,2025-09-25 22:32:01+00:00,-8.04678199,-34.95047996,124,64,1.350000023841858,604.0
2025-09-25T22:21:35Z,Walk,2025-09-25 22:32:02+00:00,-8.04679565,-34.95047931,124,64,1.3600000143051147,605.0
2025-09-25T22:21:35Z,Walk,2025-09-25 22:32:03+00:00,-8.04680965,-34.95047832,124,64,1.3600000143051147,606.0
2025-09-25T22:21:35Z,Walk,2025-09-25 22:32:04+00:00,-8.04682464,-34.95047698,124,64,1.3600000143051147,607.0
2025-09-25T22:21:35Z,Walk,2025-09-25 22:32:05+00:00,-8.04683931,-34.95047731,124,64,1.3700000047683716,608.0
2025-09-25T22:21:35Z,Walk,2025-09-25 22:32:06+00:00,-8.0468523,-34.95047897,124,64,1.3700000047683716,609.0
2025-09-25T22:21:35Z,Walk,2025-09-25 22:32:07+00:00,-8.04686463,-34.9504803,123,64,1.3799999952316284,610.0
2025-09-25T22:21:35Z,Walk,2025-09-25 22:32:08+00:00,-8.04687696,-34.95048163,120,64,1.3799999952316284,611.0
2025-09-25T22:21:35Z,Walk,2025-09-25 22:32:09+00:00,-8.04688962,-34.95048262,120,64,1.3799999952316284,612.0
2025-09-25T22:21:35Z,Walk,2025-09-25 22:32:10+00:00,-8.04690229,-34.95048262,120,64,1.3899999856948853,613.0
2025-09-25T22:21:35Z,Walk,2025-09-25 22:32:11+00:00,-8.04691595,-34.95048362,120,64,1.3899999856948853,614.0
2025-09-25T22:21:35Z,Walk,2025-09-25 22:32:12+00:00,-8.04692995,-34.95048461,121,64,1.3899999856948853,615.0
2025-09-25T22:21:35Z,Walk,2025-09-25 22:32:13+00:00,-8.04694494,-34.95048661,122,63,1.3899999856948853,616.0
2025-09-25T22:21:35Z,Walk,2025-09-25 22:32:14+00:00,-8.04695993,-34.95049093,122,63,1.399999976158142,617.0
2025-09-25T22:21:35Z,Walk,2025-09-25 22:32:15+00:00,-8.04697359,-34.95049593,122,63,1.399999976158142,618.0
2025-09-25T22:21:35Z,Walk,2025-09-25 22:32:16+00:00,-8.04698693,-34.95049959,122,63,1.399999976158142,619.0
2025-09-25T22:21:35Z,Walk,2025-09-25 22:32:17+00:00,-8.04699825,-34.95050192,122,63,1.399999976158142,620.0
2025-09-25T22:21:35Z,Walk,2025-09-25 22:32:18+00:00,-8.04700824,-34.95050491,123,63,1.399999976158142,621.0
2025-09-25T22:21:35Z,Walk,2025-09-25 22:32:19+00:00,-8.04701657,-34.95050925,124,63,1.409999966621399,622.0
2025-09-25T22:21:35Z,Walk,2025-09-25 22:32:20+00:00,-8.04702491,-34.9505119,124,63,1.409999966621399,623.0
2025-09-25T22:21:35Z,Walk,2025-09-25 22:32:21+00:00,-8.04703556,-34.95051256,124,63,1.409999966621399,624.0
2025-09-25T22:21:35Z,Walk,2025-09-25 22:32:22+00:00,-8.04704789,-34.95051322,124,63,1.409999966621399,625.0
2025-09-25T22:21:35Z,Walk,2025-09-25 22:32:23+00:00,-8.04706089,-34.95051488,124,31,1.409999966621399,626.0
2025-09-25T22:21:35Z,Walk,2025-09-25 22:32:24+00:00,-8.04707421,-34.95051554,124,31,1.409999966621399,627.0
2025-09-25T22:21:35Z,Walk,2025-09-25 22:32:25+00:00,-8.04708821,-34.95051586,125,32,1.409999966621399,628.0
2025-09-25T22:21:35Z,Walk,2025-09-25 22:32:26+00:00,-8.04710221,-34.95051586,125,32,1.409999966621399,629.0
2025-09-25T22:21:35Z,Walk,2025-09-25 22:32:27+00:00,-8.04711687,-34.95051554,125,32,1.409999966621399,630.0
2025-09-25T22:21:35Z,Walk,2025-09-25 22:32:28+00:00,-8.0471312,-34.95051522,125,32,1.399999976158142,631.0
2025-09-25T22:21:35Z,Walk,2025-09-25 22:32:29+00:00,-8.04714452,-34.95051322,124,32,1.399999976158142,632.0
2025-09-25T22:21:35Z,Walk,2025-09-25 22:32:30+00:00,-8.04715685,-34.95051088,124,32,1.399999976158142,633.0
2025-09-25T22:21:35Z,Walk,2025-09-25 22:32:31+00:00,-8.04716985,-34.95050756,123,32,1.399999976158142,634.0
2025-09-25T22:21:35Z,Walk,2025-09-25 22:32:32+00:00,-8.04718317,-34.95050556,123,32,1.399999976158142,635.0
2025-09-25T22:21:35Z,Walk,2025-09-25 22:32:33+00:00,-8.04719749,-34.9505039,123,32,1.399999976158142,636.0
2025-09-25T22:21:35Z,Walk,2025-09-25 22:32:34+00:00,-8.04721149,-34.95050358,123,32,1.399999976158142,637.0
2025-09-25T22:21:35Z,Walk,2025-09-25 22:32:35+00:00,-8.04722483,-34.9505039,124,32,1.399999976158142,638.0
2025-09-25T22:21:35Z,Walk,2025-09-25 22:32:36+00:00,-8.04723748,-34.95050523,124,32,1.409999966621399,639.0
2025-09-25T22:21:35Z,Walk,2025-09-25 22:32:37+00:00,-8.04724882,-34.95050589,125,32,1.409999966621399,640.0
2025-09-25T22:21:35Z,Walk,2025-09-25 22:32:38+00:00,-8.04726014,-34.95050589,125,32,1.409999966621399,641.0
2025-09-25T22:21:35Z,Walk,2025-09-25 22:32:39+00:00,-8.04727181,-34.95050489,125,32,1.409999966621399,642.0
2025-09-25T22:21:35Z,Walk,2025-09-25 22:32:40+00:00,-8.04728313,-34.95050324,125,32,1.409999966621399,643.0
2025-09-25T22:21:35Z,Walk,2025-09-25 22:32:41+00:00,-8.04729613,-34.95050124,125,32,1.409999966621399,644.0
2025-09-25T22:21:35Z,Walk,2025-09-25 22:32:42+00:00,-8.04730979,-34.95050024,125,32,1.409999966621399,645.0
2025-09-25T22:21:35Z,Walk,2025-09-25 22:32:43+00:00,-8.04732379,-34.95049991,124,32,1.409999966621399,646.0
2025-09-25T22:21:35Z,Walk,2025-09-25 22:32:44+00:00,-8.04733779,-34.95050024,121,63,1.409999966621399,647.0
2025-09-25T22:21:35Z,Walk,2025-09-25 22:32:45+00:00,-8.04735178,-34.9505039,120,63,1.4199999570846558,648.0
2025-09-25T22:21:35Z,Walk,2025-09-25 22:32:46+00:00,-8.04736511,-34.9505089,120,63,1.4199999570846558,649.0
2025-09-25T22:21:35Z,Walk,2025-09-25 22:32:47+00:00,-8.0473781,-34.95051457,120,62,1.4199999570846558,650.0
2025-09-25T22:21:35Z,Walk,2025-09-25 22:32:48+00:00,-8.04739077,-34.95052089,120,62,1.4199999570846558,651.0
2025-09-25T22:21:35Z,Walk,2025-09-25 22:32:49+00:00,-8.04740209,-34.95052589,120,62,1.4299999475479126,652.0
2025-09-25T22:21:35Z,Walk,2025-09-25 22:32:50+00:00,-8.04741309,-34.95053088,120,63,1.4299999475479126,653.0
2025-09-25T22:21:35Z,Walk,2025-09-25 22:32:51+00:00,-8.04742475,-34.95053522,120,63,1.4299999475479126,654.0
2025-09-25T22:21:35Z,Walk,2025-09-25 22:32:52+00:00,-8.04743741,-34.95053954,120,63,1.4299999475479126,655.0
2025-09-25T22:21:35Z,Walk,2025-09-25 22:32:53+00:00,-8.0474494,-34.95054221,120,61,1.440000057220459,656.0
2025-09-25T22:21:35Z,Walk,2025-09-25 22:32:54+00:00,-8.04746039,-34.95054454,120,61,1.440000057220459,657.0
2025-09-25T22:21:35Z,Walk,2025-09-25 22:32:55+00:00,-8.04747173,-34.95054786,121,61,1.440000057220459,658.0
2025-09-25T22:21:35Z,Walk,2025-09-25 22:32:56+00:00,-8.04748406,-34.95055153,120,61,1.440000057220459,659.0
2025-09-25T22:21:35Z,Walk,2025-09-25 22:32:57+00:00,-8.04749738,-34.95055452,118,61,1.440000057220459,660.0
2025-09-25T22:21:35Z,Walk,2025-09-25 22:32:58+00:00,-8.04751104,-34.95055719,118,61,1.440000057220459,661.0
2025-09-25T22:21:35Z,Walk,2025-09-25 22:32:59+00:00,-8.04752436,-34.95055952,118,61,1.440000057220459,662.0
2025-09-25T22:21:35Z,Walk,2025-09-25 22:33:00+00:00,-8.04753703,-34.95056018,118,61,1.440000057220459,663.0
2025-09-25T22:21:35Z,Walk,2025-09-25 22:33:01+00:00,-8.04755069,-34.95055918,118,61,1.4299999475479126,664.0
2025-09-25T22:21:35Z,Walk,2025-09-25 22:33:02+00:00,-8.04756635,-34.95055552,118,62,1.4299999475479126,665.0
2025-09-25T22:21:35Z,Walk,2025-09-25 22:33:03+00:00,-8.04758235,-34.9505512,121,62,1.4299999475479126,666.0
2025-09-25T22:21:35Z,Walk,2025-09-25 22:33:04+00:00,-8.04759869,-34.95054886,121,62,1.4299999475479126,667.0
2025-09-25T22:21:35Z,Walk,2025-09-25 22:33:05+00:00,-8.04761268,-34.95054653,122,62,1.4299999475479126,668.0
2025-09-25T22:21:35Z,Walk,2025-09-25 22:33:06+00:00,-8.04762668,-34.95054587,122,62,1.4299999475479126,669.0
2025-09-25T22:21:35Z,Walk,2025-09-25 22:33:07+00:00,-8.04764101,-34.95054686,122,62,1.440000057220459,670.0
2025-09-25T22:21:35Z,Walk,2025-09-25 22:33:08+00:00,-8.04765167,-34.9505492,122,62,1.440000057220459,671.0
2025-09-25T22:21:35Z,Walk,2025-09-25 22:33:09+00:00,-8.04766299,-34.95055485,118,62,1.440000057220459,672.0
2025-09-25T22:21:35Z,Walk,2025-09-25 22:33:10+00:00,-8.04767365,-34.95056218,118,62,1.440000057220459,673.0
2025-09-25T22:21:35Z,Walk,2025-09-25 22:33:11+00:00,-8.04768564,-34.95057051,117,62,1.440000057220459,674.0
2025-09-25T22:21:35Z,Walk,2025-09-25 22:33:12+00:00,-8.04769696,-34.95057884,118,62,1.440000057220459,675.0
2025-09-25T22:21:35Z,Walk,2025-09-25 22:33:13+00:00,-8.04770896,-34.95058618,119,32,1.440000057220459,676.0
2025-09-25T22:21:35Z,Walk,2025-09-25 22:33:14+00:00,-8.04772062,-34.95059051,120,32,1.440000057220459,677.0
2025-09-25T22:21:35Z,Walk,2025-09-25 22:33:15+00:00,-8.04773327,-34.9505935,121,31,1.4500000476837158,678.0
2025-09-25T22:21:35Z,Walk,2025-09-25 22:33:16+00:00,-8.04774461,-34.95059583,121,31,1.4500000476837158,679.0
2025-09-25T22:21:35Z,Walk,2025-09-25 22:33:17+00:00,-8.04775694,-34.95059916,122,31,1.4500000476837158,680.0
2025-09-25T22:21:35Z,Walk,2025-09-25 22:33:18+00:00,-8.0477716,-34.95060081,122,31,1.4500000476837158,681.0
2025-09-25T22:21:35Z,Walk,2025-09-25 22:33:19+00:00,-8.04779126,-34.95060049,122,31,1.4500000476837158,682.0
2025-09-25T22:21:35Z,Walk,2025-09-25 22:33:20+00:00,-8.04780992,-34.95060017,122,31,1.4500000476837158,683.0
2025-09-25T22:21:35Z,Walk,2025-09-25 22:33:21+00:00,-8.04782759,-34.95060049,122,31,1.4500000476837158,684.0
2025-09-25T22:21:35Z,Walk,2025-09-25 22:33:22+00:00,-8.04784524,-34.9505995,122,31,1.4500000476837158,685.0
2025-09-25T22:21:35Z,Walk,2025-09-25 22:33:23+00:00,-8.04786224,-34.95059817,122,31,1.4500000476837158,686.0
2025-09-25T22:21:35Z,Walk,2025-09-25 22:33:24+00:00,-8.04787723,-34.95059718,122,31,1.4500000476837158,687.0
2025-09-25T22:21:35Z,Walk,2025-09-25 22:33:25+00:00,-8.04789256,-34.95059619,122,31,1.4600000381469727,688.0
2025-09-25T22:21:35Z,Walk,2025-09-25 22:33:26+00:00,-8.04790956,-34.95059552,121,31,1.4600000381469727,689.0
2025-09-25T22:21:35Z,Walk,2025-09-25 22:33:27+00:00,-8.04792688,-34.95059585,121,31,1.4700000286102295,690.0
2025-09-25T22:21:35Z,Walk,2025-09-25 22:33:28+00:00,-8.04794321,-34.95059651,121,31,1.4700000286102295,691.0
2025-09-25T22:21:35Z,Walk,2025-09-25 22:33:29+00:00,-8.04795854,-34.95059619,121,31,1.4700000286102295,692.0
2025-09-25T22:21:35Z,Walk,2025-09-25 22:33:30+00:00,-8.04797053,-34.95059452,121,31,1.4800000190734863,693.0
2025-09-25T22:21:35Z,Walk,2025-09-25 22:33:31+00:00,-8.04798186,-34.95059185,121,31,1.4900000095367432,694.0
2025-09-25T22:21:35Z,Walk,2025-09-25 22:33:32+00:00,-8.04799318,-34.9505882,120,31,1.4900000095367432,695.0
2025-09-25T22:21:35Z,Walk,2025-09-25 22:33:33+00:00,-8.04800517,-34.95058521,120,31,1.5,696.0
2025-09-25T22:21:35Z,Walk,2025-09-25 22:33:34+00:00,-8.04801651,-34.95058354,120,31,1.5,697.0
2025-09-25T22:21:35Z,Walk,2025-09-25 22:33:35+00:00,-8.04802883,-34.95058222,120,31,1.5,698.0
2025-09-25T22:21:35Z,Walk,2025-09-25 22:33:36+00:00,-8.0480405,-34.95058122,120,31,1.5,699.0
2025-09-25T22:21:35Z,Walk,2025-09-25 22:33:37+00:00,-8.04805282,-34.95057789,120,31,1.4900000095367432,700.0
2025-09-25T22:21:35Z,Walk,2025-09-25 22:33:38+00:00,-8.04806549,-34.95057457,120,31,1.4900000095367432,701.0
2025-09-25T22:21:35Z,Walk,2025-09-25 22:33:39+00:00,-8.04807748,-34.95057024,120,31,1.4900000095367432,702.0
2025-09-25T22:21:35Z,Walk,2025-09-25 22:33:40+00:00,-8.04808881,-34.95056658,120,31,1.4900000095367432,703.0
2025-09-25T22:21:35Z,Walk,2025-09-25 22:33:41+00:00,-8.04810013,-34.95056359,120,31,1.4900000095367432,704.0
2025-09-25T22:21:35Z,Walk,2025-09-25 22:33:42+00:00,-8.04811147,-34.95056192,119,31,1.4800000190734863,705.0
2025-09-25T22:21:35Z,Walk,2025-09-25 22:33:43+00:00,-8.04812313,-34.9505616,119,31,1.4800000190734863,706.0
2025-09-25T22:21:35Z,Walk,2025-09-25 22:33:44+00:00,-8.04813512,-34.95056192,119,31,1.4800000190734863,707.0
2025-09-25T22:21:35Z,Walk,2025-09-25 22:33:45+00:00,-8.04814711,-34.9505616,119,60,1.4700000286102295,708.0
2025-09-25T22:21:35Z,Walk,2025-09-25 22:33:46+00:00,-8.04816111,-34.9505626,119,60,1.4700000286102295,709.0
2025-09-25T22:21:35Z,Walk,2025-09-25 22:33:47+00:00,-8.04817544,-34.95056193,119,60,1.4700000286102295,710.0
2025-09-25T22:21:35Z,Walk,2025-09-25 22:33:48+00:00,-8.04818909,-34.95056128,119,62,1.4700000286102295,711.0
2025-09-25T22:21:35Z,Walk,2025-09-25 22:33:49+00:00,-8.04820009,-34.95056062,118,62,1.4600000381469727,712.0
2025-09-25T22:21:35Z,Walk,2025-09-25 22:33:50+00:00,-8.04821008,-34.9505603,117,62,1.4600000381469727,713.0
2025-09-25T22:21:35Z,Walk,2025-09-25 22:33:51+00:00,-8.04822042,-34.9505583,117,62,1.4600000381469727,714.0
2025-09-25T22:21:35Z,Walk,2025-09-25 22:33:52+00:00,-8.04823107,-34.95055596,116,62,1.4500000476837158,715.0
2025-09-25T22:21:35Z,Walk,2025-09-25 22:33:53+00:00,-8.04824173,-34.95055564,116,62,1.4500000476837158,716.0
2025-09-25T22:21:35Z,Walk,2025-09-25 22:33:54+00:00,-8.04825239,-34.95055664,116,62,1.4500000476837158,717.0
2025-09-25T22:21:35Z,Walk,2025-09-25 22:33:55+00:00,-8.04826472,-34.95055863,116,62,1.440000057220459,718.0
2025-09-25T22:21:35Z,Walk,2025-09-25 22:33:56+00:00,-8.04827671,-34.95056063,116,61,1.440000057220459,719.0
2025-09-25T22:21:35Z,Walk,2025-09-25 22:33:57+00:00,-8.0482897,-34.95056296,116,61,1.4299999475479126,720.0
2025-09-25T22:21:35Z,Walk,2025-09-25 22:33:58+00:00,-8.04830203,-34.95056496,116,62,1.4299999475479126,721.0
2025-09-25T22:21:35Z,Walk,2025-09-25 22:33:59+00:00,-8.04831202,-34.95056762,116,62,1.4299999475479126,722.0
2025-09-25T22:21:35Z,Walk,2025-09-25 22:34:00+00:00,-8.04832302,-34.95057095,115,62,1.4199999570846558,723.0
2025-09-25T22:21:35Z,Walk,2025-09-25 22:34:01+00:00,-8.04833401,-34.95057494,114,62,1.4199999570846558,724.0
2025-09-25T22:21:35Z,Walk,2025-09-25 22:34:02+00:00,-8.04834467,-34.95057694,114,62,1.409999966621399,725.0
2025-09-25T22:21:35Z,Walk,2025-09-25 22:34:03+00:00,-8.048355,-34.9505776,112,62,1.409999966621399,726.0
2025-09-25T22:21:35Z,Walk,2025-09-25 22:34:04+00:00,-8.04836366,-34.95057826,111,62,1.399999976158142,727.0
2025-09-25T22:21:35Z,Walk,2025-09-25 22:34:05+00:00,-8.04837166,-34.95057959,111,62,1.399999976158142,728.0
2025-09-25T22:21:35Z,Walk,2025-09-25 22:34:06+00:00,-8.04838032,-34.95058192,110,62,1.3899999856948853,729.0
2025-09-25T22:21:35Z,Walk,2025-09-25 22:34:07+00:00,-8.04838997,-34.95058491,110,62,1.3899999856948853,730.0
2025-09-25T22:21:35Z,Walk,2025-09-25 22:34:08+00:00,-8.04840131,-34.95058857,110,62,1.3799999952316284,731.0
2025-09-25T22:21:35Z,Walk,2025-09-25 22:34:09+00:00,-8.04841297,-34.95059324,110,62,1.3700000047683716,732.0
2025-09-25T22:21:35Z,Walk,2025-09-25 22:34:10+00:00,-8.04842296,-34.95059789,110,62,1.3700000047683716,733.0
2025-09-25T22:21:35Z,Walk,2025-09-25 22:34:11+00:00,-8.0484323,-34.95060489,110,62,1.3700000047683716,734.0
2025-09-25T22:21:35Z,Walk,2025-09-25 22:34:12+00:00,-8.0484413,-34.95061289,110,62,1.3600000143051147,735.0
2025-09-25T22:21:35Z,Walk,2025-09-25 22:34:13+00:00,-8.04844796,-34.95062288,109,62,1.350000023841858,736.0
2025-09-25T22:21:35Z,Walk,2025-09-25 22:34:14+00:00,-8.04845229,-34.95063422,109,61,1.350000023841858,737.0
2025-09-25T22:21:35Z,Walk,2025-09-25 22:34:15+00:00,-8.04845462,-34.95064854,109,61,1.340000033378601,738.0
2025-09-25T22:21:35Z,Walk,2025-09-25 22:34:16+00:00,-8.04845594,-34.95066454,110,61,1.340000033378601,739.0
2025-09-25T22:21:35Z,Walk,2025-09-25 22:34:17+00:00,-8.04845661,-34.95067821,110,61,1.340000033378601,740.0
2025-09-25T22:21:35Z,Walk,2025-09-25 22:34:18+00:00,-8.04845693,-34.9506912,110,61,1.3300000429153442,741.0
2025-09-25T22:21:35Z,Walk,2025-09-25 22:34:19+00:00,-8.04845726,-34.95070353,110,61,1.3300000429153442,742.0
2025-09-25T22:21:35Z,Walk,2025-09-25 22:34:20+00:00,-8.0484566,-34.95071585,110,61,1.3300000429153442,743.0
2025-09-25T22:21:35Z,Walk,2025-09-25 22:34:21+00:00,-8.04845227,-34.95073584,112,61,1.3200000524520874,744.0
2025-09-25T22:21:35Z,Walk,2025-09-25 22:34:22+00:00,-8.04844994,-34.9507445,112,61,1.3200000524520874,745.0
2025-09-25T22:21:35Z,Walk,2025-09-25 22:34:23+00:00,-8.04844762,-34.95075217,112,61,1.3200000524520874,746.0
