activity_id,sport_type,timestamp,latitude,longitude,heart_rate,speed,cadence
2023-11-17T23:26:16Z,walk,2023-11-17T23:26:22Z,-8.055335,-34.95528,157,0.0,
2023-11-17T23:26:16Z,walk,2023-11-17T23:26:27Z,-8.05532501,-34.95531333,158,0.0,
2023-11-17T23:26:16Z,walk,2023-11-17T23:26:28Z,-8.05533101,-34.95531699,156,0.0,
2023-11-17T23:26:16Z,walk,2023-11-17T23:26:29Z,-8.05533967,-34.95531466,156,0.0,
2023-11-17T23:26:16Z,walk,2023-11-17T23:26:30Z,-8.05534667,-34.95530132,156,0.0,
2023-11-17T23:26:16Z,walk,2023-11-17T23:26:31Z,-8.05534501,-34.95528167,157,0.0,
2023-11-17T23:26:16Z,walk,2023-11-17T23:26:32Z,-8.05534001,-34.95526233,157,0.0,30.0
2023-11-17T23:26:16Z,walk,2023-11-17T23:26:33Z,-8.05533902,-34.95524668,156,0.0,30.0
2023-11-17T23:26:16Z,walk,2023-11-17T23:26:34Z,-8.05534034,-34.95523301,155,0.0,30.0
2023-11-17T23:26:16Z,walk,2023-11-17T23:26:35Z,-8.05534168,-34.95522001,155,0.0,30.0
2023-11-17T23:26:16Z,walk,2023-11-17T23:26:36Z,-8.05534501,-34.95520569,155,0.0,30.0
2023-11-17T23:26:16Z,walk,2023-11-17T23:26:37Z,-8.05534533,-34.95518902,155,0.7699999809265137,30.0
2023-11-17T23:26:16Z,walk,2023-11-17T23:26:38Z,-8.05535167,-34.95517136,155,1.559999942779541,30.0
2023-11-17T23:26:16Z,walk,2023-11-17T23:26:39Z,-8.05536166,-34.9551527,155,1.600000023841858,30.0
2023-11-17T23:26:16Z,walk,2023-11-17T23:26:40Z,-8.05537131,-34.95513771,154,1.6299999952316284,30.0
2023-11-17T23:26:16Z,walk,2023-11-17T23:26:41Z,-8.05537965,-34.95512371,154,1.6299999952316284,30.0
2023-11-17T23:26:16Z,walk,2023-11-17T23:26:42Z,-8.05538564,-34.95510971,154,1.6299999952316284,30.0
2023-11-17T23:26:16Z,walk,2023-11-17T23:26:43Z,-8.05539097,-34.95509438,154,1.6100000143051147,30.0
2023-11-17T23:26:16Z,walk,2023-11-17T23:26:44Z,-8.05539696,-34.95508006,154,1.6100000143051147,30.0
2023-11-17T23:26:16Z,walk,2023-11-17T23:26:45Z,-8.05540396,-34.95506673,155,1.6200000047683716,
2023-11-17T23:26:16Z,walk,2023-11-17T23:26:46Z,-8.05540863,-34.95505207,154,1.6100000143051147,30.0
2023-11-17T23:26:16Z,walk,2023-11-17T23:26:47Z,-8.05541128,-34.95503807,154,1.6100000143051147,30.0
2023-11-17T23:26:16Z,walk,2023-11-17T23:26:48Z,-8.05541361,-34.95502407,154,1.5800000429153442,29.0
2023-11-17T23:26:16Z,walk,2023-11-17T23:26:49Z,-8.05541761,-34.95500907,153,1.5299999713897705,29.0
2023-11-17T23:26:16Z,walk,2023-11-17T23:26:50Z,-8.05542227,-34.95499441,152,1.5,30.0
2023-11-17T23:26:16Z,walk,2023-11-17T23:26:51Z,-8.05542626,-34.95498142,151,1.4800000190734863,30.0
2023-11-17T23:26:16Z,walk,2023-11-17T23:26:52Z,-8.05542859,-34.95496942,151,1.4600000381469727,30.0
2023-11-17T23:26:16Z,walk,2023-11-17T23:26:53Z,-8.05542991,-34.9549571,151,1.4600000381469727,30.0
2023-11-17T23:26:16Z,walk,2023-11-17T23:26:54Z,-8.05543091,-34.95494343,151,1.4500000476837158,28.0
2023-11-17T23:26:16Z,walk,2023-11-17T23:26:55Z,-8.05543223,-34.9549301,151,1.440000057220459,28.0
2023-11-17T23:26:16Z,walk,2023-11-17T23:26:56Z,-8.0554329,-34.95491878,151,1.409999966621399,28.0
2023-11-17T23:26:16Z,walk,2023-11-17T23:26:57Z,-8.05543257,-34.95490712,150,1.3799999952316284,28.0
2023-11-17T23:26:16Z,walk,2023-11-17T23:26:59Z,-8.05543158,-34.95489713,150,1.350000023841858,28.0
2023-11-17T23:26:16Z,walk,2023-11-17T23:26:59Z,-8.05543158,-34.95488646,149,1.3200000524520874,29.0
2023-11-17T23:26:16Z,walk,2023-11-17T23:27:00Z,-8.0554319,-34.95487447,149,1.3200000524520874,29.0
2023-11-17T23:26:16Z,walk,2023-11-17T23:27:01Z,-8.05543123,-34.95486281,149,1.2999999523162842,31.0
2023-11-17T23:26:16Z,walk,2023-11-17T23:27:02Z,-8.05542924,-34.95485082,149,1.2799999713897705,30.0
2023-11-17T23:26:16Z,walk,2023-11-17T23:27:03Z,-8.05542591,-34.95483682,149,1.2699999809265137,30.0
2023-11-17T23:26:16Z,walk,2023-11-17T23:27:04Z,-8.05542191,-34.95482216,150,1.2699999809265137,30.0
2023-11-17T23:26:16Z,walk,2023-11-17T23:27:05Z,-8.05541624,-34.95480649,150,1.2899999618530273,30.0
2023-11-17T23:26:16Z,walk,2023-11-17T23:27:06Z,-8.05541091,-34.9547915,150,1.2899999618530273,30.0
2023-11-17T23:26:16Z,walk,2023-11-17T23:27:07Z,-8.05540391,-34.9547755,150,1.340000033378601,30.0
2023-11-17T23:26:16Z,walk,2023-11-17T23:27:08Z,-8.05539859,-34.95475751,150,1.409999966621399,30.0
2023-11-17T23:26:16Z,walk,2023-11-17T23:27:09Z,-8.05539891,-34.95473851,150,1.5,30.0
2023-11-17T23:26:16Z,walk,2023-11-17T23:27:10Z,-8.05540358,-34.95471952,149,1.5700000524520874,30.0
2023-11-17T23:26:16Z,walk,2023-11-17T23:27:11Z,-8.05541123,-34.95470052,149,1.649999976158142,30.0
2023-11-17T23:26:16Z,walk,2023-11-17T23:27:12Z,-8.05541989,-34.95468186,149,1.649999976158142,30.0
2023-11-17T23:26:16Z,walk,2023-11-17T23:27:13Z,-8.05542855,-34.9546642,148,1.7000000476837158,31.0
2023-11-17T23:26:16Z,walk,2023-11-17T23:27:14Z,-8.0554362,-34.95464853,148,1.7200000286102295,31.0
2023-11-17T23:26:16Z,walk,2023-11-17T23:27:15Z,-8.05544154,-34.95463588,148,1.7300000190734863,31.0
2023-11-17T23:26:16Z,walk,2023-11-17T23:27:16Z,-8.05544487,-34.95462422,148,1.7400000095367432,31.0
2023-11-17T23:26:16Z,walk,2023-11-17T23:27:17Z,-8.0554442,-34.95461256,147,1.75,30.0
2023-11-17T23:26:16Z,walk,2023-11-17T23:27:18Z,-8.05544121,-34.95460023,147,1.75,30.0
2023-11-17T23:26:16Z,walk,2023-11-17T23:27:19Z,-8.05543721,-34.9545869,147,1.7599999904632568,30.0
2023-11-17T23:26:16Z,walk,2023-11-17T23:27:20Z,-8.05543422,-34.95457391,147,1.75,30.0
2023-11-17T23:26:16Z,walk,2023-11-17T23:27:21Z,-8.05543222,-34.95455991,147,1.7400000095367432,31.0
2023-11-17T23:26:16Z,walk,2023-11-17T23:27:22Z,-8.05542923,-34.95454691,147,1.7300000190734863,30.0
2023-11-17T23:26:16Z,walk,2023-11-17T23:27:23Z,-8.05542823,-34.95453324,148,1.7100000381469727,30.0
2023-11-17T23:26:16Z,walk,2023-11-17T23:27:24Z,-8.05543157,-34.95451758,148,1.7100000381469727,30.0
2023-11-17T23:26:16Z,walk,2023-11-17T23:27:25Z,-8.05543589,-34.95449958,149,1.7000000476837158,30.0
2023-11-17T23:26:16Z,walk,2023-11-17T23:27:26Z,-8.05544055,-34.95448126,149,1.6799999475479126,30.0
2023-11-17T23:26:16Z,walk,2023-11-17T23:27:27Z,-8.05544455,-34.95446394,148,1.6699999570846558,30.0
2023-11-17T23:26:16Z,walk,2023-11-17T23:27:28Z,-8.05544788,-34.95444727,148,1.659999966621399,30.0
2023-11-17T23:26:16Z,walk,2023-11-17T23:27:29Z,-8.05545055,-34.95443127,147,1.659999966621399,30.0
2023-11-17T23:26:16Z,walk,2023-11-17T23:27:30Z,-8.05545354,-34.95441561,147,1.659999966621399,30.0
2023-11-17T23:26:16Z,walk,2023-11-17T23:27:31Z,-8.05545619,-34.95439961,146,1.659999966621399,30.0
2023-11-17T23:26:16Z,walk,2023-11-17T23:27:32Z,-8.05545718,-34.95438561,146,1.659999966621399,30.0
2023-11-17T23:26:16Z,walk,2023-11-17T23:27:33Z,-8.05545818,-34.95437295,146,1.6699999570846558,30.0
2023-11-17T23:26:16Z,walk,2023-11-17T23:27:34Z,-8.05545917,-34.95436329,146,1.6699999570846558,30.0
2023-11-17T23:26:16Z,walk,2023-11-17T23:27:35Z,-8.05545984,-34.95435296,146,1.6799999475479126,30.0
2023-11-17T23:26:16Z,walk,2023-11-17T23:27:36Z,-8.05546184,-34.95434263,146,1.6799999475479126,30.0
2023-11-17T23:26:16Z,walk,2023-11-17T23:27:37Z,-8.0554645,-34.95433363,146,1.6799999475479126,30.0
2023-11-17T23:26:16Z,walk,2023-11-17T23:27:38Z,-8.05546516,-34.95432431,146,1.6699999570846558,30.0
2023-11-17T23:26:16Z,walk,2023-11-17T23:27:39Z,-8.05546549,-34.95431465,145,1.659999966621399,30.0
2023-11-17T23:26:16Z,walk,2023-11-17T23:27:40Z,-8.05546581,-34.95430499,144,1.649999976158142,30.0
2023-11-17T23:26:16Z,walk,2023-11-17T23:27:41Z,-8.05546549,-34.95429633,144,1.6399999856948853,30.0
2023-11-17T23:26:16Z,walk,2023-11-17T23:27:42Z,-8.05546516,-34.95428734,144,1.6399999856948853,30.0
2023-11-17T23:26:16Z,walk,2023-11-17T23:27:43Z,-8.0554645,-34.95427835,144,1.6200000047683716,30.0
2023-11-17T23:26:16Z,walk,2023-11-17T23:27:44Z,-8.05546384,-34.95426868,146,1.6100000143051147,30.0
2023-11-17T23:26:16Z,walk,2023-11-17T23:27:45Z,-8.05546351,-34.95425768,146,1.590000033378601,30.0
2023-11-17T23:26:16Z,walk,2023-11-17T23:27:46Z,-8.05546351,-34.95424536,147,1.5800000429153442,30.0
2023-11-17T23:26:16Z,walk,2023-11-17T23:27:47Z,-8.05546384,-34.95423169,147,1.559999942779541,30.0
2023-11-17T23:26:16Z,walk,2023-11-17T23:27:48Z,-8.0554645,-34.95421704,146,1.5499999523162842,30.0
2023-11-17T23:26:16Z,walk,2023-11-17T23:27:49Z,-8.05546516,-34.9542017,146,1.5499999523162842,30.0
2023-11-17T23:26:16Z,walk,2023-11-17T23:27:50Z,-8.05546549,-34.95418638,145,1.5399999618530273,30.0
2023-11-17T23:26:16Z,walk,2023-11-17T23:27:51Z,-8.05546749,-34.95417406,144,1.5299999713897705,30.0
2023-11-17T23:26:16Z,walk,2023-11-17T23:27:52Z,-8.05547082,-34.95416139,143,1.5199999809265137,61.0
2023-11-17T23:26:16Z,walk,2023-11-17T23:27:53Z,-8.05547148,-34.9541484,143,1.5199999809265137,61.0
2023-11-17T23:26:16Z,walk,2023-11-17T23:27:54Z,-8.05547049,-34.95413907,143,1.5199999809265137,61.0
2023-11-17T23:26:16Z,walk,2023-11-17T23:27:55Z,-8.05547082,-34.95412908,143,1.5199999809265137,61.0
2023-11-17T23:26:16Z,walk,2023-11-17T23:27:56Z,-8.05547514,-34.95412074,142,1.5199999809265137,61.0
2023-11-17T23:26:16Z,walk,2023-11-17T23:27:57Z,-8.05548113,-34.95411175,141,1.5199999809265137,61.0
2023-11-17T23:26:16Z,walk,2023-11-17T23:27:58Z,-8.05548647,-34.95410242,141,1.5199999809265137,61.0
2023-11-17T23:26:16Z,walk,2023-11-17T23:27:59Z,-8.05549046,-34.9540931,141,1.5199999809265137,61.0
2023-11-17T23:26:16Z,walk,2023-11-17T23:28:00Z,-8.05549279,-34.9540851,141,1.5199999809265137,61.0
2023-11-17T23:26:16Z,walk,2023-11-17T23:28:01Z,-8.05549346,-34.95407676,141,1.5199999809265137,61.0
2023-11-17T23:26:16Z,walk,2023-11-17T23:28:02Z,-8.05549378,-34.95406711,141,1.5199999809265137,61.0
2023-11-17T23:26:16Z,walk,2023-11-17T23:28:03Z,-8.05549346,-34.95405611,141,1.5099999904632568,61.0
2023-11-17T23:26:16Z,walk,2023-11-17T23:28:04Z,-8.05549346,-34.95404544,141,1.5099999904632568,61.0
2023-11-17T23:26:16Z,walk,2023-11-17T23:28:05Z,-8.05549146,-34.95403612,142,1.5,61.0
2023-11-17T23:26:16Z,walk,2023-11-17T23:28:06Z,-8.05548946,-34.95402612,142,1.4900000095367432,61.0
2023-11-17T23:26:16Z,walk,2023-11-17T23:28:07Z,-8.0554878,-34.95401478,142,1.4900000095367432,61.0
2023-11-17T23:26:16Z,walk,2023-11-17T23:28:08Z,-8.05548713,-34.95400246,141,1.4900000095367432,61.0
2023-11-17T23:26:16Z,walk,2023-11-17T23:28:09Z,-8.05548746,-34.95398913,140,1.4800000190734863,61.0
2023-11-17T23:26:16Z,walk,2023-11-17T23:28:10Z,-8.05548878,-34.9539748,140,1.4700000286102295,61.0
2023-11-17T23:26:16Z,walk,2023-11-17T23:28:11Z,-8.05549244,-34.95395981,140,1.4600000381469727,61.0
2023-11-17T23:26:16Z,walk,2023-11-17T23:28:12Z,-8.05549677,-34.95394248,140,1.4600000381469727,61.0
2023-11-17T23:26:16Z,walk,2023-11-17T23:28:13Z,-8.05550043,-34.95392516,140,1.4600000381469727,61.0
2023-11-17T23:26:16Z,walk,2023-11-17T23:28:14Z,-8.05550308,-34.95391116,140,1.4500000476837158,60.0
2023-11-17T23:26:16Z,walk,2023-11-17T23:28:15Z,-8.05550441,-34.95389817,140,1.4500000476837158,60.0
2023-11-17T23:26:16Z,walk,2023-11-17T23:28:16Z,-8.05550607,-34.95388483,140,1.4500000476837158,60.0
2023-11-17T23:26:16Z,walk,2023-11-17T23:28:17Z,-8.05550741,-34.95387117,141,1.4500000476837158,60.0
2023-11-17T23:26:16Z,walk,2023-11-17T23:28:18Z,-8.05550707,-34.95385884,143,1.4600000381469727,60.0
2023-11-17T23:26:16Z,walk,2023-11-17T23:28:19Z,-8.05550408,-34.95384851,143,1.4600000381469727,60.0
2023-11-17T23:26:16Z,walk,2023-11-17T23:28:20Z,-8.05550043,-34.95383818,144,1.4600000381469727,60.0
2023-11-17T23:26:16Z,walk,2023-11-17T23:28:21Z,-8.05549509,-34.95382952,144,1.4600000381469727,60.0
2023-11-17T23:26:16Z,walk,2023-11-17T23:28:22Z,-8.05548944,-34.9538222,145,1.4600000381469727,60.0
2023-11-17T23:26:16Z,walk,2023-11-17T23:28:23Z,-8.05548411,-34.9538152,145,1.4600000381469727,60.0
2023-11-17T23:26:16Z,walk,2023-11-17T23:28:24Z,-8.05547711,-34.95380854,145,1.4600000381469727,60.0
2023-11-17T23:26:16Z,walk,2023-11-17T23:28:25Z,-8.05546878,-34.95380255,145,1.4600000381469727,60.0
2023-11-17T23:26:16Z,walk,2023-11-17T23:28:26Z,-8.05546012,-34.95379822,146,1.4600000381469727,60.0
2023-11-17T23:26:16Z,walk,2023-11-17T23:28:27Z,-8.05545246,-34.95379389,146,1.4500000476837158,60.0
2023-11-17T23:26:16Z,walk,2023-11-17T23:28:28Z,-8.0554448,-34.95378989,146,1.440000057220459,60.0
2023-11-17T23:26:16Z,walk,2023-11-17T23:28:29Z,-8.05543713,-34.9537869,145,1.4299999475479126,61.0
2023-11-17T23:26:16Z,walk,2023-11-17T23:28:30Z,-8.05542813,-34.95378358,145,1.4199999570846558,60.0
2023-11-17T23:26:16Z,walk,2023-11-17T23:28:31Z,-8.0554178,-34.95378059,145,1.4199999570846558,60.0
2023-11-17T23:26:16Z,walk,2023-11-17T23:28:32Z,-8.05540681,-34.95377659,144,1.409999966621399,60.0
2023-11-17T23:26:16Z,walk,2023-11-17T23:28:33Z,-8.05539581,-34.9537736,144,1.399999976158142,60.0
2023-11-17T23:26:16Z,walk,2023-11-17T23:28:34Z,-8.05538548,-34.95377028,144,1.3899999856948853,61.0
2023-11-17T23:26:16Z,walk,2023-11-17T23:28:35Z,-8.05537449,-34.95376828,144,1.3799999952316284,60.0
2023-11-17T23:26:16Z,walk,2023-11-17T23:28:36Z,-8.05536249,-34.95376561,144,1.3700000047683716,61.0
2023-11-17T23:26:16Z,walk,2023-11-17T23:28:37Z,-8.05535016,-34.95376229,144,1.3700000047683716,61.0
2023-11-17T23:26:16Z,walk,2023-11-17T23:28:38Z,-8.05533784,-34.95375962,143,1.3700000047683716,61.0
2023-11-17T23:26:16Z,walk,2023-11-17T23:28:39Z,-8.05532484,-34.95375763,143,1.3600000143051147,61.0
2023-11-17T23:26:16Z,walk,2023-11-17T23:28:40Z,-8.05531152,-34.9537563,143,1.3600000143051147,59.0
2023-11-17T23:26:16Z,walk,2023-11-17T23:28:41Z,-8.05529853,-34.95375564,143,1.3600000143051147,59.0
2023-11-17T23:26:16Z,walk,2023-11-17T23:28:42Z,-8.05528586,-34.95375265,144,1.3600000143051147,59.0
2023-11-17T23:26:16Z,walk,2023-11-17T23:28:43Z,-8.05527353,-34.95374933,144,1.3600000143051147,59.0
2023-11-17T23:26:16Z,walk,2023-11-17T23:28:44Z,-8.05526187,-34.95374599,143,1.3600000143051147,59.0
2023-11-17T23:26:16Z,walk,2023-11-17T23:28:45Z,-8.05525121,-34.95374367,143,1.3600000143051147,59.0
2023-11-17T23:26:16Z,walk,2023-11-17T23:28:46Z,-8.05524155,-34.95374267,143,1.3600000143051147,60.0
2023-11-17T23:26:16Z,walk,2023-11-17T23:28:47Z,-8.05523156,-34.95374235,143,1.3600000143051147,61.0
2023-11-17T23:26:16Z,walk,2023-11-17T23:28:48Z,-8.05522222,-34.95374235,143,1.3600000143051147,61.0
2023-11-17T23:26:16Z,walk,2023-11-17T23:28:49Z,-8.05521223,-34.95374169,143,1.3600000143051147,61.0
2023-11-17T23:26:16Z,walk,2023-11-17T23:28:50Z,-8.05520158,-34.95374137,143,1.3600000143051147,61.0
2023-11-17T23:26:16Z,walk,2023-11-17T23:28:51Z,-8.05519058,-34.95374104,143,1.3600000143051147,61.0
2023-11-17T23:26:16Z,walk,2023-11-17T23:28:52Z,-8.05517892,-34.95374137,143,1.3600000143051147,61.0
2023-11-17T23:26:16Z,walk,2023-11-17T23:28:53Z,-8.05516559,-34.95374169,142,1.3600000143051147,61.0
2023-11-17T23:26:16Z,walk,2023-11-17T23:28:54Z,-8.05515093,-34.95374137,141,1.350000023841858,61.0
2023-11-17T23:26:16Z,walk,2023-11-17T23:28:55Z,-8.05513527,-34.95374169,140,1.350000023841858,61.0
2023-11-17T23:26:16Z,walk,2023-11-17T23:28:56Z,-8.05511927,-34.95374235,140,1.350000023841858,61.0
2023-11-17T23:26:16Z,walk,2023-11-17T23:28:57Z,-8.05510295,-34.95374401,134,1.340000033378601,30.0
2023-11-17T23:26:16Z,walk,2023-11-17T23:28:58Z,-8.05508662,-34.95374434,133,1.340000033378601,30.0
2023-11-17T23:26:16Z,walk,2023-11-17T23:28:59Z,-8.05507062,-34.95374466,132,1.350000023841858,30.0
2023-11-17T23:26:16Z,walk,2023-11-17T23:29:00Z,-8.05505563,-34.953744,129,1.350000023841858,30.0
2023-11-17T23:26:16Z,walk,2023-11-17T23:29:01Z,-8.05504229,-34.95374167,129,1.350000023841858,30.0
2023-11-17T23:26:16Z,walk,2023-11-17T23:29:02Z,-8.05503064,-34.95373801,126,1.3600000143051147,30.0
2023-11-17T23:26:16Z,walk,2023-11-17T23:29:03Z,-8.0550193,-34.95373435,126,1.3600000143051147,30.0
2023-11-17T23:26:16Z,walk,2023-11-17T23:29:04Z,-8.05500864,-34.95373201,127,1.3700000047683716,30.0
2023-11-17T23:26:16Z,walk,2023-11-17T23:29:05Z,-8.05499865,-34.95373169,126,1.3799999952316284,30.0
2023-11-17T23:26:16Z,walk,2023-11-17T23:29:06Z,-8.05498799,-34.95373137,126,1.3899999856948853,62.0
2023-11-17T23:26:16Z,walk,2023-11-17T23:29:07Z,-8.054975,-34.95373104,127,1.3899999856948853,62.0
2023-11-17T23:26:16Z,walk,2023-11-17T23:29:08Z,-8.05496067,-34.95373072,127,1.3899999856948853,62.0
2023-11-17T23:26:16Z,walk,2023-11-17T23:29:09Z,-8.05494667,-34.95372973,128,1.3899999856948853,62.0
2023-11-17T23:26:16Z,walk,2023-11-17T23:29:10Z,-8.05493368,-34.95372674,129,1.3899999856948853,62.0
2023-11-17T23:26:16Z,walk,2023-11-17T23:29:11Z,-8.05492101,-34.95372374,128,1.3899999856948853,62.0
2023-11-17T23:26:16Z,walk,2023-11-17T23:29:12Z,-8.05490801,-34.95371975,128,1.3899999856948853,62.0
2023-11-17T23:26:16Z,walk,2023-11-17T23:29:13Z,-8.05489502,-34.95371576,128,1.3899999856948853,62.0
2023-11-17T23:26:16Z,walk,2023-11-17T23:29:14Z,-8.05488303,-34.95371243,128,1.3899999856948853,62.0
2023-11-17T23:26:16Z,walk,2023-11-17T23:29:15Z,-8.05487104,-34.95370977,128,1.3899999856948853,62.0
2023-11-17T23:26:16Z,walk,2023-11-17T23:29:16Z,-8.05485905,-34.9537071,128,1.3899999856948853,62.0
2023-11-17T23:26:16Z,walk,2023-11-17T23:29:17Z,-8.05484672,-34.9537051,128,1.3899999856948853,62.0
2023-11-17T23:26:16Z,walk,2023-11-17T23:29:18Z,-8.05483405,-34.9537031,128,1.3899999856948853,62.0
2023-11-17T23:26:16Z,walk,2023-11-17T23:29:19Z,-8.05482173,-34.9537011,128,1.3899999856948853,62.0
2023-11-17T23:26:16Z,walk,2023-11-17T23:29:20Z,-8.05481039,-34.95370045,128,1.3899999856948853,62.0
2023-11-17T23:26:16Z,walk,2023-11-17T23:29:21Z,-8.05479906,-34.95370045,127,1.3899999856948853,62.0
2023-11-17T23:26:16Z,walk,2023-11-17T23:29:22Z,-8.0547874,-34.9537011,127,1.3899999856948853,61.0
2023-11-17T23:26:16Z,walk,2023-11-17T23:29:23Z,-8.05477574,-34.95370078,127,1.3899999856948853,61.0
2023-11-17T23:26:16Z,walk,2023-11-17T23:29:24Z,-8.05476275,-34.95369879,127,1.3899999856948853,61.0
2023-11-17T23:26:16Z,walk,2023-11-17T23:29:25Z,-8.05474941,-34.95369712,128,1.3799999952316284,61.0
2023-11-17T23:26:16Z,walk,2023-11-17T23:29:26Z,-8.05473541,-34.95369613,128,1.3799999952316284,61.0
2023-11-17T23:26:16Z,walk,2023-11-17T23:29:27Z,-8.05472141,-34.95369581,127,1.3799999952316284,61.0
2023-11-17T23:26:16Z,walk,2023-11-17T23:29:28Z,-8.05470776,-34.9536968,127,1.3799999952316284,61.0
2023-11-17T23:26:16Z,walk,2023-11-17T23:29:29Z,-8.05469309,-34.95369812,126,1.3799999952316284,61.0
2023-11-17T23:26:16Z,walk,2023-11-17T23:29:30Z,-8.05467842,-34.95370046,126,1.3799999952316284,61.0
2023-11-17T23:26:16Z,walk,2023-11-17T23:29:31Z,-8.05466377,-34.95370446,127,1.3799999952316284,61.0
2023-11-17T23:26:16Z,walk,2023-11-17T23:29:32Z,-8.05464878,-34.95370911,127,1.3799999952316284,61.0
2023-11-17T23:26:16Z,walk,2023-11-17T23:29:33Z,-8.05463445,-34.95371411,127,1.3799999952316284,60.0
2023-11-17T23:26:16Z,walk,2023-11-17T23:29:34Z,-8.05462045,-34.95371845,128,1.3799999952316284,60.0
2023-11-17T23:26:16Z,walk,2023-11-17T23:29:35Z,-8.05460612,-34.95372077,128,1.3899999856948853,60.0
2023-11-17T23:26:16Z,walk,2023-11-17T23:29:36Z,-8.05459145,-34.95372244,129,1.3899999856948853,60.0
2023-11-17T23:26:16Z,walk,2023-11-17T23:29:37Z,-8.05457613,-34.95372178,130,1.3899999856948853,60.0
2023-11-17T23:26:16Z,walk,2023-11-17T23:29:38Z,-8.05456113,-34.95372045,130,1.3899999856948853,60.0
2023-11-17T23:26:16Z,walk,2023-11-17T23:29:39Z,-8.0545458,-34.95371778,131,1.399999976158142,60.0
2023-11-17T23:26:16Z,walk,2023-11-17T23:29:40Z,-8.05453081,-34.95371379,132,1.399999976158142,60.0
2023-11-17T23:26:16Z,walk,2023-11-17T23:29:41Z,-8.05451648,-34.95370879,132,1.399999976158142,62.0
2023-11-17T23:26:16Z,walk,2023-11-17T23:29:42Z,-8.05450016,-34.95370513,132,1.409999966621399,62.0
2023-11-17T23:26:16Z,walk,2023-11-17T23:29:43Z,-8.05448249,-34.95370214,132,1.409999966621399,62.0
2023-11-17T23:26:16Z,walk,2023-11-17T23:29:44Z,-8.05446649,-34.95369882,132,1.409999966621399,62.0
2023-11-17T23:26:16Z,walk,2023-11-17T23:29:45Z,-8.05445216,-34.95369682,132,1.4800000190734863,62.0
2023-11-17T23:26:16Z,walk,2023-11-17T23:29:46Z,-8.05443884,-34.95369482,132,1.5399999618530273,62.0
2023-11-17T23:26:16Z,walk,2023-11-17T23:29:47Z,-8.05442518,-34.9536935,132,1.5499999523162842,62.0
2023-11-17T23:26:16Z,walk,2023-11-17T23:29:48Z,-8.05441085,-34.9536915,132,1.559999942779541,62.0
2023-11-17T23:26:16Z,walk,2023-11-17T23:29:49Z,-8.05439586,-34.95369051,132,1.559999942779541,62.0
2023-11-17T23:26:16Z,walk,2023-11-17T23:29:50Z,-8.05437986,-34.95369018,132,1.559999942779541,62.0
2023-11-17T23:26:16Z,walk,2023-11-17T23:29:51Z,-8.05436553,-34.95368985,132,1.559999942779541,62.0
2023-11-17T23:26:16Z,walk,2023-11-17T23:29:52Z,-8.05435288,-34.95368853,132,1.5499999523162842,61.0
2023-11-17T23:26:16Z,walk,2023-11-17T23:29:53Z,-8.05434089,-34.9536882,132,1.5099999904632568,61.0
2023-11-17T23:26:16Z,walk,2023-11-17T23:29:54Z,-8.05433155,-34.9536872,132,1.4900000095367432,61.0
2023-11-17T23:26:16Z,walk,2023-11-17T23:29:55Z,-8.05431956,-34.9536872,132,1.4700000286102295,61.0
2023-11-17T23:26:16Z,walk,2023-11-17T23:29:56Z,-8.05430491,-34.95368688,132,1.4700000286102295,61.0
2023-11-17T23:26:16Z,walk,2023-11-17T23:29:57Z,-8.05428857,-34.95368656,133,1.440000057220459,61.0
2023-11-17T23:26:16Z,walk,2023-11-17T23:29:58Z,-8.05427057,-34.95368688,133,1.440000057220459,61.0
2023-11-17T23:26:16Z,walk,2023-11-17T23:29:59Z,-8.05425358,-34.95368855,132,1.440000057220459,61.0
2023-11-17T23:26:16Z,walk,2023-11-17T23:30:00Z,-8.05423692,-34.95369055,132,1.4500000476837158,61.0
2023-11-17T23:26:16Z,walk,2023-11-17T23:30:01Z,-8.05422259,-34.9536922,132,1.5099999904632568,61.0
2023-11-17T23:26:16Z,walk,2023-11-17T23:30:02Z,-8.05420994,-34.95369286,132,1.5700000524520874,61.0
2023-11-17T23:26:16Z,walk,2023-11-17T23:30:03Z,-8.05419894,-34.95369319,132,1.5700000524520874,61.0
2023-11-17T23:26:16Z,walk,2023-11-17T23:30:04Z,-8.05418828,-34.95369286,132,1.6100000143051147,60.0
2023-11-17T23:26:16Z,walk,2023-11-17T23:30:05Z,-8.05417795,-34.95369154,132,1.6100000143051147,60.0
2023-11-17T23:26:16Z,walk,2023-11-17T23:30:06Z,-8.05416629,-34.95368954,132,1.5499999523162842,61.0
2023-11-17T23:26:16Z,walk,2023-11-17T23:30:07Z,-8.05415529,-34.95369054,132,1.4600000381469727,61.0
2023-11-17T23:26:16Z,walk,2023-11-17T23:30:08Z,-8.05414496,-34.95369286,130,1.3899999856948853,60.0
2023-11-17T23:26:16Z,walk,2023-11-17T23:30:09Z,-8.05413697,-34.95369553,130,1.3899999856948853,60.0
2023-11-17T23:26:16Z,walk,2023-11-17T23:30:10Z,-8.05413031,-34.95369753,130,1.350000023841858,61.0
2023-11-17T23:26:16Z,walk,2023-11-17T23:30:11Z,-8.05412264,-34.95369852,130,1.3300000429153442,61.0
2023-11-17T23:26:16Z,walk,2023-11-17T23:30:12Z,-8.05411398,-34.95370052,130,1.2999999523162842,62.0
2023-11-17T23:26:16Z,walk,2023-11-17T23:30:13Z,-8.05410399,-34.95370384,130,1.2400000095367432,61.0
2023-11-17T23:26:16Z,walk,2023-11-17T23:30:14Z,-8.05409465,-34.95370717,129,1.190000057220459,62.0
2023-11-17T23:26:16Z,walk,2023-11-17T23:30:15Z,-8.05408565,-34.9537105,129,1.190000057220459,62.0
2023-11-17T23:26:16Z,walk,2023-11-17T23:30:16Z,-8.05407566,-34.95371583,129,1.1699999570846558,61.0
2023-11-17T23:26:16Z,walk,2023-11-17T23:30:17Z,-8.05406234,-34.95371915,129,1.159999966621399,61.0
2023-11-17T23:26:16Z,walk,2023-11-17T23:30:18Z,-8.05404567,-34.95372014,129,1.159999966621399,61.0
2023-11-17T23:26:16Z,walk,2023-11-17T23:30:19Z,-8.05402702,-34.95371915,129,1.159999966621399,62.0
2023-11-17T23:26:16Z,walk,2023-11-17T23:30:20Z,-8.05400935,-34.95371682,127,1.2300000190734863,61.0
2023-11-17T23:26:16Z,walk,2023-11-17T23:30:21Z,-8.05399268,-34.95371283,127,1.2300000190734863,61.0
2023-11-17T23:26:16Z,walk,2023-11-17T23:30:22Z,-8.05397703,-34.95370816,126,1.3600000143051147,61.0
2023-11-17T23:26:16Z,walk,2023-11-17T23:30:23Z,-8.05396236,-34.95370417,126,1.5099999904632568,61.0
2023-11-17T23:26:16Z,walk,2023-11-17T23:30:24Z,-8.05394969,-34.95370017,125,1.600000023841858,61.0
2023-11-17T23:26:16Z,walk,2023-11-17T23:30:25Z,-8.05393869,-34.95369551,124,1.6299999952316284,61.0
2023-11-17T23:26:16Z,walk,2023-11-17T23:30:26Z,-8.05392904,-34.95369218,121,1.6299999952316284,61.0
2023-11-17T23:26:16Z,walk,2023-11-17T23:30:27Z,-8.05392071,-34.95369019,121,1.6299999952316284,61.0
2023-11-17T23:26:16Z,walk,2023-11-17T23:30:28Z,-8.05391171,-34.95368819,120,1.6200000047683716,61.0
2023-11-17T23:26:16Z,walk,2023-11-17T23:30:29Z,-8.05390138,-34.95368686,120,1.6200000047683716,61.0
2023-11-17T23:26:16Z,walk,2023-11-17T23:30:30Z,-8.05389072,-34.95368686,120,1.600000023841858,61.0
2023-11-17T23:26:16Z,walk,2023-11-17T23:30:31Z,-8.05387807,-34.95368819,121,1.5800000429153442,61.0
2023-11-17T23:26:16Z,walk,2023-11-17T23:30:31Z,-8.05386574,-34.95368885,121,1.5800000429153442,61.0
2023-11-17T23:26:16Z,walk,2023-11-17T23:30:32Z,-8.05385174,-34.95368885,121,1.5399999618530273,61.0
2023-11-17T23:26:16Z,walk,2023-11-17T23:30:33Z,-8.05383475,-34.95368753,121,1.5399999618530273,61.0
2023-11-17T23:26:16Z,walk,2023-11-17T23:30:34Z,-8.05381576,-34.95368519,121,1.5199999809265137,61.0
2023-11-17T23:26:16Z,walk,2023-11-17T23:30:35Z,-8.0537961,-34.95368254,121,1.5099999904632568,61.0
2023-11-17T23:26:16Z,walk,2023-11-17T23:30:36Z,-8.05377677,-34.95367921,121,1.5,61.0
2023-11-17T23:26:16Z,walk,2023-11-17T23:30:37Z,-8.05375912,-34.95367656,121,1.4900000095367432,61.0
2023-11-17T23:26:16Z,walk,2023-11-17T23:30:38Z,-8.05374213,-34.95367357,121,1.5,61.0
2023-11-17T23:26:16Z,walk,2023-11-17T23:30:39Z,-8.05372679,-34.95367157,121,1.5,61.0
2023-11-17T23:26:16Z,walk,2023-11-17T23:30:40Z,-8.05371313,-34.95367023,120,1.5099999904632568,61.0
2023-11-17T23:26:16Z,walk,2023-11-17T23:30:41Z,-8.0536998,-34.95366991,119,1.5099999904632568,61.0
2023-11-17T23:26:16Z,walk,2023-11-17T23:30:42Z,-8.05368515,-34.95367023,119,1.5199999809265137,61.0
2023-11-17T23:26:16Z,walk,2023-11-17T23:30:43Z,-8.05367048,-34.95366858,119,1.5299999713897705,61.0
2023-11-17T23:26:16Z,walk,2023-11-17T23:30:44Z,-8.05365548,-34.95366658,120,1.5399999618530273,61.0
2023-11-17T23:26:16Z,walk,2023-11-17T23:30:45Z,-8.05364182,-34.95366458,120,1.5399999618530273,61.0
2023-11-17T23:26:16Z,walk,2023-11-17T23:30:47Z,-8.05362483,-34.95365792,121,1.5399999618530273,61.0
2023-11-17T23:26:16Z,walk,2023-11-17T23:30:48Z,-8.05361051,-34.95365126,121,1.5399999618530273,61.0
2023-11-17T23:26:16Z,walk,2023-11-17T23:30:49Z,-8.05359618,-34.95364393,120,1.5399999618530273,61.0
2023-11-17T23:26:16Z,walk,2023-11-17T23:30:50Z,-8.05358218,-34.95363893,120,1.5399999618530273,61.0
2023-11-17T23:26:16Z,walk,2023-11-17T23:30:51Z,-8.05356919,-34.95363527,120,1.5399999618530273,61.0
2023-11-17T23:26:16Z,walk,2023-11-17T23:30:52Z,-8.05355486,-34.95363262,120,1.5399999618530273,61.0
2023-11-17T23:26:16Z,walk,2023-11-17T23:30:53Z,-8.0535392,-34.95363028,122,1.5399999618530273,61.0
2023-11-17T23:26:16Z,walk,2023-11-17T23:30:54Z,-8.0535232,-34.95362795,122,1.5299999713897705,60.0
2023-11-17T23:26:16Z,walk,2023-11-17T23:30:55Z,-8.05350686,-34.95362496,122,1.5299999713897705,61.0
2023-11-17T23:26:16Z,walk,2023-11-17T23:30:56Z,-8.05349121,-34.95362197,121,1.5299999713897705,61.0
2023-11-17T23:26:16Z,walk,2023-11-17T23:30:57Z,-8.05347621,-34.95361998,121,1.5299999713897705,61.0
2023-11-17T23:26:16Z,walk,2023-11-17T23:30:58Z,-8.05346155,-34.95361865,121,1.5199999809265137,62.0
2023-11-17T23:26:16Z,walk,2023-11-17T23:30:59Z,-8.05344823,-34.95361698,121,1.5199999809265137,62.0
2023-11-17T23:26:16Z,walk,2023-11-17T23:31:00Z,-8.05343624,-34.95361566,121,1.5299999713897705,62.0
2023-11-17T23:26:16Z,walk,2023-11-17T23:31:01Z,-8.05342724,-34.95361467,122,1.5299999713897705,62.0
2023-11-17T23:26:16Z,walk,2023-11-17T23:31:02Z,-8.05341858,-34.95361434,122,1.5299999713897705,62.0
2023-11-17T23:26:16Z,walk,2023-11-17T23:31:03Z,-8.05341091,-34.95361434,122,1.5299999713897705,62.0
2023-11-17T23:26:16Z,walk,2023-11-17T23:31:04Z,-8.05340191,-34.95361334,122,1.5199999809265137,61.0
2023-11-17T23:26:16Z,walk,2023-11-17T23:31:05Z,-8.05339158,-34.95361202,122,1.5099999904632568,60.0
2023-11-17T23:26:16Z,walk,2023-11-17T23:31:06Z,-8.05338092,-34.9536117,122,1.5,60.0
2023-11-17T23:26:16Z,walk,2023-11-17T23:31:07Z,-8.0533686,-34.95361202,122,1.4800000190734863,60.0
2023-11-17T23:26:16Z,walk,2023-11-17T23:31:08Z,-8.0533556,-34.95361268,122,1.4600000381469727,61.0
2023-11-17T23:26:16Z,walk,2023-11-17T23:31:09Z,-8.05334261,-34.953613,122,1.4600000381469727,61.0
2023-11-17T23:26:16Z,walk,2023-11-17T23:31:10Z,-8.05332695,-34.95361168,123,1.4500000476837158,60.0
2023-11-17T23:26:16Z,walk,2023-11-17T23:31:11Z,-8.05331329,-34.953612,123,1.4299999475479126,60.0
2023-11-17T23:26:16Z,walk,2023-11-17T23:31:12Z,-8.05330162,-34.95361232,123,1.4299999475479126,60.0
2023-11-17T23:26:16Z,walk,2023-11-17T23:31:13Z,-8.0532893,-34.95361132,122,1.4199999570846558,60.0
2023-11-17T23:26:16Z,walk,2023-11-17T23:31:14Z,-8.05327596,-34.95360933,120,1.409999966621399,60.0
2023-11-17T23:26:16Z,walk,2023-11-17T23:31:15Z,-8.0532643,-34.95360999,120,1.409999966621399,60.0
2023-11-17T23:26:16Z,walk,2023-11-17T23:31:16Z,-8.0532533,-34.95361199,119,1.409999966621399,60.0
2023-11-17T23:26:16Z,walk,2023-11-17T23:31:17Z,-8.05324364,-34.95361432,119,1.399999976158142,60.0
2023-11-17T23:26:16Z,walk,2023-11-17T23:31:18Z,-8.05323431,-34.95361698,119,1.399999976158142,60.0
2023-11-17T23:26:16Z,walk,2023-11-17T23:31:19Z,-8.05322432,-34.95361765,119,1.3899999856948853,60.0
2023-11-17T23:26:16Z,walk,2023-11-17T23:31:20Z,-8.05321366,-34.95361797,119,1.3799999952316284,61.0
2023-11-17T23:26:16Z,walk,2023-11-17T23:31:21Z,-8.05320234,-34.95361797,119,1.3799999952316284,61.0
2023-11-17T23:26:16Z,walk,2023-11-17T23:31:22Z,-8.05319035,-34.95361664,119,1.3799999952316284,60.0
2023-11-17T23:26:16Z,walk,2023-11-17T23:31:23Z,-8.05317735,-34.95361531,119,1.3700000047683716,61.0
2023-11-17T23:26:16Z,walk,2023-11-17T23:31:24Z,-8.05316536,-34.95361432,120,1.3600000143051147,61.0
2023-11-17T23:26:16Z,walk,2023-11-17T23:31:25Z,-8.0531527,-34.95361332,120,1.350000023841858,61.0
2023-11-17T23:26:16Z,walk,2023-11-17T23:31:26Z,-8.05314003,-34.95361233,121,1.350000023841858,61.0
2023-11-17T23:26:16Z,walk,2023-11-17T23:31:27Z,-8.05312637,-34.95361366,121,1.350000023841858,61.0
2023-11-17T23:26:16Z,walk,2023-11-17T23:31:28Z,-8.05311237,-34.95361599,122,1.340000033378601,61.0
2023-11-17T23:26:16Z,walk,2023-11-17T23:31:29Z,-8.05309871,-34.95361698,123,1.340000033378601,61.0
2023-11-17T23:26:16Z,walk,2023-11-17T23:31:30Z,-8.05308471,-34.95361698,123,1.340000033378601,61.0
2023-11-17T23:26:16Z,walk,2023-11-17T23:31:31Z,-8.05307139,-34.95361632,123,1.3300000429153442,61.0
2023-11-17T23:26:16Z,walk,2023-11-17T23:31:32Z,-8.05305906,-34.95361433,123,1.3300000429153442,61.0
2023-11-17T23:26:16Z,walk,2023-11-17T23:31:33Z,-8.05304573,-34.95361333,123,1.3300000429153442,61.0
2023-11-17T23:26:16Z,walk,2023-11-17T23:31:34Z,-8.05303374,-34.95361301,124,1.3300000429153442,61.0
2023-11-17T23:26:16Z,walk,2023-11-17T23:31:35Z,-8.05302242,-34.95361333,125,1.3300000429153442,61.0
2023-11-17T23:26:16Z,walk,2023-11-17T23:31:36Z,-8.05301243,-34.95361467,126,1.3300000429153442,61.0
2023-11-17T23:26:16Z,walk,2023-11-17T23:31:37Z,-8.05300377,-34.95361732,125,1.3300000429153442,61.0
2023-11-17T23:26:16Z,walk,2023-11-17T23:31:38Z,-8.0529961,-34.95361999,124,1.3300000429153442,61.0
2023-11-17T23:26:16Z,walk,2023-11-17T23:31:39Z,-8.05298978,-34.95362298,124,1.3300000429153442,61.0
2023-11-17T23:26:16Z,walk,2023-11-17T23:31:40Z,-8.05298346,-34.95362497,124,1.3300000429153442,61.0
2023-11-17T23:26:16Z,walk,2023-11-17T23:31:41Z,-8.05297546,-34.95362529,124,1.3200000524520874,61.0
2023-11-17T23:26:16Z,walk,2023-11-17T23:31:42Z,-8.0529668,-34.9536233,124,1.309999942779541,61.0
2023-11-17T23:26:16Z,walk,2023-11-17T23:31:43Z,-8.0529578,-34.95361964,124,1.2999999523162842,61.0
2023-11-17T23:26:16Z,walk,2023-11-17T23:31:44Z,-8.05294714,-34.95361631,123,1.2899999618530273,60.0
2023-11-17T23:26:16Z,walk,2023-11-17T23:31:45Z,-8.05293682,-34.95361232,126,1.2799999713897705,61.0
2023-11-17T23:26:16Z,walk,2023-11-17T23:31:46Z,-8.05292549,-34.95360799,126,1.2799999713897705,61.0
2023-11-17T23:26:16Z,walk,2023-11-17T23:31:47Z,-8.0529125,-34.95360133,126,1.2699999809265137,62.0
2023-11-17T23:26:16Z,walk,2023-11-17T23:31:48Z,-8.05289716,-34.95359133,126,1.2599999904632568,62.0
2023-11-17T23:26:16Z,walk,2023-11-17T23:31:49Z,-8.05288017,-34.95358201,126,1.25,59.0
2023-11-17T23:26:16Z,walk,2023-11-17T23:31:50Z,-8.05286351,-34.95357269,126,1.25,59.0
2023-11-17T23:26:16Z,walk,2023-11-17T23:31:51Z,-8.05284685,-34.95356502,126,1.25,59.0
2023-11-17T23:26:16Z,walk,2023-11-17T23:31:52Z,-8.05282985,-34.9535587,126,1.25,59.0
2023-11-17T23:26:16Z,walk,2023-11-17T23:31:53Z,-8.05281219,-34.9535517,126,1.2599999904632568,60.0
2023-11-17T23:26:16Z,walk,2023-11-17T23:31:54Z,-8.0527932,-34.95354537,126,1.2799999713897705,60.0
2023-11-17T23:26:16Z,walk,2023-11-17T23:31:55Z,-8.0527732,-34.95354071,127,1.2899999618530273,60.0
2023-11-17T23:26:16Z,walk,2023-11-17T23:31:56Z,-8.05275421,-34.95353738,127,1.309999942779541,61.0
2023-11-17T23:26:16Z,walk,2023-11-17T23:31:58Z,-8.05273789,-34.95353639,128,1.6399999856948853,61.0
2023-11-17T23:26:16Z,walk,2023-11-17T23:31:58Z,-8.05272457,-34.95353574,128,1.6399999856948853,61.0
2023-11-17T23:26:16Z,walk,2023-11-17T23:31:59Z,-8.0527119,-34.95353507,129,1.909999966621399,61.0
2023-11-17T23:26:16Z,walk,2023-11-17T23:32:00Z,-8.0526989,-34.95353441,130,1.809999942779541,61.0
2023-11-17T23:26:16Z,walk,2023-11-17T23:32:01Z,-8.05268623,-34.95353309,130,1.7000000476837158,61.0
2023-11-17T23:26:16Z,walk,2023-11-17T23:32:02Z,-8.05267358,-34.95353242,130,1.600000023841858,62.0
2023-11-17T23:26:16Z,walk,2023-11-17T23:32:03Z,-8.05266292,-34.9535321,130,1.600000023841858,62.0
2023-11-17T23:26:16Z,walk,2023-11-17T23:32:04Z,-8.05265192,-34.9535321,130,1.4800000190734863,60.0
2023-11-17T23:26:16Z,walk,2023-11-17T23:32:05Z,-8.05263926,-34.95353343,130,1.3700000047683716,59.0
2023-11-17T23:26:16Z,walk,2023-11-17T23:32:06Z,-8.0526256,-34.95353542,131,1.3200000524520874,60.0
2023-11-17T23:26:16Z,walk,2023-11-17T23:32:07Z,-8.05260994,-34.95353676,132,1.2999999523162842,62.0
2023-11-17T23:26:16Z,walk,2023-11-17T23:32:08Z,-8.05259428,-34.95353808,133,1.2999999523162842,61.0
2023-11-17T23:26:16Z,walk,2023-11-17T23:32:09Z,-8.05257895,-34.95353609,134,1.309999942779541,61.0
2023-11-17T23:26:16Z,walk,2023-11-17T23:32:10Z,-8.05256196,-34.95353409,134,1.309999942779541,61.0
2023-11-17T23:26:16Z,walk,2023-11-17T23:32:11Z,-8.05254363,-34.95353077,134,1.399999976158142,61.0
2023-11-17T23:26:16Z,walk,2023-11-17T23:32:12Z,-8.05252464,-34.9535291,134,1.5399999618530273,61.0
2023-11-17T23:26:16Z,walk,2023-11-17T23:32:13Z,-8.05250765,-34.95352878,134,1.6299999952316284,61.0
2023-11-17T23:26:16Z,walk,2023-11-17T23:32:14Z,-8.05249099,-34.95352845,135,1.649999976158142,61.0
2023-11-17T23:26:16Z,walk,2023-11-17T23:32:15Z,-8.05247533,-34.95352645,134,1.6299999952316284,61.0
2023-11-17T23:26:16Z,walk,2023-11-17T23:32:16Z,-8.05246067,-34.95352346,134,1.6299999952316284,61.0
2023-11-17T23:26:16Z,walk,2023-11-17T23:32:17Z,-8.05244668,-34.95352047,134,1.6200000047683716,61.0
2023-11-17T23:26:16Z,walk,2023-11-17T23:32:18Z,-8.05243468,-34.95351782,133,1.6200000047683716,61.0
2023-11-17T23:26:16Z,walk,2023-11-17T23:32:19Z,-8.05242369,-34.95351582,132,1.6100000143051147,61.0
2023-11-17T23:26:16Z,walk,2023-11-17T23:32:20Z,-8.05241303,-34.95351416,131,1.5800000429153442,62.0
2023-11-17T23:26:16Z,walk,2023-11-17T23:32:21Z,-8.05240136,-34.95351249,131,1.5299999713897705,62.0
2023-11-17T23:26:16Z,walk,2023-11-17T23:32:22Z,-8.05238871,-34.9535105,131,1.5299999713897705,62.0
2023-11-17T23:26:16Z,walk,2023-11-17T23:32:23Z,-8.05237572,-34.95350884,131,1.4500000476837158,61.0
2023-11-17T23:26:16Z,walk,2023-11-17T23:32:24Z,-8.05236139,-34.95350684,130,1.3899999856948853,62.0
2023-11-17T23:26:16Z,walk,2023-11-17T23:32:25Z,-8.05234673,-34.95350551,128,1.3799999952316284,60.0
2023-11-17T23:26:16Z,walk,2023-11-17T23:32:26Z,-8.05233174,-34.95350451,127,1.3799999952316284,60.0
2023-11-17T23:26:16Z,walk,2023-11-17T23:32:27Z,-8.05231707,-34.95350518,127,1.3899999856948853,60.0
2023-11-17T23:26:16Z,walk,2023-11-17T23:32:28Z,-8.05230307,-34.9535065,127,1.3899999856948853,60.0
2023-11-17T23:26:16Z,walk,2023-11-17T23:32:29Z,-8.05228975,-34.9535075,127,1.440000057220459,60.0
2023-11-17T23:26:16Z,walk,2023-11-17T23:32:30Z,-8.05227609,-34.9535075,127,1.5,61.0
2023-11-17T23:26:16Z,walk,2023-11-17T23:32:31Z,-8.05226277,-34.9535075,127,1.5099999904632568,61.0
2023-11-17T23:26:16Z,walk,2023-11-17T23:32:32Z,-8.05224978,-34.9535065,127,1.5099999904632568,62.0
2023-11-17T23:26:16Z,walk,2023-11-17T23:32:33Z,-8.05223711,-34.95350518,127,1.5099999904632568,60.0
2023-11-17T23:26:16Z,walk,2023-11-17T23:32:34Z,-8.05222444,-34.95350486,127,1.5099999904632568,60.0
2023-11-17T23:26:16Z,walk,2023-11-17T23:32:35Z,-8.05221312,-34.95350486,127,1.5099999904632568,60.0
2023-11-17T23:26:16Z,walk,2023-11-17T23:32:36Z,-8.05220212,-34.95350452,127,1.5099999904632568,60.0
2023-11-17T23:26:16Z,walk,2023-11-17T23:32:37Z,-8.05218912,-34.95350387,127,1.5099999904632568,61.0
2023-11-17T23:26:16Z,walk,2023-11-17T23:32:38Z,-8.05217646,-34.95350288,128,1.5,61.0
2023-11-17T23:26:16Z,walk,2023-11-17T23:32:39Z,-8.0521638,-34.95350255,129,1.5,61.0
2023-11-17T23:26:16Z,walk,2023-11-17T23:32:40Z,-8.05215181,-34.95350255,129,1.5,61.0
2023-11-17T23:26:16Z,walk,2023-11-17T23:32:41Z,-8.05214015,-34.95350321,129,1.4900000095367432,61.0
2023-11-17T23:26:16Z,walk,2023-11-17T23:32:42Z,-8.05212883,-34.95350521,128,1.4800000190734863,61.0
2023-11-17T23:26:16Z,walk,2023-11-17T23:32:43Z,-8.05211749,-34.9535072,127,1.4700000286102295,61.0
2023-11-17T23:26:16Z,walk,2023-11-17T23:32:44Z,-8.05210516,-34.95350887,127,1.4600000381469727,62.0
2023-11-17T23:26:16Z,walk,2023-11-17T23:32:45Z,-8.05209049,-34.95350952,127,1.4500000476837158,62.0
2023-11-17T23:26:16Z,walk,2023-11-17T23:32:46Z,-8.05207484,-34.95350952,127,1.4500000476837158,62.0
2023-11-17T23:26:16Z,walk,2023-11-17T23:32:47Z,-8.0520595,-34.95350887,126,1.440000057220459,61.0
2023-11-17T23:26:16Z,walk,2023-11-17T23:32:48Z,-8.05204351,-34.95350754,126,1.4299999475479126,61.0
2023-11-17T23:26:16Z,walk,2023-11-17T23:32:49Z,-8.05202851,-34.95350421,126,1.4299999475479126,61.0
2023-11-17T23:26:16Z,walk,2023-11-17T23:32:50Z,-8.05201419,-34.95350089,126,1.4299999475479126,61.0
2023-11-17T23:26:16Z,walk,2023-11-17T23:32:51Z,-8.05200087,-34.95349889,128,1.4299999475479126,60.0
2023-11-17T23:26:16Z,walk,2023-11-17T23:32:52Z,-8.05198853,-34.95349723,128,1.4299999475479126,60.0
2023-11-17T23:26:16Z,walk,2023-11-17T23:32:53Z,-8.05197687,-34.9534959,128,1.4299999475479126,60.0
2023-11-17T23:26:16Z,walk,2023-11-17T23:32:54Z,-8.05196288,-34.95349424,128,1.4299999475479126,60.0
2023-11-17T23:26:16Z,walk,2023-11-17T23:32:55Z,-8.05194921,-34.95349257,128,1.4299999475479126,61.0
2023-11-17T23:26:16Z,walk,2023-11-17T23:32:56Z,-8.05193555,-34.95349092,127,1.4299999475479126,60.0
2023-11-17T23:26:16Z,walk,2023-11-17T23:32:57Z,-8.05192322,-34.95349058,129,1.4299999475479126,60.0
2023-11-17T23:26:16Z,walk,2023-11-17T23:32:58Z,-8.0519109,-34.95348959,129,1.4299999475479126,60.0
2023-11-17T23:26:16Z,walk,2023-11-17T23:32:59Z,-8.05189623,-34.95348726,129,1.4299999475479126,61.0
2023-11-17T23:26:16Z,walk,2023-11-17T23:33:00Z,-8.0518819,-34.95348493,129,1.4299999475479126,61.0
2023-11-17T23:26:16Z,walk,2023-11-17T23:33:01Z,-8.05186591,-34.9534826,130,1.4299999475479126,61.0
2023-11-17T23:26:16Z,walk,2023-11-17T23:33:02Z,-8.05184991,-34.95347995,131,1.4199999570846558,61.0
2023-11-17T23:26:16Z,walk,2023-11-17T23:33:03Z,-8.05183558,-34.95347761,132,1.4199999570846558,61.0
2023-11-17T23:26:16Z,walk,2023-11-17T23:33:04Z,-8.05182226,-34.95347662,132,1.4199999570846558,61.0
2023-11-17T23:26:16Z,walk,2023-11-17T23:33:05Z,-8.05180926,-34.95347462,132,1.4199999570846558,61.0
2023-11-17T23:26:16Z,walk,2023-11-17T23:33:06Z,-8.05179627,-34.95347262,132,1.4199999570846558,61.0
2023-11-17T23:26:16Z,walk,2023-11-17T23:33:07Z,-8.05177928,-34.95347029,132,1.4199999570846558,61.0
2023-11-17T23:26:16Z,walk,2023-11-17T23:33:08Z,-8.05176128,-34.95346697,131,1.4199999570846558,60.0
2023-11-17T23:26:16Z,walk,2023-11-17T23:33:09Z,-8.05174496,-34.9534623,131,1.4199999570846558,60.0
2023-11-17T23:26:16Z,walk,2023-11-17T23:33:10Z,-8.05172762,-34.95345798,131,1.4199999570846558,60.0
2023-11-17T23:26:16Z,walk,2023-11-17T23:33:11Z,-8.0517113,-34.95345531,132,1.4299999475479126,60.0
2023-11-17T23:26:16Z,walk,2023-11-17T23:33:12Z,-8.05169597,-34.95345165,133,1.4299999475479126,60.0
2023-11-17T23:26:16Z,walk,2023-11-17T23:33:13Z,-8.05168197,-34.95344832,133,1.440000057220459,61.0
2023-11-17T23:26:16Z,walk,2023-11-17T23:33:14Z,-8.05166964,-34.95344533,132,1.440000057220459,61.0
2023-11-17T23:26:16Z,walk,2023-11-17T23:33:15Z,-8.05165931,-34.95344167,132,1.4500000476837158,60.0
2023-11-17T23:26:16Z,walk,2023-11-17T23:33:16Z,-8.05164932,-34.95343667,132,1.4500000476837158,60.0
2023-11-17T23:26:16Z,walk,2023-11-17T23:33:17Z,-8.05164032,-34.95343102,132,1.4600000381469727,60.0
2023-11-17T23:26:16Z,walk,2023-11-17T23:33:18Z,-8.05162999,-34.95342403,131,1.4600000381469727,59.0
2023-11-17T23:26:16Z,walk,2023-11-17T23:33:19Z,-8.05161966,-34.95341804,131,1.4600000381469727,59.0
2023-11-17T23:26:16Z,walk,2023-11-17T23:33:20Z,-8.05160866,-34.95341437,132,1.4500000476837158,59.0
2023-11-17T23:26:16Z,walk,2023-11-17T23:33:21Z,-8.051597,-34.95341338,132,1.4500000476837158,61.0
2023-11-17T23:26:16Z,walk,2023-11-17T23:33:22Z,-8.05158367,-34.9534147,132,1.4500000476837158,61.0
2023-11-17T23:26:16Z,walk,2023-11-17T23:33:23Z,-8.05157035,-34.9534157,132,1.4500000476837158,61.0
2023-11-17T23:26:16Z,walk,2023-11-17T23:33:24Z,-8.05155703,-34.95341636,133,1.440000057220459,60.0
2023-11-17T23:26:16Z,walk,2023-11-17T23:33:25Z,-8.05154303,-34.95341702,133,1.440000057220459,60.0
2023-11-17T23:26:16Z,walk,2023-11-17T23:33:26Z,-8.05152769,-34.95341902,133,1.440000057220459,60.0
2023-11-17T23:26:16Z,walk,2023-11-17T23:33:27Z,-8.0515107,-34.95342068,132,1.440000057220459,60.0
2023-11-17T23:26:16Z,walk,2023-11-17T23:33:28Z,-8.05149305,-34.95342134,132,1.440000057220459,60.0
2023-11-17T23:26:16Z,walk,2023-11-17T23:33:29Z,-8.05147538,-34.95342134,132,1.4299999475479126,60.0
2023-11-17T23:26:16Z,walk,2023-11-17T23:33:30Z,-8.05145938,-34.95342034,134,1.440000057220459,60.0
2023-11-17T23:26:16Z,walk,2023-11-17T23:33:31Z,-8.05144338,-34.95341902,135,1.440000057220459,61.0
2023-11-17T23:26:16Z,walk,2023-11-17T23:33:32Z,-8.05142871,-34.95341735,134,1.440000057220459,61.0
2023-11-17T23:26:16Z,walk,2023-11-17T23:33:33Z,-8.05141472,-34.95341636,134,1.4500000476837158,61.0
2023-11-17T23:26:16Z,walk,2023-11-17T23:33:34Z,-8.05140139,-34.9534157,134,1.4500000476837158,61.0
2023-11-17T23:26:16Z,walk,2023-11-17T23:33:35Z,-8.0513904,-34.95341505,134,1.4500000476837158,61.0
2023-11-17T23:26:16Z,walk,2023-11-17T23:33:36Z,-8.0513814,-34.95341271,134,1.4600000381469727,61.0
2023-11-17T23:26:16Z,walk,2023-11-17T23:33:37Z,-8.05137208,-34.95341006,134,1.4600000381469727,61.0
2023-11-17T23:26:16Z,walk,2023-11-17T23:33:38Z,-8.05136208,-34.95340606,132,1.4700000286102295,61.0
2023-11-17T23:26:16Z,walk,2023-11-17T23:33:39Z,-8.05135142,-34.95340107,131,1.4700000286102295,61.0
2023-11-17T23:26:16Z,walk,2023-11-17T23:33:40Z,-8.0513411,-34.95339507,131,1.4600000381469727,61.0
2023-11-17T23:26:16Z,walk,2023-11-17T23:33:41Z,-8.0513301,-34.95338841,131,1.4600000381469727,61.0
2023-11-17T23:26:16Z,walk,2023-11-17T23:33:42Z,-8.05132011,-34.95338074,131,1.4600000381469727,61.0
2023-11-17T23:26:16Z,walk,2023-11-17T23:33:43Z,-8.05131111,-34.95337109,132,1.4600000381469727,61.0
2023-11-17T23:26:16Z,walk,2023-11-17T23:33:44Z,-8.05130144,-34.95335842,133,1.4500000476837158,31.0
2023-11-17T23:26:16Z,walk,2023-11-17T23:33:45Z,-8.05129278,-34.95334576,133,1.4500000476837158,31.0
2023-11-17T23:26:16Z,walk,2023-11-17T23:33:46Z,-8.05128279,-34.95333176,133,1.440000057220459,31.0
2023-11-17T23:26:16Z,walk,2023-11-17T23:33:47Z,-8.05127147,-34.95331744,133,1.440000057220459,31.0
2023-11-17T23:26:16Z,walk,2023-11-17T23:33:48Z,-8.05125815,-34.95330444,133,1.440000057220459,31.0
2023-11-17T23:26:16Z,walk,2023-11-17T23:33:49Z,-8.05124415,-34.95329312,133,1.4299999475479126,30.0
2023-11-17T23:26:16Z,walk,2023-11-17T23:33:50Z,-8.05122881,-34.95328245,133,1.4299999475479126,30.0
2023-11-17T23:26:16Z,walk,2023-11-17T23:33:51Z,-8.05121481,-34.95327346,133,1.440000057220459,31.0
2023-11-17T23:26:16Z,walk,2023-11-17T23:33:52Z,-8.05120216,-34.95326614,132,1.440000057220459,30.0
2023-11-17T23:26:16Z,walk,2023-11-17T23:33:53Z,-8.05119116,-34.9532598,132,1.440000057220459,30.0
2023-11-17T23:26:16Z,walk,2023-11-17T23:33:54Z,-8.05118182,-34.95325415,132,1.4500000476837158,30.0
2023-11-17T23:26:16Z,walk,2023-11-17T23:33:55Z,-8.05117283,-34.95325049,132,1.4500000476837158,31.0
2023-11-17T23:26:16Z,walk,2023-11-17T23:33:56Z,-8.05116417,-34.95324816,132,1.4600000381469727,30.0
2023-11-17T23:26:16Z,walk,2023-11-17T23:33:57Z,-8.0511545,-34.95324517,133,1.4600000381469727,30.0
2023-11-17T23:26:16Z,walk,2023-11-17T23:33:58Z,-8.05114418,-34.9532425,133,1.4600000381469727,30.0
2023-11-17T23:26:16Z,walk,2023-11-17T23:33:59Z,-8.05113352,-34.95323717,133,1.4600000381469727,30.0
2023-11-17T23:26:16Z,walk,2023-11-17T23:34:00Z,-8.05112352,-34.95322984,133,1.4600000381469727,30.0
2023-11-17T23:26:16Z,walk,2023-11-17T23:34:01Z,-8.05111453,-34.95321951,132,1.4500000476837158,30.0
2023-11-17T23:26:16Z,walk,2023-11-17T23:34:02Z,-8.0511082,-34.95320685,132,1.440000057220459,30.0
2023-11-17T23:26:16Z,walk,2023-11-17T23:34:03Z,-8.05110487,-34.95319352,132,1.440000057220459,30.0
2023-11-17T23:26:16Z,walk,2023-11-17T23:34:04Z,-8.05110254,-34.95317852,132,1.4299999475479126,30.0
2023-11-17T23:26:16Z,walk,2023-11-17T23:34:05Z,-8.05110122,-34.9531632,132,1.4299999475479126,30.0
2023-11-17T23:26:16Z,walk,2023-11-17T23:34:06Z,-8.05110023,-34.9531472,132,1.4299999475479126,30.0
2023-11-17T23:26:16Z,walk,2023-11-17T23:34:07Z,-8.05109956,-34.95313053,133,1.4199999570846558,30.0
2023-11-17T23:26:16Z,walk,2023-11-17T23:34:08Z,-8.05109956,-34.95311287,133,1.4199999570846558,30.0
2023-11-17T23:26:16Z,walk,2023-11-17T23:34:09Z,-8.05110056,-34.95309555,133,1.4199999570846558,30.0
2023-11-17T23:26:16Z,walk,2023-11-17T23:34:10Z,-8.05110322,-34.95307756,132,1.4199999570846558,30.0
2023-11-17T23:26:16Z,walk,2023-11-17T23:34:11Z,-8.05110622,-34.95305923,132,1.4299999475479126,30.0
2023-11-17T23:26:16Z,walk,2023-11-17T23:34:12Z,-8.05111021,-34.95303956,132,1.4299999475479126,30.0
2023-11-17T23:26:16Z,walk,2023-11-17T23:34:13Z,-8.05111454,-34.95301989,131,1.4299999475479126,30.0
2023-11-17T23:26:16Z,walk,2023-11-17T23:34:14Z,-8.0511182,-34.95300123,129,1.440000057220459,30.0
2023-11-17T23:26:16Z,walk,2023-11-17T23:34:15Z,-8.05112252,-34.9529839,128,1.4500000476837158,30.0
2023-11-17T23:26:16Z,walk,2023-11-17T23:34:16Z,-8.05112751,-34.95296391,128,1.4700000286102295,30.0
2023-11-17T23:26:16Z,walk,2023-11-17T23:34:17Z,-8.05113284,-34.95294626,128,1.4800000190734863,30.0
2023-11-17T23:26:16Z,walk,2023-11-17T23:34:18Z,-8.0511365,-34.95293026,128,1.4800000190734863,30.0
2023-11-17T23:26:16Z,walk,2023-11-17T23:34:19Z,-8.05113983,-34.95291593,129,1.4900000095367432,30.0
2023-11-17T23:26:16Z,walk,2023-11-17T23:34:20Z,-8.05114316,-34.95290193,129,1.5,30.0
2023-11-17T23:26:16Z,walk,2023-11-17T23:34:21Z,-8.05114581,-34.9528886,129,1.5099999904632568,30.0
2023-11-17T23:26:16Z,walk,2023-11-17T23:34:22Z,-8.05114915,-34.95287661,129,1.5199999809265137,30.0
2023-11-17T23:26:16Z,walk,2023-11-17T23:34:23Z,-8.05115314,-34.95286294,130,1.5199999809265137,30.0
2023-11-17T23:26:16Z,walk,2023-11-17T23:34:24Z,-8.05115647,-34.95284928,130,1.5199999809265137,30.0
2023-11-17T23:26:16Z,walk,2023-11-17T23:34:25Z,-8.05115914,-34.95283629,130,1.5199999809265137,30.0
2023-11-17T23:26:16Z,walk,2023-11-17T23:34:26Z,-8.05116146,-34.95282262,130,1.5199999809265137,31.0
2023-11-17T23:26:16Z,walk,2023-11-17T23:34:27Z,-8.05116413,-34.95280862,129,1.5199999809265137,31.0
2023-11-17T23:26:16Z,walk,2023-11-17T23:34:28Z,-8.05116579,-34.9527933,129,1.5099999904632568,31.0
2023-11-17T23:26:16Z,walk,2023-11-17T23:34:29Z,-8.05116712,-34.9527773,129,1.5099999904632568,31.0
2023-11-17T23:26:16Z,walk,2023-11-17T23:34:30Z,-8.05116579,-34.95276163,129,1.5099999904632568,31.0
2023-11-17T23:26:16Z,walk,2023-11-17T23:34:31Z,-8.05116579,-34.95274631,129,1.5099999904632568,31.0
2023-11-17T23:26:16Z,walk,2023-11-17T23:34:32Z,-8.05116878,-34.95273064,128,1.5,31.0
2023-11-17T23:26:16Z,walk,2023-11-17T23:34:33Z,-8.05117278,-34.95271431,127,1.5,31.0
2023-11-17T23:26:16Z,walk,2023-11-17T23:34:34Z,-8.05117777,-34.95269765,127,1.5,63.0
2023-11-17T23:26:16Z,walk,2023-11-17T23:34:35Z,-8.0511811,-34.95268265,127,1.5,62.0
2023-11-17T23:26:16Z,walk,2023-11-17T23:34:36Z,-8.0511851,-34.95266733,127,1.5,62.0
2023-11-17T23:26:16Z,walk,2023-11-17T23:34:37Z,-8.05118909,-34.952653,127,1.5099999904632568,62.0
2023-11-17T23:26:16Z,walk,2023-11-17T23:34:38Z,-8.05119309,-34.95263834,128,1.5099999904632568,61.0
2023-11-17T23:26:16Z,walk,2023-11-17T23:34:39Z,-8.05119574,-34.95262468,128,1.5099999904632568,61.0
2023-11-17T23:26:16Z,walk,2023-11-17T23:34:40Z,-8.05119807,-34.95261001,128,1.5099999904632568,61.0
2023-11-17T23:26:16Z,walk,2023-11-17T23:34:41Z,-8.05119973,-34.95259502,128,1.5099999904632568,61.0
2023-11-17T23:26:16Z,walk,2023-11-17T23:34:42Z,-8.05120006,-34.9525797,128,1.5099999904632568,61.0
2023-11-17T23:26:16Z,walk,2023-11-17T23:34:43Z,-8.05120006,-34.9525657,128,1.5199999809265137,61.0
2023-11-17T23:26:16Z,walk,2023-11-17T23:34:44Z,-8.05119973,-34.95254937,128,1.5199999809265137,62.0
2023-11-17T23:26:16Z,walk,2023-11-17T23:34:45Z,-8.05119973,-34.9525327,128,1.5199999809265137,61.0
2023-11-17T23:26:16Z,walk,2023-11-17T23:34:46Z,-8.05119908,-34.95251603,128,1.5199999809265137,61.0
2023-11-17T23:26:16Z,walk,2023-11-17T23:34:46Z,-8.0511994,-34.9524997,128,1.5199999809265137,61.0
2023-11-17T23:26:16Z,walk,2023-11-17T23:38:50Z,-8.05120273,-34.95248471,127,1.5,62.0
2023-11-17T23:26:16Z,walk,2023-11-17T23:38:51Z,-8.05120673,-34.95246938,127,1.5,62.0
2023-11-17T23:26:16Z,walk,2023-11-17T23:39:04Z,-8.05120772,-34.95245538,130,1.5299999713897705,63.0
2023-11-17T23:26:16Z,walk,2023-11-17T23:39:05Z,-8.05120872,-34.95244105,131,1.5299999713897705,62.0
2023-11-17T23:26:16Z,walk,2023-11-17T23:39:06Z,-8.05121005,-34.95242806,132,1.5299999713897705,62.0
2023-11-17T23:26:16Z,walk,2023-11-17T23:39:07Z,-8.05121205,-34.95241573,133,1.5399999618530273,62.0
2023-11-17T23:26:16Z,walk,2023-11-17T23:39:08Z,-8.0512147,-34.95240374,133,1.5399999618530273,62.0
2023-11-17T23:26:16Z,walk,2023-11-17T23:39:09Z,-8.0512177,-34.95239041,133,1.5399999618530273,62.0
2023-11-17T23:26:16Z,walk,2023-11-17T23:39:10Z,-8.05122103,-34.95237775,133,1.5399999618530273,62.0
2023-11-17T23:26:16Z,walk,2023-11-17T23:39:11Z,-8.05122335,-34.95236475,133,1.5399999618530273,62.0
2023-11-17T23:26:16Z,walk,2023-11-17T23:39:12Z,-8.05122535,-34.95235108,133,1.5399999618530273,62.0
2023-11-17T23:26:16Z,walk,2023-11-17T23:39:13Z,-8.05122735,-34.95233609,133,1.5299999713897705,61.0
2023-11-17T23:26:16Z,walk,2023-11-17T23:39:14Z,-8.05122901,-34.95232209,133,1.5299999713897705,61.0
2023-11-17T23:26:16Z,walk,2023-11-17T23:39:15Z,-8.05123101,-34.95230643,133,1.5299999713897705,61.0
2023-11-17T23:26:16Z,walk,2023-11-17T23:39:16Z,-8.05123267,-34.95229243,132,1.5299999713897705,62.0
2023-11-17T23:26:16Z,walk,2023-11-17T23:39:17Z,-8.051235,-34.95227744,132,1.5199999809265137,62.0
2023-11-17T23:26:16Z,walk,2023-11-17T23:39:18Z,-8.05123799,-34.95226178,134,1.5199999809265137,61.0
2023-11-17T23:26:16Z,walk,2023-11-17T23:39:19Z,-8.05124231,-34.95224711,134,1.5199999809265137,61.0
2023-11-17T23:26:16Z,walk,2023-11-17T23:39:20Z,-8.05124631,-34.95223279,134,1.5199999809265137,61.0
2023-11-17T23:26:16Z,walk,2023-11-17T23:39:21Z,-8.05124831,-34.95221879,134,1.5199999809265137,61.0
2023-11-17T23:26:16Z,walk,2023-11-17T23:39:22Z,-8.0512493,-34.95220479,136,1.5299999713897705,61.0
2023-11-17T23:26:16Z,walk,2023-11-17T23:39:23Z,-8.05124898,-34.9521918,137,1.5299999713897705,61.0
2023-11-17T23:26:16Z,walk,2023-11-17T23:39:24Z,-8.05124865,-34.95217847,137,1.5299999713897705,61.0
2023-11-17T23:26:16Z,walk,2023-11-17T23:39:25Z,-8.05124898,-34.9521628,137,1.5299999713897705,62.0
2023-11-17T23:26:16Z,walk,2023-11-17T23:39:26Z,-8.05125063,-34.9521488,137,1.5299999713897705,62.0
2023-11-17T23:26:16Z,walk,2023-11-17T23:39:27Z,-8.05125363,-34.95213481,137,1.5299999713897705,61.0
2023-11-17T23:26:16Z,walk,2023-11-17T23:39:28Z,-8.05125696,-34.95211848,136,1.5299999713897705,61.0
2023-11-17T23:26:16Z,walk,2023-11-17T23:39:29Z,-8.05126162,-34.95210381,135,1.5299999713897705,61.0
2023-11-17T23:26:16Z,walk,2023-11-17T23:39:30Z,-8.05126762,-34.95208982,134,1.5299999713897705,60.0
2023-11-17T23:26:16Z,walk,2023-11-17T23:39:31Z,-8.05127428,-34.95207615,134,1.5299999713897705,60.0
2023-11-17T23:26:16Z,walk,2023-11-17T23:39:32Z,-8.05128195,-34.95206282,134,1.5299999713897705,60.0
2023-11-17T23:26:16Z,walk,2023-11-17T23:39:33Z,-8.05128994,-34.95204982,135,1.5299999713897705,60.0
2023-11-17T23:26:16Z,walk,2023-11-17T23:39:34Z,-8.05129727,-34.95203783,135,1.5299999713897705,60.0
2023-11-17T23:26:16Z,walk,2023-11-17T23:39:35Z,-8.05130393,-34.95202716,134,1.5299999713897705,60.0
2023-11-17T23:26:16Z,walk,2023-11-17T23:39:36Z,-8.05131126,-34.95201551,134,1.5399999618530273,60.0
2023-11-17T23:26:16Z,walk,2023-11-17T23:39:37Z,-8.05131558,-34.95200318,134,1.5399999618530273,60.0
2023-11-17T23:26:16Z,walk,2023-11-17T23:39:38Z,-8.05132024,-34.95199119,134,1.5399999618530273,60.0
2023-11-17T23:26:16Z,walk,2023-11-17T23:39:39Z,-8.05132424,-34.95197953,134,1.5399999618530273,60.0
2023-11-17T23:26:16Z,walk,2023-11-17T23:39:40Z,-8.05132824,-34.9519702,133,1.5399999618530273,61.0
2023-11-17T23:26:16Z,walk,2023-11-17T23:39:41Z,-8.05133024,-34.95196055,132,1.5299999713897705,61.0
2023-11-17T23:26:16Z,walk,2023-11-17T23:39:42Z,-8.0513309,-34.95194921,131,1.5299999713897705,61.0
2023-11-17T23:26:16Z,walk,2023-11-17T23:39:43Z,-8.05133057,-34.95193755,130,1.5199999809265137,61.0
2023-11-17T23:26:16Z,walk,2023-11-17T23:39:44Z,-8.05133057,-34.95192422,130,1.5099999904632568,61.0
2023-11-17T23:26:16Z,walk,2023-11-17T23:39:45Z,-8.05132958,-34.95190956,130,1.5099999904632568,61.0
2023-11-17T23:26:16Z,walk,2023-11-17T23:39:46Z,-8.05132858,-34.95189723,130,1.5099999904632568,60.0
2023-11-17T23:26:16Z,walk,2023-11-17T23:39:47Z,-8.05132626,-34.95188458,130,1.5,60.0
2023-11-17T23:26:16Z,walk,2023-11-17T23:39:48Z,-8.05132327,-34.95187091,131,1.4900000095367432,60.0
2023-11-17T23:26:16Z,walk,2023-11-17T23:39:49Z,-8.05132094,-34.95185659,133,1.4800000190734863,60.0
2023-11-17T23:26:16Z,walk,2023-11-17T23:39:50Z,-8.05131827,-34.95184125,135,1.4800000190734863,60.0
2023-11-17T23:26:16Z,walk,2023-11-17T23:39:51Z,-8.05131428,-34.95182393,135,1.4800000190734863,60.0
2023-11-17T23:26:16Z,walk,2023-11-17T23:39:52Z,-8.05131228,-34.95180861,136,1.4800000190734863,60.0
2023-11-17T23:26:16Z,walk,2023-11-17T23:39:53Z,-8.05131195,-34.95179327,133,1.4800000190734863,60.0
2023-11-17T23:26:16Z,walk,2023-11-17T23:39:54Z,-8.05131327,-34.95177862,133,1.4800000190734863,60.0
2023-11-17T23:26:16Z,walk,2023-11-17T23:39:55Z,-8.05131594,-34.95176363,133,1.4800000190734863,58.0
2023-11-17T23:26:16Z,walk,2023-11-17T23:39:56Z,-8.05131859,-34.95174996,132,1.4900000095367432,58.0
2023-11-17T23:26:16Z,walk,2023-11-17T23:39:57Z,-8.05132092,-34.95173629,132,1.4900000095367432,58.0
2023-11-17T23:26:16Z,walk,2023-11-17T23:39:58Z,-8.05132425,-34.95172396,131,1.4900000095367432,58.0
2023-11-17T23:26:16Z,walk,2023-11-17T23:39:59Z,-8.05133025,-34.9517113,131,1.5,61.0
2023-11-17T23:26:16Z,walk,2023-11-17T23:40:00Z,-8.05133657,-34.95169764,130,1.5,61.0
2023-11-17T23:26:16Z,walk,2023-11-17T23:40:01Z,-8.05134123,-34.95168364,129,1.5099999904632568,60.0
2023-11-17T23:26:16Z,walk,2023-11-17T23:40:02Z,-8.05134555,-34.95167064,129,1.5099999904632568,60.0
2023-11-17T23:26:16Z,walk,2023-11-17T23:40:03Z,-8.05135055,-34.95165731,129,1.5099999904632568,60.0
2023-11-17T23:26:16Z,walk,2023-11-17T23:40:04Z,-8.05135521,-34.95164299,129,1.5099999904632568,59.0
2023-11-17T23:26:16Z,walk,2023-11-17T23:40:05Z,-8.05135921,-34.95162899,129,1.5099999904632568,59.0
2023-11-17T23:26:16Z,walk,2023-11-17T23:40:06Z,-8.05136153,-34.95161332,130,1.5099999904632568,59.0
2023-11-17T23:26:16Z,walk,2023-11-17T23:40:07Z,-8.05136186,-34.95159767,130,1.5099999904632568,60.0
2023-11-17T23:26:16Z,walk,2023-11-17T23:40:08Z,-8.0513612,-34.95158267,130,1.5099999904632568,60.0
2023-11-17T23:26:16Z,walk,2023-11-17T23:40:09Z,-8.0513612,-34.95156801,130,1.5099999904632568,60.0
2023-11-17T23:26:16Z,walk,2023-11-17T23:40:10Z,-8.05136152,-34.95155468,130,1.5099999904632568,60.0
2023-11-17T23:26:16Z,walk,2023-11-17T23:40:11Z,-8.05136185,-34.95154101,131,1.5099999904632568,60.0
2023-11-17T23:26:16Z,walk,2023-11-17T23:40:12Z,-8.05136317,-34.95152835,131,1.5099999904632568,60.0
2023-11-17T23:26:16Z,walk,2023-11-17T23:40:13Z,-8.0513665,-34.95151303,133,1.5099999904632568,61.0
2023-11-17T23:26:16Z,walk,2023-11-17T23:40:14Z,-8.05137016,-34.95149736,133,1.5199999809265137,61.0
2023-11-17T23:26:16Z,walk,2023-11-17T23:40:15Z,-8.05137316,-34.95148237,133,1.5199999809265137,61.0
2023-11-17T23:26:16Z,walk,2023-11-17T23:40:16Z,-8.05137582,-34.95146871,132,1.5199999809265137,60.0
2023-11-17T23:26:16Z,walk,2023-11-17T23:40:17Z,-8.05137648,-34.95145504,132,1.5299999713897705,61.0
2023-11-17T23:26:16Z,walk,2023-11-17T23:40:18Z,-8.05137448,-34.95144072,132,1.5299999713897705,61.0
2023-11-17T23:26:16Z,walk,2023-11-17T23:40:19Z,-8.05137448,-34.95142639,132,1.5299999713897705,60.0
2023-11-17T23:26:16Z,walk,2023-11-17T23:40:20Z,-8.05137348,-34.95141239,132,1.5299999713897705,60.0
2023-11-17T23:26:16Z,walk,2023-11-17T23:40:21Z,-8.05137148,-34.95139739,132,1.5299999713897705,60.0
2023-11-17T23:26:16Z,walk,2023-11-17T23:40:22Z,-8.05136849,-34.9513824,131,1.5299999713897705,60.0
2023-11-17T23:26:16Z,walk,2023-11-17T23:40:23Z,-8.05136516,-34.95136741,130,1.5299999713897705,60.0
2023-11-17T23:26:16Z,walk,2023-11-17T23:40:24Z,-8.05136217,-34.95135141,129,1.5299999713897705,60.0
2023-11-17T23:26:16Z,walk,2023-11-17T23:40:25Z,-8.05136118,-34.95133475,128,1.5299999713897705,60.0
2023-11-17T23:26:16Z,walk,2023-11-17T23:40:26Z,-8.05136018,-34.95131942,128,1.5299999713897705,60.0
2023-11-17T23:26:16Z,walk,2023-11-17T23:40:27Z,-8.05135886,-34.9513051,128,1.5299999713897705,60.0
2023-11-17T23:26:16Z,walk,2023-11-17T23:40:28Z,-8.05135853,-34.95129043,128,1.5299999713897705,61.0
2023-11-17T23:26:16Z,walk,2023-11-17T23:40:29Z,-8.05135987,-34.95127677,128,1.5299999713897705,61.0
2023-11-17T23:26:16Z,walk,2023-11-17T23:40:30Z,-8.05136119,-34.95126311,128,1.5299999713897705,60.0
2023-11-17T23:26:16Z,walk,2023-11-17T23:40:31Z,-8.05136285,-34.95124944,130,1.5299999713897705,60.0
2023-11-17T23:26:16Z,walk,2023-11-17T23:40:32Z,-8.0513645,-34.95123611,131,1.5299999713897705,60.0
2023-11-17T23:26:16Z,walk,2023-11-17T23:40:33Z,-8.05136617,-34.95122045,131,1.5299999713897705,60.0
2023-11-17T23:26:16Z,walk,2023-11-17T23:40:34Z,-8.05136916,-34.95120612,131,1.5399999618530273,60.0
2023-11-17T23:26:16Z,walk,2023-11-17T23:40:35Z,-8.05137316,-34.9511938,131,1.5399999618530273,60.0
2023-11-17T23:26:16Z,walk,2023-11-17T23:40:36Z,-8.05137782,-34.95118346,131,1.5499999523162842,60.0
2023-11-17T23:26:16Z,walk,2023-11-17T23:40:37Z,-8.05138214,-34.95117246,132,1.5499999523162842,60.0
2023-11-17T23:26:16Z,walk,2023-11-17T23:40:38Z,-8.05138447,-34.95116081,132,1.5499999523162842,60.0
2023-11-17T23:26:16Z,walk,2023-11-17T23:40:39Z,-8.05138647,-34.95114915,132,1.5499999523162842,60.0
2023-11-17T23:26:16Z,walk,2023-11-17T23:40:40Z,-8.05138847,-34.95113882,132,1.5499999523162842,60.0
2023-11-17T23:26:16Z,walk,2023-11-17T23:40:41Z,-8.05138946,-34.95112783,132,1.5499999523162842,61.0
2023-11-17T23:26:16Z,walk,2023-11-17T23:40:42Z,-8.05138946,-34.95111716,133,1.5499999523162842,60.0
2023-11-17T23:26:16Z,walk,2023-11-17T23:40:43Z,-8.05138946,-34.95110449,134,1.5499999523162842,60.0
2023-11-17T23:26:16Z,walk,2023-11-17T23:40:44Z,-8.05139146,-34.95109284,134,1.5399999618530273,60.0
2023-11-17T23:26:16Z,walk,2023-11-17T23:40:45Z,-8.05139179,-34.95108051,134,1.5399999618530273,60.0
2023-11-17T23:26:16Z,walk,2023-11-17T23:40:46Z,-8.05139146,-34.95107018,134,1.5399999618530273,60.0
2023-11-17T23:26:16Z,walk,2023-11-17T23:40:47Z,-8.05139179,-34.95105852,134,1.5299999713897705,61.0
2023-11-17T23:26:16Z,walk,2023-11-17T23:40:48Z,-8.05139311,-34.95104653,134,1.5299999713897705,59.0
2023-11-17T23:26:16Z,walk,2023-11-17T23:40:49Z,-8.05139578,-34.95103353,135,1.5199999809265137,60.0
2023-11-17T23:26:16Z,walk,2023-11-17T23:40:50Z,-8.0514001,-34.95101953,135,1.5199999809265137,60.0
2023-11-17T23:26:16Z,walk,2023-11-17T23:40:51Z,-8.0514041,-34.95100454,135,1.5199999809265137,60.0
2023-11-17T23:26:16Z,walk,2023-11-17T23:40:52Z,-8.05140809,-34.95098888,135,1.5099999904632568,60.0
2023-11-17T23:26:16Z,walk,2023-11-17T23:40:53Z,-8.05141175,-34.95097355,135,1.5099999904632568,60.0
2023-11-17T23:26:16Z,walk,2023-11-17T23:40:54Z,-8.05141575,-34.95095989,136,1.5099999904632568,62.0
2023-11-17T23:26:16Z,walk,2023-11-17T23:40:55Z,-8.05142175,-34.95094756,136,1.5099999904632568,62.0
2023-11-17T23:26:16Z,walk,2023-11-17T23:40:56Z,-8.05142974,-34.9509359,136,1.5099999904632568,62.0
2023-11-17T23:26:16Z,walk,2023-11-17T23:40:57Z,-8.05143674,-34.95092524,136,1.5099999904632568,62.0
2023-11-17T23:26:16Z,walk,2023-11-17T23:40:58Z,-8.0514414,-34.95091557,136,1.5099999904632568,62.0
2023-11-17T23:26:16Z,walk,2023-11-17T23:40:59Z,-8.05144274,-34.95090625,136,1.5099999904632568,61.0
2023-11-17T23:26:16Z,walk,2023-11-17T23:41:00Z,-8.05144439,-34.95089625,136,1.5099999904632568,61.0
2023-11-17T23:26:16Z,walk,2023-11-17T23:41:01Z,-8.05144539,-34.95088559,135,1.5099999904632568,61.0
2023-11-17T23:26:16Z,walk,2023-11-17T23:41:02Z,-8.05144705,-34.95087459,136,1.5099999904632568,60.0
2023-11-17T23:26:16Z,walk,2023-11-17T23:41:03Z,-8.05144837,-34.95086293,137,1.5099999904632568,60.0
2023-11-17T23:26:16Z,walk,2023-11-17T23:41:04Z,-8.05144936,-34.95084994,137,1.5099999904632568,60.0
2023-11-17T23:26:16Z,walk,2023-11-17T23:41:05Z,-8.05144936,-34.9508366,138,1.5,60.0
2023-11-17T23:26:16Z,walk,2023-11-17T23:41:06Z,-8.05144871,-34.9508226,139,1.4900000095367432,60.0
2023-11-17T23:26:16Z,walk,2023-11-17T23:41:07Z,-8.05144772,-34.9508086,139,1.4900000095367432,62.0
2023-11-17T23:26:16Z,walk,2023-11-17T23:41:08Z,-8.05144837,-34.95079494,140,1.4800000190734863,62.0
2023-11-17T23:26:16Z,walk,2023-11-17T23:41:09Z,-8.05145003,-34.95078161,139,1.4800000190734863,63.0
2023-11-17T23:26:16Z,walk,2023-11-17T23:41:10Z,-8.05145369,-34.95076761,139,1.4800000190734863,63.0
2023-11-17T23:26:16Z,walk,2023-11-17T23:41:11Z,-8.05145835,-34.95075261,139,1.4800000190734863,62.0
2023-11-17T23:26:16Z,walk,2023-11-17T23:41:12Z,-8.05146402,-34.95073762,139,1.4800000190734863,62.0
2023-11-17T23:26:16Z,walk,2023-11-17T23:41:13Z,-8.05146969,-34.95072496,139,1.4800000190734863,62.0
2023-11-17T23:26:16Z,walk,2023-11-17T23:41:14Z,-8.05147502,-34.9507113,139,1.4800000190734863,61.0
2023-11-17T23:26:16Z,walk,2023-11-17T23:41:15Z,-8.05147968,-34.95069797,139,1.4800000190734863,61.0
2023-11-17T23:26:16Z,walk,2023-11-17T23:41:16Z,-8.05148368,-34.95068563,139,1.4800000190734863,61.0
2023-11-17T23:26:16Z,walk,2023-11-17T23:41:17Z,-8.05148667,-34.95067464,139,1.4800000190734863,61.0
2023-11-17T23:26:16Z,walk,2023-11-17T23:41:18Z,-8.05148966,-34.95066498,139,1.4800000190734863,61.0
2023-11-17T23:26:16Z,walk,2023-11-17T23:41:19Z,-8.05149166,-34.95065498,139,1.4800000190734863,61.0
2023-11-17T23:26:16Z,walk,2023-11-17T23:41:20Z,-8.05149399,-34.95064365,141,1.4900000095367432,61.0
2023-11-17T23:26:16Z,walk,2023-11-17T23:41:21Z,-8.05149565,-34.95063065,142,1.4800000190734863,61.0
2023-11-17T23:26:16Z,walk,2023-11-17T23:41:22Z,-8.05149697,-34.95061633,142,1.4800000190734863,61.0
2023-11-17T23:26:16Z,walk,2023-11-17T23:41:23Z,-8.05149697,-34.95060201,142,1.4800000190734863,61.0
2023-11-17T23:26:16Z,walk,2023-11-17T23:41:24Z,-8.05149597,-34.95058601,141,1.4800000190734863,61.0
2023-11-17T23:26:16Z,walk,2023-11-17T23:41:25Z,-8.05149597,-34.95057168,140,1.4800000190734863,61.0
2023-11-17T23:26:16Z,walk,2023-11-17T23:41:26Z,-8.05149764,-34.95055768,137,1.4800000190734863,61.0
2023-11-17T23:26:16Z,walk,2023-11-17T23:41:27Z,-8.05150129,-34.95054269,137,1.4800000190734863,61.0
2023-11-17T23:26:16Z,walk,2023-11-17T23:41:28Z,-8.05150563,-34.95052769,137,1.4800000190734863,61.0
2023-11-17T23:26:16Z,walk,2023-11-17T23:41:29Z,-8.05150929,-34.95051337,137,1.4800000190734863,61.0
2023-11-17T23:26:16Z,walk,2023-11-17T23:41:30Z,-8.05151328,-34.95050105,137,1.4800000190734863,61.0
2023-11-17T23:26:16Z,walk,2023-11-17T23:41:31Z,-8.05151795,-34.95048939,137,1.4800000190734863,61.0
2023-11-17T23:26:16Z,walk,2023-11-17T23:41:32Z,-8.05152327,-34.95047839,139,1.4900000095367432,61.0
2023-11-17T23:26:16Z,walk,2023-11-17T23:41:33Z,-8.05152961,-34.95046606,139,1.4900000095367432,62.0
2023-11-17T23:26:16Z,walk,2023-11-17T23:41:34Z,-8.05153527,-34.95045206,139,1.4900000095367432,62.0
2023-11-17T23:26:16Z,walk,2023-11-17T23:41:35Z,-8.05153993,-34.9504364,140,1.4900000095367432,61.0
2023-11-17T23:26:16Z,walk,2023-11-17T23:41:36Z,-8.05154359,-34.95041908,140,1.4900000095367432,61.0
2023-11-17T23:26:16Z,walk,2023-11-17T23:41:37Z,-8.05154525,-34.95040108,140,1.4900000095367432,61.0
2023-11-17T23:26:16Z,walk,2023-11-17T23:41:38Z,-8.05154558,-34.95038342,141,1.4900000095367432,62.0
2023-11-17T23:26:16Z,walk,2023-11-17T23:41:39Z,-8.05154392,-34.95036675,141,1.4900000095367432,62.0
2023-11-17T23:26:16Z,walk,2023-11-17T23:41:40Z,-8.05154125,-34.95035109,141,1.4900000095367432,62.0
2023-11-17T23:26:16Z,walk,2023-11-17T23:41:41Z,-8.0515406,-34.95033543,140,1.5,62.0
2023-11-17T23:26:16Z,walk,2023-11-17T23:41:42Z,-8.05154125,-34.95032044,140,1.5099999904632568,61.0
2023-11-17T23:26:16Z,walk,2023-11-17T23:41:43Z,-8.05154224,-34.95030511,140,1.5099999904632568,61.0
2023-11-17T23:26:16Z,walk,2023-11-17T23:41:44Z,-8.05154324,-34.95029045,141,1.5199999809265137,61.0
2023-11-17T23:26:16Z,walk,2023-11-17T23:41:45Z,-8.05154557,-34.95027846,141,1.5299999713897705,61.0
2023-11-17T23:26:16Z,walk,2023-11-17T23:41:46Z,-8.05154856,-34.95026779,141,1.5299999713897705,61.0
2023-11-17T23:26:16Z,walk,2023-11-17T23:41:47Z,-8.05155022,-34.95025847,141,1.5399999618530273,60.0
2023-11-17T23:26:16Z,walk,2023-11-17T23:41:48Z,-8.05155089,-34.95024914,142,1.5399999618530273,63.0
2023-11-17T23:26:16Z,walk,2023-11-17T23:41:49Z,-8.05154989,-34.95024048,142,1.5399999618530273,59.0
2023-11-17T23:26:16Z,walk,2023-11-17T23:41:50Z,-8.05154723,-34.95023182,142,1.5399999618530273,60.0
2023-11-17T23:26:16Z,walk,2023-11-17T23:41:51Z,-8.05154357,-34.95022217,142,1.5199999809265137,60.0
2023-11-17T23:26:16Z,walk,2023-11-17T23:41:52Z,-8.05153824,-34.95021183,142,1.5199999809265137,60.0
2023-11-17T23:26:16Z,walk,2023-11-17T23:41:53Z,-8.05153158,-34.95020218,142,1.5099999904632568,60.0
2023-11-17T23:26:16Z,walk,2023-11-17T23:41:54Z,-8.05152524,-34.95019118,143,1.5,60.0
2023-11-17T23:26:16Z,walk,2023-11-17T23:41:55Z,-8.05151925,-34.95017918,143,1.4800000190734863,60.0
2023-11-17T23:26:16Z,walk,2023-11-17T23:41:56Z,-8.05151559,-34.95016652,143,1.4700000286102295,60.0
2023-11-17T23:26:16Z,walk,2023-11-17T23:41:57Z,-8.0515146,-34.95015352,143,1.4700000286102295,60.0
2023-11-17T23:26:16Z,walk,2023-11-17T23:41:58Z,-8.05151592,-34.9501412,143,1.4700000286102295,60.0
2023-11-17T23:26:16Z,walk,2023-11-17T23:41:59Z,-8.05151824,-34.95012786,141,1.4600000381469727,60.0
2023-11-17T23:26:16Z,walk,2023-11-17T23:42:00Z,-8.05152057,-34.9501142,139,1.4600000381469727,60.0
2023-11-17T23:26:16Z,walk,2023-11-17T23:42:01Z,-8.05152322,-34.95010053,139,1.4600000381469727,60.0
2023-11-17T23:26:16Z,walk,2023-11-17T23:42:02Z,-8.05152789,-34.95008754,142,1.4600000381469727,60.0
2023-11-17T23:26:16Z,walk,2023-11-17T23:42:03Z,-8.05153155,-34.95007487,142,1.4600000381469727,30.0
2023-11-17T23:26:16Z,walk,2023-11-17T23:42:04Z,-8.05153454,-34.95006188,142,1.4600000381469727,30.0
2023-11-17T23:26:16Z,walk,2023-11-17T23:42:05Z,-8.05153654,-34.95004855,143,1.4600000381469727,30.0
2023-11-17T23:26:16Z,walk,2023-11-17T23:42:06Z,-8.05153854,-34.95003455,143,1.4700000286102295,30.0
2023-11-17T23:26:16Z,walk,2023-11-17T23:42:07Z,-8.0515402,-34.95002023,143,1.4700000286102295,30.0
2023-11-17T23:26:16Z,walk,2023-11-17T23:42:08Z,-8.05154219,-34.95000623,144,1.4700000286102295,30.0
2023-11-17T23:26:16Z,walk,2023-11-17T23:42:09Z,-8.05154219,-34.94999223,144,1.4700000286102295,30.0
2023-11-17T23:26:16Z,walk,2023-11-17T23:42:10Z,-8.05153954,-34.94997757,144,1.4700000286102295,30.0
2023-11-17T23:26:16Z,walk,2023-11-17T23:42:11Z,-8.05153621,-34.94996224,144,1.4700000286102295,30.0
2023-11-17T23:26:16Z,walk,2023-11-17T23:42:12Z,-8.05153388,-34.94994525,145,1.4800000190734863,30.0
2023-11-17T23:26:16Z,walk,2023-11-17T23:42:13Z,-8.05153289,-34.94992858,145,1.4800000190734863,62.0
2023-11-17T23:26:16Z,walk,2023-11-17T23:42:14Z,-8.05153157,-34.94991292,144,1.4800000190734863,61.0
2023-11-17T23:26:16Z,walk,2023-11-17T23:42:15Z,-8.0515309,-34.94989759,143,1.4800000190734863,61.0
2023-11-17T23:26:16Z,walk,2023-11-17T23:42:16Z,-8.05152958,-34.94988327,143,1.4800000190734863,61.0
2023-11-17T23:26:16Z,walk,2023-11-17T23:42:17Z,-8.05152991,-34.94986861,143,1.4800000190734863,61.0
2023-11-17T23:26:16Z,walk,2023-11-17T23:42:18Z,-8.05153257,-34.94985528,143,1.4900000095367432,61.0
2023-11-17T23:26:16Z,walk,2023-11-17T23:42:19Z,-8.05153523,-34.94984229,143,1.4900000095367432,61.0
2023-11-17T23:26:16Z,walk,2023-11-17T23:42:20Z,-8.05153656,-34.94982929,143,1.4900000095367432,61.0
2023-11-17T23:26:16Z,walk,2023-11-17T23:42:21Z,-8.05153721,-34.94981562,143,1.5,61.0
2023-11-17T23:26:16Z,walk,2023-11-17T23:42:22Z,-8.05153721,-34.94980195,143,1.5,61.0
2023-11-17T23:26:16Z,walk,2023-11-17T23:42:23Z,-8.05153721,-34.94978829,143,1.5,61.0
2023-11-17T23:26:16Z,walk,2023-11-17T23:42:24Z,-8.05153788,-34.94977563,143,1.5,62.0
2023-11-17T23:26:16Z,walk,2023-11-17T23:42:25Z,-8.05153656,-34.94976431,144,1.5,62.0
2023-11-17T23:26:16Z,walk,2023-11-17T23:42:26Z,-8.05153423,-34.94975431,146,1.5,61.0
2023-11-17T23:26:16Z,walk,2023-11-17T23:42:27Z,-8.05153257,-34.94974597,145,1.5,61.0
2023-11-17T23:26:16Z,walk,2023-11-17T23:42:28Z,-8.05153191,-34.94973764,145,1.5,61.0
2023-11-17T23:26:16Z,walk,2023-11-17T23:42:29Z,-8.05153357,-34.94972898,145,1.5,61.0
2023-11-17T23:26:16Z,walk,2023-11-17T23:42:30Z,-8.05153656,-34.94972065,146,1.4900000095367432,60.0
2023-11-17T23:26:16Z,walk,2023-11-17T23:42:31Z,-8.05153955,-34.94971266,146,1.4900000095367432,60.0
2023-11-17T23:26:16Z,walk,2023-11-17T23:42:32Z,-8.0515422,-34.94970266,146,1.4800000190734863,60.0
2023-11-17T23:26:16Z,walk,2023-11-17T23:42:33Z,-8.05154453,-34.94969067,147,1.4700000286102295,59.0
2023-11-17T23:26:16Z,walk,2023-11-17T23:42:34Z,-8.05154686,-34.949677,148,1.4600000381469727,59.0
2023-11-17T23:26:16Z,walk,2023-11-17T23:42:35Z,-8.05155052,-34.94966134,148,1.4600000381469727,59.0
2023-11-17T23:26:16Z,walk,2023-11-17T23:42:36Z,-8.05155252,-34.94964435,148,1.4500000476837158,59.0
2023-11-17T23:26:16Z,walk,2023-11-17T23:42:37Z,-8.05155517,-34.94962736,148,1.440000057220459,59.0
2023-11-17T23:26:16Z,walk,2023-11-17T23:42:38Z,-8.05155717,-34.94961137,149,1.4299999475479126,59.0
2023-11-17T23:26:16Z,walk,2023-11-17T23:42:39Z,-8.05155784,-34.94959703,151,1.4299999475479126,59.0
2023-11-17T23:26:16Z,walk,2023-11-17T23:42:40Z,-8.0515585,-34.94958404,150,1.4299999475479126,59.0
2023-11-17T23:26:16Z,walk,2023-11-17T23:42:41Z,-8.05155982,-34.94957104,150,1.4299999475479126,59.0
2023-11-17T23:26:16Z,walk,2023-11-17T23:42:42Z,-8.05156114,-34.94955839,150,1.4299999475479126,61.0
2023-11-17T23:26:16Z,walk,2023-11-17T23:42:43Z,-8.05156314,-34.94954605,149,1.4299999475479126,61.0
2023-11-17T23:26:16Z,walk,2023-11-17T23:42:44Z,-8.05156614,-34.94953406,149,1.4299999475479126,60.0
2023-11-17T23:26:16Z,walk,2023-11-17T23:42:45Z,-8.05156913,-34.94952106,149,1.4299999475479126,60.0
2023-11-17T23:26:16Z,walk,2023-11-17T23:42:46Z,-8.05157146,-34.94950774,147,1.4299999475479126,60.0
2023-11-17T23:26:16Z,walk,2023-11-17T23:42:47Z,-8.05157346,-34.94949642,147,1.4299999475479126,60.0
2023-11-17T23:26:16Z,walk,2023-11-17T23:42:48Z,-8.05157578,-34.94948508,147,1.4299999475479126,60.0
2023-11-17T23:26:16Z,walk,2023-11-17T23:42:49Z,-8.05157611,-34.94947508,147,1.4199999570846558,60.0
2023-11-17T23:26:16Z,walk,2023-11-17T23:42:50Z,-8.05157445,-34.94946442,146,1.4199999570846558,61.0
2023-11-17T23:26:16Z,walk,2023-11-17T23:42:51Z,-8.05157245,-34.94945243,147,1.4199999570846558,60.0
2023-11-17T23:26:16Z,walk,2023-11-17T23:42:52Z,-8.05157178,-34.94943943,148,1.409999966621399,60.0
2023-11-17T23:26:16Z,walk,2023-11-17T23:42:53Z,-8.05157311,-34.94942444,148,1.409999966621399,60.0
2023-11-17T23:26:16Z,walk,2023-11-17T23:42:54Z,-8.05157544,-34.9494081,148,1.409999966621399,60.0
2023-11-17T23:26:16Z,walk,2023-11-17T23:42:55Z,-8.05157843,-34.94939111,149,1.409999966621399,60.0
2023-11-17T23:26:16Z,walk,2023-11-17T23:42:56Z,-8.05158075,-34.94937445,149,1.399999976158142,60.0
2023-11-17T23:26:16Z,walk,2023-11-17T23:42:57Z,-8.05158175,-34.94935812,152,1.399999976158142,59.0
2023-11-17T23:26:16Z,walk,2023-11-17T23:42:58Z,-8.05158142,-34.94934146,150,1.399999976158142,60.0
2023-11-17T23:26:16Z,walk,2023-11-17T23:42:59Z,-8.05158109,-34.94932546,150,1.399999976158142,60.0
2023-11-17T23:26:16Z,walk,2023-11-17T23:43:00Z,-8.05158208,-34.94931047,150,1.409999966621399,61.0
2023-11-17T23:26:16Z,walk,2023-11-17T23:43:01Z,-8.05158308,-34.9492958,149,1.4199999570846558,61.0
2023-11-17T23:26:16Z,walk,2023-11-17T23:43:02Z,-8.05158275,-34.94928214,149,1.4199999570846558,61.0
2023-11-17T23:26:16Z,walk,2023-11-17T23:43:03Z,-8.05158275,-34.94926981,149,1.4299999475479126,61.0
2023-11-17T23:26:16Z,walk,2023-11-17T23:43:04Z,-8.05158308,-34.94925749,150,1.440000057220459,59.0
2023-11-17T23:26:16Z,walk,2023-11-17T23:43:05Z,-8.05158508,-34.94924715,150,1.440000057220459,59.0
2023-11-17T23:26:16Z,walk,2023-11-17T23:43:06Z,-8.05158807,-34.94923716,150,1.440000057220459,59.0
2023-11-17T23:26:16Z,walk,2023-11-17T23:43:07Z,-8.05158973,-34.94922584,151,1.4500000476837158,60.0
2023-11-17T23:26:16Z,walk,2023-11-17T23:43:08Z,-8.05159173,-34.94921317,153,1.4500000476837158,60.0
2023-11-17T23:26:16Z,walk,2023-11-17T23:43:09Z,-8.05159472,-34.94920217,153,1.4500000476837158,60.0
2023-11-17T23:26:16Z,walk,2023-11-17T23:43:10Z,-8.05159939,-34.94919252,152,1.4500000476837158,60.0
2023-11-17T23:26:16Z,walk,2023-11-17T23:43:11Z,-8.05160571,-34.94918152,152,1.4500000476837158,60.0
2023-11-17T23:26:16Z,walk,2023-11-17T23:43:12Z,-8.05161237,-34.94916986,151,1.440000057220459,60.0
2023-11-17T23:26:16Z,walk,2023-11-17T23:43:13Z,-8.0516197,-34.94915886,151,1.440000057220459,60.0
2023-11-17T23:26:16Z,walk,2023-11-17T23:43:14Z,-8.05162702,-34.94914919,151,1.440000057220459,60.0
2023-11-17T23:26:16Z,walk,2023-11-17T23:43:15Z,-8.05163435,-34.94913954,151,1.4299999475479126,60.0
2023-11-17T23:26:16Z,walk,2023-11-17T23:43:16Z,-8.05164001,-34.94912887,151,1.4299999475479126,60.0
2023-11-17T23:26:16Z,walk,2023-11-17T23:43:16Z,-8.05164634,-34.94911721,151,1.4299999475479126,60.0
2023-11-17T23:26:16Z,walk,2023-11-17T23:43:17Z,-8.051652,-34.94910355,151,1.4199999570846558,60.0
2023-11-17T23:26:16Z,walk,2023-11-17T23:43:18Z,-8.05165767,-34.94909021,150,1.4199999570846558,59.0
2023-11-17T23:26:16Z,walk,2023-11-17T23:43:19Z,-8.05166233,-34.94907689,150,1.4199999570846558,59.0
2023-11-17T23:26:16Z,walk,2023-11-17T23:43:20Z,-8.05166666,-34.94906289,151,1.409999966621399,60.0
2023-11-17T23:26:16Z,walk,2023-11-17T23:43:21Z,-8.05167065,-34.94904856,154,1.409999966621399,60.0
2023-11-17T23:26:16Z,walk,2023-11-17T23:43:22Z,-8.05167098,-34.94903423,154,1.409999966621399,60.0
2023-11-17T23:26:16Z,walk,2023-11-17T23:43:23Z,-8.05166833,-34.94902124,154,1.409999966621399,60.0
2023-11-17T23:26:16Z,walk,2023-11-17T23:43:24Z,-8.05166334,-34.94900758,154,1.409999966621399,60.0
2023-11-17T23:26:16Z,walk,2023-11-17T23:43:25Z,-8.05165867,-34.94899325,154,1.409999966621399,60.0
2023-11-17T23:26:16Z,walk,2023-11-17T23:43:26Z,-8.05165501,-34.94897792,155,1.4199999570846558,60.0
2023-11-17T23:26:16Z,walk,2023-11-17T23:43:27Z,-8.05165236,-34.94896193,155,1.4199999570846558,60.0
2023-11-17T23:26:16Z,walk,2023-11-17T23:43:28Z,-8.05165003,-34.94894461,155,1.4299999475479126,60.0
2023-11-17T23:26:16Z,walk,2023-11-17T23:43:29Z,-8.05164904,-34.94892894,155,1.4299999475479126,60.0
2023-11-17T23:26:16Z,walk,2023-11-17T23:43:30Z,-8.05164838,-34.94891361,155,1.4299999475479126,60.0
2023-11-17T23:26:16Z,walk,2023-11-17T23:43:31Z,-8.05164871,-34.94889928,155,1.440000057220459,60.0
2023-11-17T23:26:16Z,walk,2023-11-17T23:43:32Z,-8.05165037,-34.94888563,154,1.4500000476837158,60.0
2023-11-17T23:26:16Z,walk,2023-11-17T23:43:33Z,-8.05165302,-34.94887096,153,1.4600000381469727,60.0
2023-11-17T23:26:16Z,walk,2023-11-17T23:43:34Z,-8.05165502,-34.9488553,153,1.4700000286102295,60.0
2023-11-17T23:26:16Z,walk,2023-11-17T23:43:35Z,-8.05165636,-34.94884031,153,1.4700000286102295,60.0
2023-11-17T23:26:16Z,walk,2023-11-17T23:43:36Z,-8.05165868,-34.94882631,153,1.4800000190734863,59.0
2023-11-17T23:26:16Z,walk,2023-11-17T23:43:37Z,-8.05166,-34.94881331,153,1.4900000095367432,59.0
2023-11-17T23:26:16Z,walk,2023-11-17T23:43:38Z,-8.05166166,-34.94880098,154,1.4900000095367432,59.0
2023-11-17T23:26:16Z,walk,2023-11-17T23:43:39Z,-8.05166499,-34.94879066,155,1.5,59.0
2023-11-17T23:26:16Z,walk,2023-11-17T23:43:40Z,-8.05167033,-34.94878167,155,1.5,59.0
2023-11-17T23:26:16Z,walk,2023-11-17T23:43:41Z,-8.05167465,-34.94877167,155,1.5,59.0
2023-11-17T23:26:16Z,walk,2023-11-17T23:43:42Z,-8.05167865,-34.948761,155,1.5,59.0
